Date/Time,PERIMETER_TOP_ZN_3:Zone Outdoor Air Drybulb Temperature [C](Each Call),PERIMETER_TOP_ZN_3:Zone Mean Air Temperature [C](Each Call),CUSTOM_ZONE_CLGT_SETPOINT:Schedule Value [](Each Call),PERIMETER_TOP_ZN_3 VAV BOX OUTLET NODE:System Node Temperature [C](Each Call),PERIMETER_TOP_ZN_3 VAV BOX OUTLET NODE:System Node Mass Flow Rate [kg/s](Each Call) 
 01/21  00:05:00,,,,35.6591276332249,0.241964152852291 
 01/21  00:10:00,,,,17.0043699581608,0.241964152852291 
 01/21  00:15:00,8.64932348607993,15.5857651132838,30.,24.9603455031214,0.241964152852291 
 01/21  00:30:00,8.64932348607993,15.6000067900925,30.,22.3432377679303,0.241964152852291 
 01/21  00:33:45,,,,14.0297028266466,0.0 
 01/21  00:37:30,,,,13.8878419077721,0.0 
 01/21  00:41:15,,,,13.7278500846487,0.0 
 01/21  00:45:00,8.64932348607993,14.6836503105519,30.,13.5802624784688,0.0 
 01/21  00:50:00,,,,35.7083523776297,0.241964152852291 
 01/21  00:55:00,,,,16.993050222606,0.241964152852291 
 01/21  01:00:00,8.64932348607993,15.5857112053518,30.,24.9743082345868,0.241964152852291 
 01/21  01:15:00,8.64932348607993,15.6000041112909,30.,22.370655747406,0.241964152852291 
 01/21  01:18:45,,,,14.0273455452126,0.0 
 01/21  01:22:30,,,,13.8853479593231,0.0 
 01/21  01:26:15,,,,13.7252620643308,0.0 
 01/21  01:30:00,8.64932348607993,14.6809216631364,30.,13.5775940178839,0.0 
 01/21  01:35:00,,,,35.7530216756429,0.241964152852291 
 01/21  01:40:00,,,,16.9822157336419,0.241964152852291 
 01/21  01:45:00,8.64932348607993,15.5856619311585,30.,24.9866489058818,0.241964152852291 
 01/21  02:00:00,8.64932348607993,15.6000020726351,30.,22.3959354977268,0.241964152852291 
 01/21  02:03:45,,,,14.0252179980688,0.0 
 01/21  02:07:30,,,,13.8830972215667,0.0 
 01/21  02:11:15,,,,13.7229237191984,0.0 
 01/21  02:15:00,8.64932348607993,14.6784081625447,30.,13.5751813399843,0.0 
 01/21  02:20:00,,,,35.7938236419021,0.241964152852291 
 01/21  02:25:00,,,,16.9718976170585,0.241964152852291 
 01/21  02:30:00,8.64932348607993,15.5856166513657,30.,24.9976736387141,0.241964152852291 
 01/21  02:45:00,8.64932348607993,15.6000005007587,30.,22.4193039803915,0.241964152852291 
 01/21  02:48:45,,,,14.0232751055003,0.0 
 01/21  02:52:30,,,,13.8810419279235,0.0 
 01/21  02:56:15,,,,13.7207866421184,0.0 
 01/21  03:00:00,8.64932348607993,14.676086445741,30.,13.5729752366785,0.0 
 01/21  03:05:00,,,,35.8312555987912,0.241964152852291 
 01/21  03:10:00,,,,16.9621164534245,0.241964152852291 
 01/21  03:15:00,8.64932348607993,15.5855749013024,30.,25.007602403478,0.241964152852291 
 01/21  03:30:00,8.64932348607993,15.5999992724064,30.,22.4409425145429,0.241964152852291 
 01/21  03:33:45,,,,14.0214866288501,0.0 
 01/21  03:37:30,,,,13.879150033738,0.0 
 01/21  03:41:15,,,,13.7188183577541,0.0 
 01/21  03:45:00,8.64932348607993,14.6739379492505,30.,13.5709427016379,0.0 
 01/21  03:50:00,,,,35.8656990217932,0.241964152852291 
 01/21  03:55:00,,,,16.9528750396967,0.241964152852291 
 01/21  04:00:00,8.64932348607993,15.5855363141625,30.,25.0165962056299,0.241964152852291 
 01/21  04:15:00,8.64932348607993,15.5999982997623,30.,22.4610047639912,0.241964152852291 
 01/21  04:18:45,,,,14.0198315438884,0.0 
 01/21  04:22:30,,,,13.8773992583155,0.0 
 01/21  04:26:15,,,,13.7169961931081,0.0 
 01/21  04:30:00,8.64932348607993,14.6719470269825,30.,13.5690606314737,0.0 
 01/21  04:35:00,,,,35.8974626347189,0.241964152852291 
 01/21  04:40:00,,,,16.9441630038161,0.241964152852291 
 01/21  04:45:00,8.64932348607993,15.5855005852076,30.,25.0247779416377,0.241964152852291 
 01/21  05:00:00,8.64932348607993,15.5999975199615,30.,22.4796252941878,0.241964152852291 
 01/21  05:03:45,,,,14.0182944043202,0.0 
 01/21  05:07:30,,,,13.8757732383403,0.0 
 01/21  05:11:15,,,,13.7153034128749,0.0 
 01/21  05:15:00,8.64932348607993,14.6701000365762,30.,13.5673119198154,0.0 
 01/21  05:20:00,,,,35.9268061839212,0.241964152852291 
 01/21  05:25:00,,,,16.9359618820004,0.241964152852291 
 01/21  05:30:00,8.64932348607993,15.5854674533317,30.,25.032245366538,0.241964152852291 
 01/21  05:45:00,8.64932348607993,15.5999968876561,30.,22.4969240442929,0.241964152852291 
 01/21  05:48:45,,,,14.0168632092037,0.0 
 01/21  05:52:30,,,,13.8742592669663,0.0 
 01/21  05:56:15,,,,13.713726962384,0.0 
 01/21  06:00:00,8.64932348607993,14.668384858826,30.,13.5656831856838,0.0 
 01/21  06:05:00,,,,35.1802095178635,0.241964152852291 
 01/21  06:10:00,,,,16.1602317618048,0.241964152852291 
 01/21  06:15:00,8.64932348607993,15.5853601566042,16.,24.2628831279817,0.241964152852291 
 01/21  06:22:30,,,,27.0707958845898,0.241964152852291 
 01/21  06:30:00,8.64932348607993,15.5996020649439,16.,23.4634936545384,0.241964152852291 
 01/21  06:45:00,8.64932348607993,15.6000194377997,16.,26.2267871043776,0.241964152852291 
 01/21  07:00:00,8.64932348607993,15.6000323728978,16.,25.1080699018093,0.241964152852291 
 01/21  07:15:00,8.64932348607993,15.6000455821166,16.,24.9422124795634,0.241964152852291 
 01/21  07:30:00,8.64932348607993,15.6000541136354,16.,24.8042740251013,0.241964152852291 
 01/21  07:45:00,8.64932348607993,15.600066362108,16.,24.713095782937,0.241964152852291 
 01/21  08:00:00,8.64932348607993,15.600079516678,16.,24.6419830780257,0.241964152852291 
 01/21  08:15:00,8.64932348607993,15.6000901400067,16.,24.5837323443239,0.241964152852291 
 01/21  08:30:00,8.64932348607993,15.600097374989,16.,24.5155260164232,0.241964152852291 
 01/21  08:45:00,8.64932348607993,15.6001094691459,16.,24.4756235964231,0.241964152852291 
 01/21  09:00:00,8.64932348607993,15.6001228753333,16.,24.4405041827158,0.241964152852291 
 01/21  09:15:00,8.64932348607993,15.6001337650307,16.,24.4095440009581,0.241964152852291 
 01/21  09:30:00,8.64932348607993,15.6001409719314,16.,24.349640115111,0.241964152852291 
 01/21  09:45:00,8.64932348607993,15.6001565785677,16.,24.3248303752922,0.241964152852291 
 01/21  10:00:00,8.64932348607993,15.6001747572917,16.,24.3021589504921,0.241964152852291 
 01/21  10:15:00,8.64932348607993,15.6001895344534,16.,24.2813061699688,0.241964152852291 
 01/21  10:30:00,8.64932348607993,15.600199786286,16.,24.2727491470558,0.241964152852291 
 01/21  10:45:00,8.64932348607993,15.6002032178678,16.,24.2546891359037,0.241964152852291 
 01/21  11:00:00,8.64932348607993,15.6002038580501,16.,24.2377528726018,0.241964152852291 
 01/21  11:15:00,8.64932348607993,15.6002047324588,16.,24.2217625798716,0.241964152852291 
 01/21  11:30:00,8.64932348607993,15.6002061325293,16.,24.1850425226257,0.241964152852291 
 01/21  11:45:00,8.64932348607993,15.6002150525191,16.,24.1706157420428,0.241964152852291 
 01/21  12:00:00,8.64932348607993,15.6002262500087,16.,24.1567715470982,0.241964152852291 
 01/21  12:15:00,8.64932348607993,15.6002352131267,16.,24.1434977960973,0.241964152852291 
 01/21  12:30:00,8.64932348607993,15.6002413841293,16.,24.1469112615915,0.241964152852291 
 01/21  12:45:00,8.64932348607993,15.6002401387935,16.,24.1346306117493,0.241964152852291 
 01/21  13:00:00,8.64932348607993,15.6002361914928,16.,24.1228444378496,0.241964152852291 
 01/21  13:15:00,8.64932348607993,15.6002333406244,16.,24.1124204950189,0.241964152852291 
 01/21  13:30:00,8.64932348607993,15.6002324352804,16.,24.1075688933986,0.241964152852291 
 01/21  13:45:00,8.64932348607993,15.6002308019807,16.,24.098489805087,0.241964152852291 
 01/21  14:00:00,8.64932348607993,15.6002287332801,16.,24.0888271114764,0.241964152852291 
 01/21  14:15:00,8.64932348607993,15.6002270163898,16.,24.0802468556663,0.241964152852291 
 01/21  14:30:00,8.64932348607993,15.600226222123,16.,24.0901051762309,0.241964152852291 
 01/21  14:45:00,8.64932348607993,15.6002187442378,16.,24.0803773527933,0.241964152852291 
 01/21  15:00:00,8.64932348607993,15.6002090432209,16.,24.0720299726469,0.241964152852291 
 01/21  15:15:00,8.64932348607993,15.6002012886042,16.,24.0639589113272,0.241964152852291 
 01/21  15:30:00,8.64932348607993,15.600196552249,16.,24.0665484483417,0.241964152852291 
 01/21  15:45:00,8.64932348607993,15.6001901334377,16.,24.058725323119,0.241964152852291 
 01/21  16:00:00,8.64932348607993,15.6001832639634,16.,24.05108584847,0.241964152852291 
 01/21  16:15:00,8.64932348607993,15.6001775785457,16.,24.0436283383803,0.241964152852291 
 01/21  16:30:00,8.64932348607993,15.6001734074326,16.,24.0311981409362,0.241964152852291 
 01/21  16:45:00,8.64932348607993,15.6001721532377,16.,24.0233371984167,0.241964152852291 
 01/21  17:00:00,8.64932348607993,15.6001721452566,16.,24.0151028147161,0.241964152852291 
 01/21  17:15:00,8.64932348607993,15.6001720314699,16.,24.0078349789757,0.241964152852291 
 01/21  17:30:00,8.64932348607993,15.6001720031712,16.,24.0384348772915,0.241964152852291 
 01/21  17:45:00,8.64932348607993,15.6001593913526,16.,24.0318921324347,0.241964152852291 
 01/21  18:00:00,8.64932348607993,15.6001425023083,16.,24.0255486047373,0.241964152852291 
 01/21  18:05:00,,,,14.2758191227555,0.0 
 01/21  18:10:00,,,,14.1234784010233,0.0 
 01/21  18:15:00,8.64932348607993,15.1345769113388,16.,40.5687605525619,0.241964152852291 
 01/21  18:22:30,,,,28.6636481831008,0.241964152852291 
 01/21  18:30:00,8.64932348607993,15.5867806823168,16.,22.9684621084057,0.241964152852291 
 01/21  18:35:00,,,,14.0838189153055,0.0 
 01/21  18:40:00,,,,13.9361160496321,0.0 
 01/21  18:45:00,8.64932348607993,14.7298963954586,16.,13.7681544009221,0.0 
 01/21  18:50:00,,,,40.0469525781736,0.241964152852291 
 01/21  18:55:00,,,,16.6449139766502,0.241964152852291 
 01/21  19:00:00,8.64932348607993,15.49552572383,16.,23.10724404918,0.241964152852291 
 01/21  19:15:00,8.64932348607993,15.6000607322702,16.,22.648470713755,0.241964152852291 
 01/21  19:18:45,,,,14.0135786156507,0.0 
 01/21  19:22:30,,,,13.8848976719815,0.0 
 01/21  19:26:15,,,,13.7442288478881,0.0 
 01/21  19:30:00,8.64932348607993,14.7205435818028,16.,13.6114503980751,0.0 
 01/21  19:35:00,,,,34.9931756543127,0.241964152852291 
 01/21  19:40:00,,,,17.0297735646309,0.241964152852291 
 01/21  19:45:00,8.64932348607993,15.586368748001,16.,24.6951137102143,0.241964152852291 
 01/21  20:00:00,8.64932348607993,15.6000656385177,16.,22.0539315961197,0.241964152852291 
 01/21  20:03:45,,,,14.0609488178899,0.0 
 01/21  20:07:30,,,,13.9203227184266,0.0 
 01/21  20:11:15,,,,13.7621936485674,0.0 
 01/21  20:15:00,8.64932348607993,14.7112203455388,16.,13.6160009720366,0.0 
 01/21  20:20:00,,,,35.2248000476363,0.241964152852291 
 01/21  20:25:00,,,,17.0709520996951,0.241964152852291 
 01/21  20:30:00,8.64932348607993,15.5862098433171,16.,24.8171125699611,0.241964152852291 
 01/21  20:45:00,8.64932348607993,15.6000442319124,16.,22.1443956908194,0.241964152852291 
 01/21  20:48:45,,,,14.0530808109626,0.0 
 01/21  20:52:30,,,,13.9123928399596,0.0 
 01/21  20:56:15,,,,13.7528758477784,0.0 
 01/21  21:00:00,8.64932348607993,14.7034281097763,16.,13.6057362617098,0.0 
 01/21  21:05:00,,,,35.3658939110709,0.241964152852291 
 01/21  21:10:00,,,,17.0532983669439,0.241964152852291 
 01/21  21:15:00,8.64932348607993,15.5860695287132,16.,24.8660811240988,0.241964152852291 
 01/21  21:30:00,8.64932348607993,15.6000307930347,16.,22.199342896588,0.241964152852291 
 01/21  21:33:45,,,,14.0453812121206,0.0 
 01/21  21:37:30,,,,13.9043129671633,0.0 
 01/21  21:41:15,,,,13.7445752786486,0.0 
 01/21  21:45:00,8.64932348607993,14.6978491059963,16.,13.5972374952341,0.0 
 01/21  21:50:00,,,,35.4678059019556,0.241964152852291 
 01/21  21:55:00,,,,17.0414710782322,0.241964152852291 
 01/21  22:00:00,8.64932348607993,15.5859697572996,16.,24.9019982414313,0.241964152852291 
 01/21  22:15:00,8.64932348607993,15.6000216802181,30.,22.2433112776601,0.241964152852291 
 01/21  22:18:45,,,,14.0396667558919,0.0 
 01/21  22:22:30,,,,13.8982722425169,0.0 
 01/21  22:26:15,,,,13.738412545113,0.0 
 01/21  22:30:00,8.64932348607993,14.6934166852625,30.,13.5909514433542,0.0 
 01/21  22:35:00,,,,35.5472382983877,0.241964152852291 
 01/21  22:40:00,,,,17.0305722311526,0.241964152852291 
 01/21  22:45:00,8.64932348607993,15.5858902171249,30.,24.9289660546517,0.241964152852291 
 01/21  23:00:00,8.64932348607993,15.6000151481037,30.,22.2808969922266,0.241964152852291 
 01/21  23:03:45,,,,14.0353527313984,0.0 
 01/21  23:07:30,,,,13.8938337694273,0.0 
 01/21  23:11:15,,,,13.7340433060818,0.0 
 01/21  23:15:00,8.64932348607993,14.6898378000629,30.,13.5866357447559,0.0 
 01/21  23:20:00,,,,35.6054292767733,0.241964152852291 
 01/21  23:25:00,,,,17.0160177656383,0.241964152852291 
 01/21  23:30:00,8.64932348607993,15.5858235751083,30.,24.9447050309967,0.241964152852291 
 01/21  23:45:00,8.64932348607993,15.6000103535659,30.,22.3139474755738,0.241964152852291 
 01/21  23:48:45,,,,14.0322999619412,0.0 
 01/21  23:52:30,,,,13.8905905337665,0.0 
 01/21  23:56:15,,,,13.7306978630107,0.0 
 01/21  24:00:00,8.64932348607993,14.6865674024093,30.,13.58319619211,0.0 
 07/21  00:01:30,,,,12.8033624604562,0.241964152852291 
 07/21  00:03:00,,,,12.8002910095369,0.241964152852291 
 07/21  00:04:30,,,,12.800289900724,0.241964152852291 
 07/21  00:06:00,,,,12.8002922389256,0.241964152852291 
 07/21  00:07:30,,,,12.8002932727972,0.241964152852291 
 07/21  00:09:00,,,,12.8002925353652,0.241964152852291 
 07/21  00:10:30,,,,12.8002947861417,0.241964152852291 
 07/21  00:12:00,,,,12.8002971203742,0.241964152852291 
 07/21  00:13:30,,,,12.8002977861712,0.241964152852291 
 07/21  00:15:00,27.5548234860799,25.7680457571099,30.,12.8002983659537,0.241964152852291 
 07/21  00:18:00,,,,12.8002997264693,0.241964152852291 
 07/21  00:21:00,,,,12.8002976537597,0.241964152852291 
 07/21  00:24:00,,,,12.8002983549666,0.241964152852291 
 07/21  00:27:00,,,,12.8002994084213,0.241964152852291 
 07/21  00:30:00,27.4543234860799,25.5364786570317,30.,12.8003001960588,0.241964152852291 
 07/21  00:31:40,,,,26.076853404323,0.0 
 07/21  00:33:19,,,,26.0942301735813,0.0 
 07/21  00:35:00,,,,26.1117792377599,0.0 
 07/21  00:36:40,,,,26.1313691798042,0.0 
 07/21  00:38:19,,,,26.1493632814412,0.0 
 07/21  00:40:00,,,,26.1650348391886,0.0 
 07/21  00:41:40,,,,26.17870223125,0.0 
 07/21  00:43:19,,,,26.1907942149671,0.0 
 07/21  00:45:00,27.3538234860799,26.5393904944864,30.,26.2016023822871,0.0 
 07/21  00:47:08,,,,12.8005558088582,0.241964152852291 
 07/21  00:49:17,,,,12.8003101982183,0.241964152852291 
 07/21  00:51:25,,,,12.8003099347626,0.241964152852291 
 07/21  00:53:34,,,,12.8003099575492,0.241964152852291 
 07/21  00:55:42,,,,12.8003114821973,0.241964152852291 
 07/21  00:57:51,,,,12.8003114201073,0.241964152852291 
 07/21  01:00:00,27.2533234860799,25.6783801172574,30.,12.8003113428342,0.241964152852291 
 07/21  01:03:00,,,,12.8003113972012,0.241964152852291 
 07/21  01:06:00,,,,12.8003107761964,0.241964152852291 
 07/21  01:09:00,,,,12.8003106303018,0.241964152852291 
 07/21  01:12:00,,,,12.800311920111,0.241964152852291 
 07/21  01:15:00,27.1863234860799,25.4994598421336,30.,12.8003114854139,0.241964152852291 
 07/21  01:16:30,,,,26.0490437332387,0.0 
 07/21  01:18:00,,,,26.065805391966,0.0 
 07/21  01:19:30,,,,26.0826455825998,0.0 
 07/21  01:21:00,,,,26.1015985085713,0.0 
 07/21  01:22:30,,,,26.1191610323755,0.0 
 07/21  01:24:00,,,,26.1346072055327,0.0 
 07/21  01:25:30,,,,26.1482128887463,0.0 
 07/21  01:27:00,,,,26.1603652930911,0.0 
 07/21  01:28:30,,,,26.1713260099095,0.0 
 07/21  01:30:00,27.1193234860799,26.5169965985782,30.,26.1812480642164,0.0 
 07/21  01:32:08,,,,12.8005678168376,0.241964152852291 
 07/21  01:34:17,,,,12.8003213603832,0.241964152852291 
 07/21  01:36:25,,,,12.800320398466,0.241964152852291 
 07/21  01:38:34,,,,12.8003197527627,0.241964152852291 
 07/21  01:40:42,,,,12.8003205443256,0.241964152852291 
 07/21  01:42:51,,,,12.8003198265005,0.241964152852291 
 07/21  01:45:00,27.0523234860799,25.6573831031315,30.,12.8003191759197,0.241964152852291 
 07/21  01:48:00,,,,12.8003194322761,0.241964152852291 
 07/21  01:51:00,,,,12.800319474734,0.241964152852291 
 07/21  01:54:00,,,,12.8003189170838,0.241964152852291 
 07/21  01:57:00,,,,12.8003194602089,0.241964152852291 
 07/21  02:00:00,26.9853234860799,25.4879826569617,30.,12.8003183555876,0.241964152852291 
 07/21  02:01:30,,,,26.0312705207646,0.0 
 07/21  02:03:00,,,,26.0477997486422,0.0 
 07/21  02:04:30,,,,26.0645156317591,0.0 
 07/21  02:06:00,,,,26.0833207773767,0.0 
 07/21  02:07:30,,,,26.1007607630233,0.0 
 07/21  02:09:00,,,,26.1161179339139,0.0 
 07/21  02:10:30,,,,26.1296620834893,0.0 
 07/21  02:12:00,,,,26.1417731692519,0.0 
 07/21  02:13:30,,,,26.1527077971757,0.0 
 07/21  02:15:00,26.9350734860799,26.5079037333485,30.,26.1626159157092,0.0 
 07/21  02:17:08,,,,12.8005751856444,0.241964152852291 
 07/21  02:19:17,,,,12.8003282616073,0.241964152852291 
 07/21  02:21:25,,,,12.8003269113094,0.241964152852291 
 07/21  02:23:34,,,,12.8003259097648,0.241964152852291 
 07/21  02:25:42,,,,12.8003262993286,0.241964152852291 
 07/21  02:27:51,,,,12.8003252262278,0.241964152852291 
 07/21  02:30:00,26.8848234860799,25.645141083811,30.,12.8003242650163,0.241964152852291 
 07/21  02:33:00,,,,12.8003244202906,0.241964152852291 
 07/21  02:36:00,,,,12.8003247862204,0.241964152852291 
 07/21  02:39:00,,,,12.8003240030753,0.241964152852291 
 07/21  02:42:00,,,,12.8003241374707,0.241964152852291 
 07/21  02:45:00,26.8345734860799,25.4812611815784,30.,12.8003226690338,0.241964152852291 
 07/21  02:46:30,,,,26.0190722817726,0.0 
 07/21  02:48:00,,,,26.0352782134604,0.0 
 07/21  02:49:30,,,,26.0517412250951,0.0 
 07/21  02:51:00,,,,26.0702697115935,0.0 
 07/21  02:52:30,,,,26.0874774773963,0.0 
 07/21  02:54:00,,,,26.1026575280741,0.0 
 07/21  02:55:30,,,,26.1160700678562,0.0 
 07/21  02:57:00,,,,26.1280839599089,0.0 
 07/21  02:58:30,,,,26.1389480704213,0.0 
 07/21  03:00:00,26.7843234860799,26.5024916725157,30.,26.1488074072083,0.0 
 07/21  03:02:08,,,,12.800580124698,0.241964152852291 
 07/21  03:04:17,,,,12.8003329095299,0.241964152852291 
 07/21  03:06:25,,,,12.8003313395692,0.241964152852291 
 07/21  03:08:34,,,,12.8003301469707,0.241964152852291 
 07/21  03:10:42,,,,12.8003303084545,0.241964152852291 
 07/21  03:12:51,,,,12.8003290372476,0.241964152852291 
 07/21  03:15:00,26.7340734860799,25.636077538576,30.,12.8003279026808,0.241964152852291 
 07/21  03:18:00,,,,12.8003281651889,0.241964152852291 
 07/21  03:21:00,,,,12.8003286787344,0.241964152852291 
 07/21  03:24:00,,,,12.8003277722915,0.241964152852291 
 07/21  03:27:00,,,,12.8003276711144,0.241964152852291 
 07/21  03:30:00,26.6838234860799,25.4760608884257,30.,12.8003259968712,0.241964152852291 
 07/21  03:31:30,,,,26.0107219933345,0.0 
 07/21  03:33:00,,,,26.0266211539787,0.0 
 07/21  03:34:30,,,,26.0428294428918,0.0 
 07/21  03:36:00,,,,26.0610841045557,0.0 
 07/21  03:37:30,,,,26.0780638946495,0.0 
 07/21  03:39:00,,,,26.0930715263623,0.0 
 07/21  03:40:30,,,,26.1063575503957,0.0 
 07/21  03:42:00,,,,26.1182798142076,0.0 
 07/21  03:43:30,,,,26.1290794540501,0.0 
 07/21  03:45:00,26.6335734860799,26.4983151726785,30.,26.1388964807374,0.0 
 07/21  03:47:08,,,,12.800583902208,0.241964152852291 
 07/21  03:49:17,,,,12.800334690779,0.241964152852291 
 07/21  03:51:25,,,,12.8003347833763,0.241964152852291 
 07/21  03:53:34,,,,12.8003334863074,0.241964152852291 
 07/21  03:55:42,,,,12.8003335104574,0.241964152852291 
 07/21  03:57:51,,,,12.8003321227143,0.241964152852291 
 07/21  04:00:00,26.5833234860799,25.6278249556153,30.,12.8003308851906,0.241964152852291 
 07/21  04:05:00,,,,12.8003309889306,0.241964152852291 
 07/21  04:10:00,,,,12.8003331022477,0.241964152852291 
 07/21  04:15:00,26.5498234860799,25.4943290112915,30.,12.8003312747087,0.241964152852291 
 07/21  04:16:30,,,,26.0160095740107,0.0 
 07/21  04:18:00,,,,26.0307924189975,0.0 
 07/21  04:19:30,,,,26.0465726337343,0.0 
 07/21  04:21:00,,,,26.0643225199878,0.0 
 07/21  04:22:30,,,,26.0809571178334,0.0 
 07/21  04:24:00,,,,26.0958133587273,0.0 
 07/21  04:25:30,,,,26.1091049564454,0.0 
 07/21  04:27:00,,,,26.1211481257367,0.0 
 07/21  04:28:30,,,,26.1321547745126,0.0 
 07/21  04:30:00,26.5163234860799,26.5060130768575,30.,26.1422460160094,0.0 
 07/21  04:32:08,,,,12.8005886624586,0.241964152852291 
 07/21  04:34:17,,,,12.8003390178448,0.241964152852291 
 07/21  04:36:25,,,,12.8003358107742,0.241964152852291 
 07/21  04:38:34,,,,12.8003360246631,0.241964152852291 
 07/21  04:40:42,,,,12.8003359663417,0.241964152852291 
 07/21  04:42:51,,,,12.8003345011615,0.241964152852291 
 07/21  04:45:00,26.4828234860799,25.6300411877785,30.,12.8003331938365,0.241964152852291 
 07/21  04:48:45,,,,12.8003333590405,0.241964152852291 
 07/21  04:52:30,,,,12.8003338808526,0.241964152852291 
 07/21  04:56:15,,,,12.8003341318396,0.241964152852291 
 07/21  05:00:00,26.4493234860799,25.481677467035,30.,12.8003318132188,0.241964152852291 
 07/21  05:01:30,,,,26.0135471311695,0.0 
 07/21  05:03:00,,,,26.0286781807803,0.0 
 07/21  05:04:30,,,,26.0444440601966,0.0 
 07/21  05:06:00,,,,26.0622171173683,0.0 
 07/21  05:07:30,,,,26.0788393720053,0.0 
 07/21  05:09:00,,,,26.0936356792664,0.0 
 07/21  05:10:30,,,,26.1068294347138,0.0 
 07/21  05:12:00,,,,26.1187482882656,0.0 
 07/21  05:13:30,,,,26.1296120527271,0.0 
 07/21  05:15:00,26.4828234860799,26.5031089008568,30.,26.1395467664676,0.0 
 07/21  05:17:08,,,,13.3847974825138,0.675878278563681 
 07/21  05:19:17,,,,12.1619955905712,0.241964152852291 
 07/21  05:21:25,,,,12.7412788793655,0.241964152852291 
 07/21  05:23:34,,,,12.8002978309726,0.241964152852291 
 07/21  05:25:42,,,,12.8003244180941,0.241964152852291 
 07/21  05:27:51,,,,12.8003233543493,0.241964152852291 
 07/21  05:30:00,26.5163234860799,25.1431152087469,30.,12.8003226523361,0.241964152852291 
 07/21  05:35:00,,,,12.8261610652338,0.241964152852291 
 07/21  05:40:00,,,,12.7748120304198,0.241964152852291 
 07/21  05:45:00,26.5498234860799,25.3465231854193,30.,12.8003104194912,0.241964152852291 
 07/21  05:46:21,,,,25.9151026024767,0.0 
 07/21  05:47:43,,,,25.9346313127457,0.0 
 07/21  05:49:05,,,,25.9529672576037,0.0 
 07/21  05:50:27,,,,25.9740223185795,0.0 
 07/21  05:51:49,,,,25.9937282967541,0.0 
 07/21  05:53:10,,,,26.0112060696122,0.0 
 07/21  05:54:32,,,,26.0267334518498,0.0 
 07/21  05:55:54,,,,26.0407239723862,0.0 
 07/21  05:57:16,,,,26.0534533836944,0.0 
 07/21  05:58:38,,,,26.0650773097929,0.0 
 07/21  06:00:00,26.5833234860799,26.4795566990463,30.,26.0756950201759,0.0 
 07/21  06:02:08,,,,13.5767081793938,0.806547176174302 
 07/21  06:04:17,,,,12.1983302791029,0.412450604157352 
 07/21  06:06:25,,,,12.3409749318144,0.241964152852291 
 07/21  06:08:34,,,,12.8004015913206,0.241964152852291 
 07/21  06:10:42,,,,12.8754175891354,0.266843316157289 
 07/21  06:12:51,,,,12.7677204230651,0.335798915395817 
 07/21  06:15:00,26.7005734860799,25.0560423359087,16.,12.7982746043668,0.277689724304728 
 07/21  06:18:00,,,,13.3216302110053,0.527939090419938 
 07/21  06:21:00,,,,12.2707666544838,0.292868160131625 
 07/21  06:24:00,,,,13.030520794415,0.432643025888525 
 07/21  06:27:00,,,,12.7114472647125,0.390404091789331 
 07/21  06:30:00,26.8178234860799,25.0023733018118,16.,12.8028544468,0.39267143443676 
 07/21  06:35:00,,,,12.7696524811648,0.3980402238879 
 07/21  06:40:00,,,,12.7803756887431,0.392542768617804 
 07/21  06:45:00,26.9350734860799,25.0022692863536,16.,12.8140584620066,0.397466617486716 
 07/21  07:00:00,27.0523234860799,25.0037184031534,16.,12.8090366757573,0.406171280123519 
 07/21  07:05:00,,,,13.5477755695092,0.806547176174302 
 07/21  07:10:00,,,,12.1516787689934,0.536014847269004 
 07/21  07:15:00,27.3370734860799,24.1340483526413,16.,12.733057109599,0.574461338573622 
 07/21  07:22:30,,,,13.2260884879964,0.72047242710227 
 07/21  07:30:00,27.6218234860799,24.0133115565623,16.,12.2527016788315,0.544073100670504 
 07/21  07:45:00,27.9065734860799,24.0040091552202,16.,13.0720870436481,0.640194704080087 
 07/21  07:52:30,,,,12.8185228415992,0.616754797930498 
 07/21  08:00:00,28.1913234860799,24.002693264654,16.,12.7796867064579,0.610681831805717 
 07/21  08:15:00,28.5095734860799,24.0031558435262,16.,12.8107235897477,0.61006320684364 
 07/21  08:30:00,28.8278234860799,24.0031484045364,16.,12.8106189974854,0.610288377478422 
 07/21  08:45:00,29.1460734860799,24.002960360031,16.,12.8098925799497,0.610507147595359 
 07/21  09:00:00,29.4643234860799,24.0028301822417,16.,12.8114512213072,0.612253312926798 
 07/21  09:15:00,29.7490734860799,24.0027675835334,16.,12.8107433565378,0.614937794568252 
 07/21  09:30:00,30.0338234860799,24.0027409268394,16.,12.8109174866742,0.619141957573785 
 07/21  09:45:00,30.3185734860799,24.0027364198061,16.,12.8092605713499,0.624286835114845 
 07/21  10:00:00,30.6033234860799,24.0027404729043,16.,12.8090963026606,0.63150279116308 
 07/21  10:15:00,30.8545734860799,24.0027403430975,16.,12.8073002266575,0.63887092055301 
 07/21  10:30:00,31.1058234860799,24.0027384012295,16.,12.8066166122558,0.648091795778992 
 07/21  10:45:00,31.3570734860799,24.0027238192257,16.,12.8025902398956,0.654416285709201 
 07/21  11:00:00,31.6083234860799,24.002702669121,16.,12.8004280614793,0.659992338074778 
 07/21  11:15:00,31.7758234860799,24.0026804768959,16.,12.7966054051393,0.663920165745181 
 07/21  11:30:00,31.9433234860799,24.0026611565745,16.,12.7969790836079,0.668182442505238 
 07/21  11:45:00,32.1108234860799,24.0026689892051,16.,12.7932223929303,0.670813562428058 
 07/21  12:00:00,32.2783234860799,24.0026826231672,16.,12.7936868904714,0.673223213047983 
 07/21  12:15:00,32.4123234860799,24.0026912466197,16.,12.7946526774004,0.675153180346507 
 07/21  12:30:00,32.5463234860799,24.0027026474333,16.,12.8024366711781,0.679021006621841 
 07/21  12:45:00,32.6803234860799,24.0027563459035,16.,12.8100035210962,0.683094735579222 
 07/21  13:00:00,32.8143234860799,24.0028241085362,16.,12.8145324671077,0.687518775131456 
 07/21  13:15:00,32.8980734860799,24.002874960292,16.,12.8159655792576,0.691228838573119 
 07/21  13:30:00,32.9818234860799,24.0029011728726,16.,12.8166283153067,0.694346802058393 
 07/21  13:45:00,33.0655734860799,24.0029038035684,16.,12.8174531398896,0.697266377004887 
 07/21  13:52:30,,,,12.7968991223728,0.698597424155574 
 07/21  14:00:00,33.1493234860799,24.0021272217396,16.,12.7992407498673,0.698510826255821 
 07/21  14:15:00,33.1493234860799,24.0027426966163,16.,12.8173929487263,0.700316990053973 
 07/21  14:22:30,,,,12.7986249034629,0.697768950733241 
 07/21  14:30:00,33.1493234860799,24.0020875631629,16.,12.800721834914,0.697777214350147 
 07/21  14:45:00,33.1493234860799,24.0026184059705,16.,12.8105068261409,0.694626532104511 
 07/21  14:52:30,,,,12.7983034183272,0.692195851916992 
 07/21  15:00:00,33.1493234860799,24.0019702332577,16.,12.8012217746308,0.692211881510796 
 07/21  15:15:00,33.0488234860799,24.0025404912626,16.,12.8064760443217,0.690576491575387 
 07/21  15:22:30,,,,12.7993829263082,0.689927925581229 
 07/21  15:30:00,32.9483234860799,24.0019419447034,16.,12.8011279623264,0.68989925905685 
 07/21  15:45:00,32.8478234860799,24.0025139641526,16.,12.7994771081879,0.690277753614287 
 07/21  15:52:30,,,,12.8009505984894,0.692374678146973 
 07/21  16:00:00,32.7473234860799,24.001912654452,16.,12.7987880402979,0.692097643826893 
 07/21  16:15:00,32.6133234860799,24.0024912166159,16.,12.7932383465826,0.693549711794499 
 07/21  16:22:30,,,,12.8018471437793,0.697962729357177 
 07/21  16:30:00,32.4793234860799,24.0019057308929,16.,12.7983028535328,0.697586317818666 
 07/21  16:45:00,32.3453234860799,24.0025244232709,16.,12.7844243160152,0.698782939145743 
 07/21  16:52:30,,,,12.8041627869539,0.701949109524272 
 07/21  17:00:00,32.2113234860799,24.0019231548177,16.,12.797636248337,0.70139571358498 
 07/21  17:15:00,32.0438234860799,24.0025016230908,16.,12.7627338145185,0.694184422484126 
 07/21  17:30:00,31.8763234860799,24.0025552524473,16.,12.7693135131246,0.689722277153841 
 07/21  17:45:00,31.7088234860799,24.0024788953967,16.,12.766430789141,0.682803257692832 
 07/21  18:00:00,31.5413234860799,24.00237501666,16.,12.7597490281617,0.671232446780187 
 07/21  18:15:00,31.2900734860799,24.0022822793949,16.,12.756065425813,0.65285513454602 
 07/21  18:30:00,31.0388234860799,24.002183551646,16.,12.7416707542538,0.621546121035261 
 07/21  18:45:00,30.7875734860799,24.0021108231547,16.,12.7546751774923,0.596723685916988 
 07/21  19:00:00,30.5363234860799,24.0020443469657,16.,12.7461423775176,0.561702927125347 
 07/21  19:15:00,30.3520734860799,24.0020315680672,16.,12.7655055552898,0.538804131439165 
 07/21  19:30:00,30.1678234860799,24.0020962446441,16.,12.7779834977227,0.526898984062896 
 07/21  19:45:00,29.9835734860799,24.0021536114399,16.,12.7803096072405,0.516448043277674 
 07/21  20:00:00,29.7993234860799,24.0021855955424,16.,12.7819939604996,0.506539506307652 
 07/21  20:15:00,29.6485734860799,24.0022055645714,16.,12.7839914431536,0.497520687178107 
 07/21  20:30:00,29.4978234860799,24.0022249188603,16.,12.7858001528201,0.489280590992782 
 07/21  20:45:00,29.3470734860799,24.0022497079851,16.,12.7868088545416,0.481395788641302 
 07/21  21:00:00,29.1963234860799,24.0022755011672,16.,12.7881540991861,0.474106387004051 
 07/21  21:15:00,29.0455734860799,24.002297897239,16.,12.7891311233011,0.467277879694456 
 07/21  21:30:00,28.8948234860799,24.0023113948274,16.,12.7887134334791,0.460001316596006 
 07/21  21:45:00,28.7440734860799,24.0023013651022,16.,12.7909264566322,0.454045449797661 
 07/21  22:00:00,28.5933234860799,24.0022845402056,16.,12.7914459673737,0.448355188267821 
 07/21  22:01:21,,,,24.8196192433712,0.0 
 07/21  22:02:43,,,,24.8672118119808,0.0 
 07/21  22:04:05,,,,24.9379521640336,0.0 
 07/21  22:05:26,,,,25.0112902972859,0.0 
 07/21  22:06:49,,,,25.0771802378496,0.0 
 07/21  22:08:10,,,,25.134004516303,0.0 
 07/21  22:09:33,,,,25.1830842124163,0.0 
 07/21  22:10:54,,,,25.2259730388755,0.0 
 07/21  22:12:16,,,,25.2637646583596,0.0 
 07/21  22:13:38,,,,25.2971697346379,0.0 
 07/21  22:15:00,28.4760734860799,25.6114386017258,30.,25.3267040462214,0.0 
 07/21  22:18:00,,,,25.1524667743205,0.0 
 07/21  22:21:00,,,,25.1696268119713,0.0 
 07/21  22:24:00,,,,25.2568520557761,0.0 
 07/21  22:27:00,,,,25.3364179078588,0.0 
 07/21  22:30:00,28.3588234860799,26.3696022623985,30.,25.4046693500974,0.0 
 07/21  22:31:30,,,,25.3259565777693,0.0 
 07/21  22:33:00,,,,25.3464186672508,0.0 
 07/21  22:34:30,,,,25.3949986480217,0.0 
 07/21  22:36:00,,,,25.4444216630639,0.0 
 07/21  22:37:30,,,,25.4902976316129,0.0 
 07/21  22:39:00,,,,25.5318379312837,0.0 
 07/21  22:40:30,,,,13.6637467388514,0.445712093764301 
 07/21  22:42:00,,,,12.4574658569322,0.241964152852291 
 07/21  22:43:30,,,,12.8000930508373,0.241964152852291 
 07/21  22:45:00,28.2415734860799,26.5480117786324,30.,12.8002509542026,0.241964152852291 
 07/21  22:47:08,,,,12.8002511497569,0.241964152852291 
 07/21  22:49:17,,,,12.8002472653533,0.241964152852291 
 07/21  22:51:25,,,,12.8002489143338,0.241964152852291 
 07/21  22:53:34,,,,12.8002518060251,0.241964152852291 
 07/21  22:55:42,,,,12.800255147599,0.241964152852291 
 07/21  22:57:51,,,,12.800257256177,0.241964152852291 
 07/21  23:00:00,28.1243234860799,25.7060200317946,30.,12.800259305198,0.241964152852291 
 07/21  23:05:00,,,,25.8022119959651,0.0 
 07/21  23:10:00,,,,25.8208844402577,0.0 
 07/21  23:15:00,28.0070734860799,26.6103687411416,30.,25.9022530860001,0.0 
 07/21  23:16:30,,,,25.8975386735658,0.0 
 07/21  23:18:00,,,,25.9078083565522,0.0 
 07/21  23:19:30,,,,25.9327378912605,0.0 
 07/21  23:21:00,,,,25.9576560321539,0.0 
 07/21  23:22:30,,,,25.9803530658134,0.0 
 07/21  23:24:00,,,,13.9418760961637,0.567671483345271 
 07/21  23:25:30,,,,12.1799589549277,0.241964152852291 
 07/21  23:27:00,,,,12.7999881740437,0.241964152852291 
 07/21  23:28:30,,,,12.8002725757333,0.241964152852291 
 07/21  23:30:00,27.8898234860799,26.5052000448483,30.,12.8002751257304,0.241964152852291 
 07/21  23:32:08,,,,12.8002776662618,0.241964152852291 
 07/21  23:34:17,,,,12.8002753349725,0.241964152852291 
 07/21  23:36:25,,,,12.8002754078739,0.241964152852291 
 07/21  23:38:34,,,,12.8002769640764,0.241964152852291 
 07/21  23:40:42,,,,12.8002802443363,0.241964152852291 
 07/21  23:42:51,,,,12.800281927599,0.241964152852291 
 07/21  23:45:00,27.7725734860799,25.7672934623643,30.,12.8002834564888,0.241964152852291 
 07/21  23:50:00,,,,26.0991725752501,0.0 
 07/21  23:55:00,,,,26.1250816595435,0.0 
 07/21  24:00:00,27.6553234860799,26.6782661296568,30.,26.1681632598966,0.0 
 06/20  00:15:00,25.9243234860799,26.8278949118171,30.,26.1273863195842,0.0 
 06/20  00:30:00,25.7993234860799,26.7973536171863,30.,26.1183851480385,0.0 
 06/20  00:45:00,25.6743234860799,26.755049381365,30.,26.1151168610765,0.0 
 06/20  01:00:00,25.5493234860799,26.7069736030955,30.,26.1086206383029,0.0 
 06/20  01:15:00,25.5493234860799,26.6829125644476,30.,26.0923252068301,0.0 
 06/20  01:30:00,25.5493234860799,26.6866332131647,30.,26.0691913724993,0.0 
 06/20  01:45:00,25.5493234860799,26.708473595287,30.,26.0468338160814,0.0 
 06/20  02:00:00,25.5493234860799,26.7364717737402,30.,26.0327477640635,0.0 
 06/20  02:15:00,25.5493234860799,26.7454672476118,30.,26.0314577547908,0.0 
 06/20  02:30:00,25.5493234860799,26.7342539744625,30.,26.0411646303357,0.0 
 06/20  02:45:00,25.5493234860799,26.7139885594073,30.,26.0559517882433,0.0 
 06/20  03:00:00,25.5493234860799,26.6923657311462,30.,26.0695473961867,0.0 
 06/20  03:15:00,25.3993234860799,26.6674296167915,30.,26.0777675933417,0.0 
 06/20  03:30:00,25.2493234860799,26.6373888755732,30.,26.0780648356398,0.0 
 06/20  03:45:00,25.0993234860799,26.6044885314902,30.,26.0696728368813,0.0 
 06/20  04:00:00,24.9493234860799,26.5676381410443,30.,26.0527714825489,0.0 
 06/20  04:15:00,24.7993234860799,26.5294354680651,30.,26.0278975885706,0.0 
 06/20  04:30:00,24.6493234860799,26.4920483670546,30.,25.9962696545156,0.0 
 06/20  04:45:00,24.4993234860799,26.4551670887767,30.,25.9599667536643,0.0 
 06/20  05:00:00,24.3493234860799,26.417717454482,30.,25.9211234558548,0.0 
 06/20  05:15:00,24.4993234860799,26.4252981844363,30.,25.8808431761337,0.0 
 06/20  05:30:00,24.6493234860799,26.4498675725439,30.,25.8419569597177,0.0 
 06/20  05:45:00,24.7993234860799,26.5294717548108,30.,25.8095621052786,0.0 
 06/20  06:00:00,24.9493234860799,26.6314992370757,30.,25.7913943060667,0.0 
 06/20  06:15:00,25.0993234860799,26.7279429267224,19.4787159821442,25.7947940871168,0.0 
 06/20  06:16:00,,,,25.8245068230044,0.0 
 06/20  06:17:00,,,,25.8275879139791,0.0 
 06/20  06:18:00,,,,25.8343699554901,0.0 
 06/20  06:19:00,,,,25.8414357795894,0.0 
 06/20  06:20:00,,,,25.8481319279674,0.0 
 06/20  06:21:00,,,,25.8543216673542,0.0 
 06/20  06:22:00,,,,25.8600530467383,0.0 
 06/20  06:23:00,,,,25.865395299481,0.0 
 06/20  06:24:00,,,,25.8703958620395,0.0 
 06/20  06:25:00,,,,25.875083431729,0.0 
 06/20  06:26:00,,,,25.8794780346638,0.0 
 06/20  06:27:00,,,,25.8835969731003,0.0 
 06/20  06:28:00,,,,25.8874568058103,0.0 
 06/20  06:29:00,,,,25.8910735462188,0.0 
 06/20  06:30:00,25.2493234860799,26.7839071136135,19.3658831818495,25.8944624550328,0.0 
 06/20  06:35:00,,,,25.8673653735274,0.0 
 06/20  06:40:00,,,,25.8856361053902,0.0 
 06/20  06:45:00,25.3993234860799,26.8499222202034,16.5200287309487,25.9234374672395,0.0 
 06/20  06:46:21,,,,25.9216218257494,0.0 
 06/20  06:47:43,,,,25.9275909918474,0.0 
 06/20  06:49:05,,,,25.9417813665203,0.0 
 06/20  06:50:27,,,,25.9564524635964,0.0 
 06/20  06:51:49,,,,25.9703330330111,0.0 
 06/20  06:53:10,,,,25.9831623735042,0.0 
 06/20  06:54:32,,,,25.9950398679585,0.0 
 06/20  06:55:54,,,,26.0061052942642,0.0 
 06/20  06:57:16,,,,26.0164552055566,0.0 
 06/20  06:58:38,,,,26.0261491699857,0.0 
 06/20  07:00:00,25.5493234860799,26.9265069000418,19.9557751157511,26.0352295614605,0.0 
 06/20  07:01:52,,,,25.9910938677253,0.0 
 06/20  07:03:45,,,,26.0016960967029,0.0 
 06/20  07:05:37,,,,26.0263757988067,0.0 
 06/20  07:07:30,,,,26.0511992210488,0.0 
 06/20  07:09:22,,,,26.0738894916218,0.0 
 06/20  07:11:15,,,,26.0940886158715,0.0 
 06/20  07:13:07,,,,26.1121024391601,0.0 
 06/20  07:15:00,25.8243234860799,27.0074203712204,17.3844339724988,26.1282906790777,0.0 
 06/20  07:17:08,,,,12.8011873695444,0.241964152852291 
 06/20  07:19:17,,,,12.8009109548282,0.241964152852291 
 06/20  07:21:25,,,,12.8009010762825,0.241964152852291 
 06/20  07:23:34,,,,12.8008914879945,0.241964152852291 
 06/20  07:25:42,,,,12.8008834979494,0.241964152852291 
 06/20  07:27:51,,,,12.800876712987,0.241964152852291 
 06/20  07:30:00,26.0993234860799,25.6616930589897,17.3945231803388,12.8008701701232,0.241964152852291 
 06/20  07:31:21,,,,12.8008422978213,0.241964152852291 
 06/20  07:32:43,,,,12.800850747671,0.241964152852291 
 06/20  07:34:05,,,,12.8008467981447,0.241964152852291 
 06/20  07:35:27,,,,12.8008414474202,0.241964152852291 
 06/20  07:36:49,,,,12.8008358299864,0.241964152852291 
 06/20  07:38:10,,,,12.8008299754336,0.241964152852291 
 06/20  07:39:32,,,,12.8008210529939,0.241964152852291 
 06/20  07:40:54,,,,12.8008099295675,0.241964152852291 
 06/20  07:42:16,,,,12.8007986850704,0.241964152852291 
 06/20  07:43:38,,,,12.8007872523821,0.241964152852291 
 06/20  07:45:00,26.3743234860799,25.3317728560066,16.6206491388172,12.8007756812908,0.241964152852291 
 06/20  07:47:08,,,,25.9997290042114,0.0 
 06/20  07:49:17,,,,26.0457214748808,0.0 
 06/20  07:51:25,,,,26.0942620950624,0.0 
 06/20  07:53:34,,,,26.1451617805484,0.0 
 06/20  07:55:42,,,,26.1888691967215,0.0 
 06/20  07:57:51,,,,26.2241587945672,0.0 
 06/20  08:00:00,26.6493234860799,26.3296103214461,18.3587183731101,26.2526444184044,0.0 
 06/20  08:02:30,,,,26.1752689962457,0.0 
 06/20  08:05:00,,,,26.1880255907106,0.0 
 06/20  08:07:30,,,,26.2353324129665,0.0 
 06/20  08:10:00,,,,13.3306754360805,0.241964152852291 
 06/20  08:12:30,,,,12.790780042928,0.241964152852291 
 06/20  08:15:00,26.7743234860799,26.4440218212327,16.0078851322971,12.8007628877599,0.241964152852291 
 06/20  08:16:15,,,,12.8007594582611,0.241964152852291 
 06/20  08:17:30,,,,12.800765174053,0.241964152852291 
 06/20  08:18:45,,,,12.8007591007206,0.241964152852291 
 06/20  08:20:00,,,,12.8007518034556,0.241964152852291 
 06/20  08:21:15,,,,12.8007445618404,0.241964152852291 
 06/20  08:22:30,,,,12.8007376515909,0.241964152852291 
 06/20  08:23:45,,,,12.8007270312549,0.241964152852291 
 06/20  08:25:00,,,,12.8007166918032,0.241964152852291 
 06/20  08:26:15,,,,12.8007064685591,0.241964152852291 
 06/20  08:27:30,,,,12.8006963269255,0.241964152852291 
 06/20  08:28:45,,,,12.8006862660875,0.241964152852291 
 06/20  08:30:00,26.8993234860799,25.7737734686509,21.4357783599017,12.8006762952345,0.241964152852291 
 06/20  08:31:52,,,,26.2376274818744,0.0 
 06/20  08:33:45,,,,26.2936750276247,0.0 
 06/20  08:35:37,,,,26.3726677334452,0.0 
 06/20  08:37:30,,,,26.4525471201636,0.0 
 06/20  08:39:22,,,,26.5216197157516,0.0 
 06/20  08:41:15,,,,26.5785662362676,0.0 
 06/20  08:43:07,,,,26.6255606237785,0.0 
 06/20  08:45:00,27.0243234860799,26.7357317075178,21.4162989539958,26.6649083677535,0.0 
 06/20  08:50:00,,,,12.8018566013641,0.241964152852291 
 06/20  08:55:00,,,,12.8006981823334,0.241964152852291 
 06/20  09:00:00,27.1493234860799,25.8378252483044,18.0972966487846,12.8006672848537,0.241964152852291 
 06/20  09:01:21,,,,12.8006720061436,0.241964152852291 
 06/20  09:02:43,,,,12.8006777889891,0.241964152852291 
 06/20  09:04:05,,,,12.8006682567734,0.241964152852291 
 06/20  09:05:26,,,,12.8006566523511,0.241964152852291 
 06/20  09:06:49,,,,12.8006450876019,0.241964152852291 
 06/20  09:08:10,,,,12.8006338182912,0.241964152852291 
 06/20  09:09:33,,,,12.800622855982,0.241964152852291 
 06/20  09:10:54,,,,12.8006121622261,0.241964152852291 
 06/20  09:12:16,,,,12.8006017140246,0.241964152852291 
 06/20  09:13:38,,,,12.8005915093438,0.241964152852291 
 06/20  09:15:00,26.7493234860799,25.7132722790631,22.0699129383744,12.80058155064,0.241964152852291 
 06/20  09:16:52,,,,26.4655593058872,0.0 
 06/20  09:18:45,,,,26.5418296094761,0.0 
 06/20  09:20:37,,,,26.6527737815621,0.0 
 06/20  09:22:30,,,,26.763735260055,0.0 
 06/20  09:24:22,,,,26.8588610848486,0.0 
 06/20  09:26:15,,,,26.9366181601386,0.0 
 06/20  09:28:07,,,,27.0002351795521,0.0 
 06/20  09:30:00,26.3493234860799,26.7808817512456,16.5969449853247,27.0530556548159,0.0 
 06/20  09:31:15,,,,12.8275625392578,0.241964152852291 
 06/20  09:32:30,,,,12.773615023903,0.241964152852291 
 06/20  09:33:45,,,,12.8006317770618,0.241964152852291 
 06/20  09:35:00,,,,12.8006367670088,0.241964152852291 
 06/20  09:36:15,,,,12.8006264343198,0.241964152852291 
 06/20  09:37:30,,,,12.8006166102749,0.241964152852291 
 06/20  09:38:45,,,,12.8006072725024,0.241964152852291 
 06/20  09:40:00,,,,12.800598301921,0.241964152852291 
 06/20  09:41:15,,,,12.8005896084542,0.241964152852291 
 06/20  09:42:30,,,,12.800581148466,0.241964152852291 
 06/20  09:43:45,,,,12.8005728984427,0.241964152852291 
 06/20  09:45:00,25.9493234860799,25.8804949916516,16.1604403730656,12.8005648463626,0.241964152852291 
 06/20  09:46:52,,,,12.8005964141624,0.241964152852291 
 06/20  09:48:45,,,,12.8006055118348,0.241964152852291 
 06/20  09:50:37,,,,12.8005938001744,0.241964152852291 
 06/20  09:52:30,,,,12.8005796289832,0.241964152852291 
 06/20  09:54:22,,,,12.8005657914595,0.241964152852291 
 06/20  09:56:15,,,,12.8005525693666,0.241964152852291 
 06/20  09:58:07,,,,12.8005399527562,0.241964152852291 
 06/20  10:00:00,25.5493234860799,25.8299491386092,19.7588426170412,12.8005278781228,0.241964152852291 
 06/20  10:02:30,,,,26.7337582987873,0.0 
 06/20  10:05:00,,,,26.836704267548,0.0 
 06/20  10:07:30,,,,26.9888228456823,0.0 
 06/20  10:10:00,,,,27.1336471944004,0.0 
 06/20  10:12:30,,,,27.250710523033,0.0 
 06/20  10:15:00,26.3743234860799,26.9509601793212,23.8278505734016,27.3402077999779,0.0 
 06/20  10:20:00,,,,12.8008082422395,0.241964152852291 
 06/20  10:25:00,,,,12.8005428162759,0.241964152852291 
 06/20  10:30:00,27.1993234860799,26.061795455874,19.8210301123501,12.80052478229,0.241964152852291 
 06/20  10:31:21,,,,12.8005033969523,0.241964152852291 
 06/20  10:32:43,,,,12.8005083189993,0.241964152852291 
 06/20  10:34:05,,,,12.8005041207674,0.241964152852291 
 06/20  10:35:27,,,,12.800498770404,0.241964152852291 
 06/20  10:36:49,,,,12.8004934988948,0.241964152852291 
 06/20  10:38:10,,,,12.8004884256325,0.241964152852291 
 06/20  10:39:32,,,,12.8004835579869,0.241964152852291 
 06/20  10:40:54,,,,12.8004788767794,0.241964152852291 
 06/20  10:42:16,,,,12.800474366163,0.241964152852291 
 06/20  10:43:38,,,,12.8004700159549,0.241964152852291 
 06/20  10:45:00,28.0243234860799,26.0292968146845,21.6807981631103,12.8004658226799,0.241964152852291 
 06/20  10:46:52,,,,27.0080331641022,0.0 
 06/20  10:48:45,,,,27.1017974944934,0.0 
 06/20  10:50:37,,,,27.2382837338517,0.0 
 06/20  10:52:30,,,,27.3739033202116,0.0 
 06/20  10:54:22,,,,27.4892505089292,0.0 
 06/20  10:56:15,,,,27.5826917954845,0.0 
 06/20  10:58:07,,,,27.6584453153645,0.0 
 06/20  11:00:00,28.8493234860799,27.1923957194046,18.7187308851127,27.7208032570125,0.0 
 06/20  11:05:00,,,,12.7991812709998,0.241964152852291 
 06/20  11:10:00,,,,12.8004535372771,0.241964152852291 
 06/20  11:15:00,28.8493234860799,26.3281254685333,16.0966026113421,12.8004424692537,0.241964152852291 
 06/20  11:16:21,,,,12.8004205677909,0.241964152852291 
 06/20  11:17:43,,,,12.8004234977464,0.241964152852291 
 06/20  11:19:05,,,,12.8004210841485,0.241964152852291 
 06/20  11:20:27,,,,12.8004178960959,0.241964152852291 
 06/20  11:21:49,,,,12.8004147470278,0.241964152852291 
 06/20  11:23:10,,,,12.8004117290098,0.241964152852291 
 06/20  11:24:32,,,,12.8004088442489,0.241964152852291 
 06/20  11:25:54,,,,12.8004060762945,0.241964152852291 
 06/20  11:27:16,,,,12.8004034099382,0.241964152852291 
 06/20  11:28:38,,,,12.8004008386115,0.241964152852291 
 06/20  11:30:00,28.8493234860799,26.268146850649,16.0329415922985,12.8003983572094,0.241964152852291 
 06/20  11:31:52,,,,27.3893151812777,0.0 
 06/20  11:33:45,,,,27.4985348376691,0.0 
 06/20  11:35:37,,,,27.6630127997717,0.0 
 06/20  11:37:30,,,,27.8250739799275,0.0 
 06/20  11:39:22,,,,27.9621855687,0.0 
 06/20  11:41:15,,,,28.0727401876018,0.0 
 06/20  11:43:07,,,,28.1619511661069,0.0 
 06/20  11:45:00,28.8493234860799,27.432010131395,16.0171962610733,28.2350455804346,0.0 
 06/20  11:48:45,,,,12.8192730520054,0.368515157148189 
 06/20  11:52:30,,,,12.7752538411236,0.241964152852291 
 06/20  11:56:15,,,,12.8003698844248,0.241964152852291 
 06/20  12:00:00,28.8493234860799,26.2859129062475,17.575898679882,12.8003766312772,0.241964152852291 
 06/20  12:01:04,,,,12.8003686574242,0.241964152852291 
 06/20  12:02:08,,,,12.8003714140351,0.241964152852291 
 06/20  12:03:12,,,,12.8003699791829,0.241964152852291 
 06/20  12:04:17,,,,12.8003681113006,0.241964152852291 
 06/20  12:05:21,,,,12.80036622712,0.241964152852291 
 06/20  12:06:25,,,,12.8003643913718,0.241964152852291 
 06/20  12:07:30,,,,12.8003626141865,0.241964152852291 
 06/20  12:08:34,,,,12.8003608883846,0.241964152852291 
 06/20  12:09:38,,,,12.8003592072361,0.241964152852291 
 06/20  12:10:42,,,,12.8003575690957,0.241964152852291 
 06/20  12:11:47,,,,12.800355971588,0.241964152852291 
 06/20  12:12:51,,,,12.8003544149974,0.241964152852291 
 06/20  12:13:55,,,,12.8003528979286,0.241964152852291 
 06/20  12:15:00,28.8493234860799,26.4171001862544,18.8037124417329,12.8003514205717,0.241964152852291 
 06/20  12:17:08,,,,27.7818069963068,0.0 
 06/20  12:19:17,,,,27.9066169569091,0.0 
 06/20  12:21:25,,,,28.090399416923,0.0 
 06/20  12:23:34,,,,28.2676917934503,0.0 
 06/20  12:25:42,,,,28.4133061515639,0.0 
 06/20  12:27:51,,,,28.5266870052203,0.0 
 06/20  12:30:00,28.8493234860799,27.7063622280717,23.6038823790522,28.6149840756866,0.0 
 06/20  12:35:00,,,,12.8107289223985,0.386071069952475 
 06/20  12:40:00,,,,12.7752552075018,0.241964152852291 
 06/20  12:45:00,28.8493234860799,26.4109063500961,18.439616772983,12.8003472068003,0.241964152852291 
 06/20  12:46:21,,,,12.8003559582207,0.241964152852291 
 06/20  12:47:43,,,,12.8003573101927,0.241964152852291 
 06/20  12:49:05,,,,12.8003560860653,0.241964152852291 
 06/20  12:50:27,,,,12.8003545043891,0.241964152852291 
 06/20  12:51:49,,,,12.8003528859338,0.241964152852291 
 06/20  12:53:10,,,,12.800351288827,0.241964152852291 
 06/20  12:54:32,,,,12.8003497282805,0.241964152852291 
 06/20  12:55:54,,,,12.8003482043144,0.241964152852291 
 06/20  12:57:16,,,,12.800346716732,0.241964152852291 
 06/20  12:58:38,,,,12.8003452664041,0.241964152852291 
 06/20  13:00:00,28.8493234860799,26.59361025304,22.2860820769877,12.8003438549629,0.241964152852291 
 06/20  13:01:40,,,,28.0186836182372,0.0 
 06/20  13:03:19,,,,28.1135817665103,0.0 
 06/20  13:05:00,,,,28.2486254824184,0.0 
 06/20  13:06:40,,,,28.3845840647147,0.0 
 06/20  13:08:19,,,,28.501689229634,0.0 
 06/20  13:10:00,,,,28.5978405560644,0.0 
 06/20  13:11:40,,,,28.676856968992,0.0 
 06/20  13:13:19,,,,28.742747715538,0.0 
 06/20  13:15:00,28.8493234860799,27.819009324363,20.5953184806751,28.7983124858928,0.0 
 06/20  13:16:52,,,,13.031278159183,0.806547176174302 
 06/20  13:18:45,,,,12.5548668010589,0.241964152852291 
 06/20  13:20:37,,,,12.8002378207633,0.241964152852291 
 06/20  13:22:30,,,,12.8003526662264,0.241964152852291 
 06/20  13:24:22,,,,12.8003509861678,0.241964152852291 
 06/20  13:26:15,,,,12.800349063463,0.241964152852291 
 06/20  13:28:07,,,,12.8003471895858,0.241964152852291 
 06/20  13:30:00,28.8493234860799,26.3064379035807,16.0501939748723,12.8003454074622,0.241964152852291 
 06/20  13:32:08,,,,12.8003468534946,0.241964152852291 
 06/20  13:34:17,,,,12.8003486455507,0.241964152852291 
 06/20  13:36:25,,,,12.800346476276,0.241964152852291 
 06/20  13:38:34,,,,12.8003438079838,0.241964152852291 
 06/20  13:40:42,,,,12.8003410513586,0.241964152852291 
 06/20  13:42:51,,,,12.8003383300006,0.241964152852291 
 06/20  13:45:00,28.8493234860799,26.5603549516138,21.8138486510967,12.8003356878332,0.241964152852291 
 06/20  13:46:52,,,,28.0215556811948,0.0 
 06/20  13:48:45,,,,28.1158060886892,0.0 
 06/20  13:50:37,,,,28.2451028839559,0.0 
 06/20  13:52:30,,,,28.3743257651422,0.0 
 06/20  13:54:22,,,,28.4839933942539,0.0 
 06/20  13:56:15,,,,28.5723980525475,0.0 
 06/20  13:58:07,,,,28.6436991528998,0.0 
 06/20  14:00:00,28.8493234860799,27.767535984044,23.2762496743729,28.7021368530065,0.0 
 06/20  14:03:45,,,,12.8373325881575,0.488108156421875 
 06/20  14:07:30,,,,12.7532802350031,0.241964152852291 
 06/20  14:11:15,,,,12.8003175787781,0.241964152852291 
 06/20  14:15:00,28.8493234860799,26.2418544336243,20.0263821213704,12.8003369038219,0.241964152852291 
 06/20  14:16:30,,,,12.8003352851213,0.241964152852291 
 06/20  14:18:00,,,,12.8003369399125,0.241964152852291 
 06/20  14:19:30,,,,12.8003356455549,0.241964152852291 
 06/20  14:21:00,,,,12.8003340291942,0.241964152852291 
 06/20  14:22:30,,,,12.8003323323507,0.241964152852291 
 06/20  14:24:00,,,,12.8003306022658,0.241964152852291 
 06/20  14:25:30,,,,12.8003288642574,0.241964152852291 
 06/20  14:27:00,,,,12.8003271295314,0.241964152852291 
 06/20  14:28:30,,,,12.8003254083742,0.241964152852291 
 06/20  14:30:00,28.8493234860799,26.4128304399495,22.7575463533361,12.8003237080772,0.241964152852291 
 06/20  14:31:52,,,,27.8858289188937,0.0 
 06/20  14:33:45,,,,27.9727221660196,0.0 
 06/20  14:35:37,,,,28.0787628121922,0.0 
 06/20  14:37:30,,,,28.1866854615701,0.0 
 06/20  14:39:22,,,,28.2785066165347,0.0 
 06/20  14:41:15,,,,28.3523598961283,0.0 
 06/20  14:43:07,,,,28.4117674699828,0.0 
 06/20  14:45:00,28.8493234860799,27.5725971684863,22.3742266473403,28.4603863984902,0.0 
 06/20  14:46:21,,,,13.0076625601787,0.806547176174302 
 06/20  14:47:43,,,,12.5866630735768,0.241964152852291 
 06/20  14:49:05,,,,12.8002311765159,0.241964152852291 
 06/20  14:50:27,,,,12.8003306438737,0.241964152852291 
 06/20  14:51:49,,,,12.8003295391819,0.241964152852291 
 06/20  14:53:10,,,,12.800328314088,0.241964152852291 
 06/20  14:54:32,,,,12.8003271320092,0.241964152852291 
 06/20  14:55:54,,,,12.800326007447,0.241964152852291 
 06/20  14:57:16,,,,12.8003249227658,0.241964152852291 
 06/20  14:58:38,,,,12.8003238611201,0.241964152852291 
 06/20  15:00:00,28.8493234860799,26.1555844150578,19.4531768995896,12.800322813277,0.241964152852291 
 06/20  15:03:00,,,,12.8003247815639,0.241964152852291 
 06/20  15:06:00,,,,12.800326207599,0.241964152852291 
 06/20  15:09:00,,,,12.8003236222201,0.241964152852291 
 06/20  15:12:00,,,,12.8003203383292,0.241964152852291 
 06/20  15:15:00,28.6993234860799,26.3653444938617,23.6885671119802,12.8003169118683,0.241964152852291 
 06/20  15:16:21,,,,27.6338986635489,0.0 
 06/20  15:17:43,,,,27.6929986847801,0.0 
 06/20  15:19:05,,,,27.7689423475924,0.0 
 06/20  15:20:27,,,,27.8491192163958,0.0 
 06/20  15:21:49,,,,27.9210973253694,0.0 
 06/20  15:23:10,,,,27.9827869410595,0.0 
 06/20  15:24:32,,,,28.0357270233392,0.0 
 06/20  15:25:54,,,,28.0817575747812,0.0 
 06/20  15:27:16,,,,28.1221614022943,0.0 
 06/20  15:28:38,,,,28.157755346472,0.0 
 06/20  15:30:00,28.5493234860799,27.5011088274742,18.7696588651375,28.1891207074246,0.0 
 06/20  15:31:52,,,,12.9021896380778,0.668367776213263 
 06/20  15:33:45,,,,12.695484831742,0.241964152852291 
 06/20  15:35:37,,,,12.8002672167504,0.241964152852291 
 06/20  15:37:30,,,,12.8003141159356,0.241964152852291 
 06/20  15:39:22,,,,12.8003117884265,0.241964152852291 
 06/20  15:41:15,,,,12.8003094690689,0.241964152852291 
 06/20  15:43:07,,,,12.8003072595047,0.241964152852291 
 06/20  15:45:00,28.3993234860799,25.991950253189,21.5680006226897,12.8003051429299,0.241964152852291 
 06/20  15:48:00,,,,12.800306107469,0.241964152852291 
 06/20  15:51:00,,,,12.8003085711602,0.241964152852291 
 06/20  15:54:00,,,,12.8003053878991,0.241964152852291 
 06/20  15:57:00,,,,12.8003011592377,0.241964152852291 
 06/20  16:00:00,28.2493234860799,26.2283333804646,21.6266987464714,12.8002968377597,0.241964152852291 
 06/20  16:01:21,,,,27.4427121400056,0.0 
 06/20  16:02:43,,,,27.5002394503265,0.0 
 06/20  16:04:05,,,,27.5747776995294,0.0 
 06/20  16:05:26,,,,27.6534368791894,0.0 
 06/20  16:06:49,,,,27.7241128308128,0.0 
 06/20  16:08:10,,,,27.7847642991805,0.0 
 06/20  16:09:33,,,,27.8368817366545,0.0 
 06/20  16:10:54,,,,27.8822504936304,0.0 
 06/20  16:12:16,,,,27.922115752386,0.0 
 06/20  16:13:38,,,,27.9572707605231,0.0 
 06/20  16:15:00,28.2493234860799,27.3438246966852,17.3004909150962,27.9882805058097,0.0 
 06/20  16:16:52,,,,12.8639209091753,0.541507933591887 
 06/20  16:18:45,,,,12.7375292185781,0.241964152852291 
 06/20  16:20:37,,,,12.800241211576,0.241964152852291 
 06/20  16:22:30,,,,12.8002679905802,0.241964152852291 
 06/20  16:24:22,,,,12.8002657652687,0.241964152852291 
 06/20  16:26:15,,,,12.8002636328174,0.241964152852291 
 06/20  16:28:07,,,,12.8002616380058,0.241964152852291 
 06/20  16:30:00,28.2493234860799,25.9381482133218,17.0856015702133,12.8002597500183,0.241964152852291 
 06/20  16:35:00,,,,12.8002519502106,0.241964152852291 
 06/20  16:40:00,,,,12.8002547492938,0.241964152852291 
 06/20  16:45:00,28.2493234860799,26.1008346223966,20.7398062250034,12.800251549094,0.241964152852291 
 06/20  16:46:15,,,,27.2759994352082,0.0 
 06/20  16:47:30,,,,27.3238124073554,0.0 
 06/20  16:48:45,,,,27.3854383896497,0.0 
 06/20  16:50:00,,,,27.4511799592825,0.0 
 06/20  16:51:15,,,,27.5109740198545,0.0 
 06/20  16:52:30,,,,27.5629858622269,0.0 
 06/20  16:53:45,,,,27.6082952370854,0.0 
 06/20  16:55:00,,,,27.6482562256252,0.0 
 06/20  16:56:15,,,,27.6838091116545,0.0 
 06/20  16:57:30,,,,27.7155442864953,0.0 
 06/20  16:58:45,,,,27.7438788020222,0.0 
 06/20  17:00:00,28.2493234860799,27.1339263553507,19.0938163208656,27.7691613355577,0.0 
 06/20  17:02:08,,,,12.8083163568048,0.320709945775378 
 06/20  17:04:17,,,,12.7931776779058,0.241964152852291 
 06/20  17:06:25,,,,12.8002390709712,0.241964152852291 
 06/20  17:08:34,,,,12.8002406569677,0.241964152852291 
 06/20  17:10:42,,,,12.8002390379957,0.241964152852291 
 06/20  17:12:51,,,,12.8002375733303,0.241964152852291 
 06/20  17:15:00,28.2493234860799,25.8527242963435,16.2095660799244,12.8002362509762,0.241964152852291 
 06/20  17:18:45,,,,12.8002517400055,0.241964152852291 
 06/20  17:22:30,,,,12.8002531644945,0.241964152852291 
 06/20  17:26:15,,,,12.8002518748737,0.241964152852291 
 06/20  17:30:00,28.2493234860799,25.8308510089463,19.852738748995,12.8002497829818,0.241964152852291 
 06/20  17:31:21,,,,27.0107878073514,0.0 
 06/20  17:32:43,,,,27.0580513175529,0.0 
 06/20  17:34:05,,,,27.1120720577984,0.0 
 06/20  17:35:27,,,,27.1703253546052,0.0 
 06/20  17:36:49,,,,27.2228893478267,0.0 
 06/20  17:38:10,,,,27.2679877584185,0.0 
 06/20  17:39:32,,,,27.3067270144249,0.0 
 06/20  17:40:54,,,,27.3404740541841,0.0 
 06/20  17:42:16,,,,27.3701732901339,0.0 
 06/20  17:43:38,,,,27.3964129336628,0.0 
 06/20  17:45:00,28.2493234860799,26.784242564396,16.9061584533301,27.4196034613396,0.0 
 06/20  17:47:30,,,,12.8005139297983,0.241964152852291 
 06/20  17:50:00,,,,12.8002743024722,0.241964152852291 
 06/20  17:52:30,,,,12.8002717849675,0.241964152852291 
 06/20  17:55:00,,,,12.800271444659,0.241964152852291 
 06/20  17:57:30,,,,12.8002712660164,0.241964152852291 
 06/20  18:00:00,28.2493234860799,25.4860740843073,22.9973838304996,12.8002712908487,0.241964152852291 
 06/20  18:07:30,,,,12.8002731033218,0.241964152852291 
 06/20  18:15:00,28.2493234860799,25.4532081682586,22.792049978545,12.8002715759852,0.241964152852291 
 06/20  18:16:30,,,,26.6432035223214,0.0 
 06/20  18:18:00,,,,26.6900457203071,0.0 
 06/20  18:19:30,,,,26.7374024816379,0.0 
 06/20  18:21:00,,,,26.7892248181624,0.0 
 06/20  18:22:30,,,,26.8357020535759,0.0 
 06/20  18:24:00,,,,26.8750874846347,0.0 
 06/20  18:25:30,,,,26.9084898991317,0.0 
 06/20  18:27:00,,,,26.9372698598585,0.0 
 06/20  18:28:30,,,,26.9623609332328,0.0 
 06/20  18:30:00,28.2493234860799,26.4024214997737,22.1652331929862,26.9843373457679,0.0 
 06/20  18:32:08,,,,26.8723514143257,0.0 
 06/20  18:34:17,,,,26.8752459478902,0.0 
 06/20  18:36:25,,,,26.9107488304054,0.0 
 06/20  18:38:34,,,,26.9438126024958,0.0 
 06/20  18:40:42,,,,26.9736914878191,0.0 
 06/20  18:42:51,,,,27.0005010701713,0.0 
 06/20  18:45:00,28.2493234860799,26.7552974156728,22.2060157840659,27.0246004701116,0.0 
 06/20  18:48:45,,,,26.9678469825054,0.0 
 06/20  18:52:30,,,,26.9802156184032,0.0 
 06/20  18:56:15,,,,27.0205978537965,0.0 
 06/20  19:00:00,28.2493234860799,27.0277314922556,20.9518383689719,27.0579186732143,0.0 
 06/20  19:01:21,,,,12.8173345299918,0.360300387012094 
 06/20  19:02:43,,,,12.7839049961443,0.241964152852291 
 06/20  19:04:05,,,,12.8002635890885,0.241964152852291 
 06/20  19:05:26,,,,12.8002709890473,0.241964152852291 
 06/20  19:06:49,,,,12.8002708365408,0.241964152852291 
 06/20  19:08:10,,,,12.800270743345,0.241964152852291 
 06/20  19:09:33,,,,12.8002707193682,0.241964152852291 
 06/20  19:10:54,,,,12.8002707461884,0.241964152852291 
 06/20  19:12:16,,,,12.8002708030396,0.241964152852291 
 06/20  19:13:38,,,,12.800270873446,0.241964152852291 
 06/20  19:15:00,27.6993234860799,25.369105330394,16.879447737128,12.8002709461854,0.241964152852291 
 06/20  19:18:45,,,,12.8002663846499,0.241964152852291 
 06/20  19:22:30,,,,12.8002643994872,0.241964152852291 
 06/20  19:26:15,,,,12.8002640644469,0.241964152852291 
 06/20  19:30:00,27.1493234860799,25.2556411974825,23.0668806921154,12.8002639986607,0.241964152852291 
 06/20  19:31:30,,,,26.3813812050941,0.0 
 06/20  19:33:00,,,,26.4131583551351,0.0 
 06/20  19:34:30,,,,26.4342983163324,0.0 
 06/20  19:36:00,,,,26.4598189335739,0.0 
 06/20  19:37:30,,,,26.4830985536811,0.0 
 06/20  19:39:00,,,,26.5027861216056,0.0 
 06/20  19:40:30,,,,26.5194368901717,0.0 
 06/20  19:42:00,,,,26.5338082964939,0.0 
 06/20  19:43:30,,,,26.5464047941312,0.0 
 06/20  19:45:00,26.5993234860799,26.0945998536702,19.8261087970898,26.5575131678417,0.0 
 06/20  19:47:30,,,,26.5017638496444,0.0 
 06/20  19:50:00,,,,26.5002829488777,0.0 
 06/20  19:52:30,,,,26.5169783395395,0.0 
 06/20  19:55:00,,,,26.5318977493178,0.0 
 06/20  19:57:30,,,,26.545273324918,0.0 
 06/20  20:00:00,26.0493234860799,26.3704298395527,18.2962193466623,26.5573083162723,0.0 
 06/20  20:05:00,,,,26.5366496034784,0.0 
 06/20  20:10:00,,,,26.5412845857732,0.0 
 06/20  20:15:00,26.0493234860799,26.5947462761091,16.7045127506757,26.5587091198072,0.0 
 06/20  20:16:40,,,,26.5581370880998,0.0 
 06/20  20:18:19,,,,26.5590075823724,0.0 
 06/20  20:20:00,,,,26.5627093246448,0.0 
 06/20  20:21:40,,,,26.5664245921519,0.0 
 06/20  20:23:19,,,,26.5699624742916,0.0 
 06/20  20:25:00,,,,26.5732860814609,0.0 
 06/20  20:26:40,,,,26.5764125168217,0.0 
 06/20  20:28:19,,,,26.5793645609378,0.0 
 06/20  20:30:00,26.0493234860799,26.7505810519306,16.4552899779285,26.5821583115115,0.0 
 06/20  20:32:30,,,,26.5726810792373,0.0 
 06/20  20:35:00,,,,26.5727908046011,0.0 
 06/20  20:37:30,,,,26.575266091461,0.0 
 06/20  20:40:00,,,,26.5775651185435,0.0 
 06/20  20:42:30,,,,26.5796543516712,0.0 
 06/20  20:45:00,26.0493234860799,26.8511186372326,22.3215224674574,26.581544203111,0.0 
 06/20  20:52:30,,,,26.578346193318,0.0 
 06/20  21:00:00,26.0493234860799,26.9022439595209,22.1986257465944,26.5761745510794,0.0 
 06/20  21:01:30,,,,26.5762111636477,0.0 
 06/20  21:03:00,,,,26.5756407182607,0.0 
 06/20  21:04:30,,,,26.57453411526,0.0 
 06/20  21:06:00,,,,26.5733684165598,0.0 
 06/20  21:07:30,,,,26.5722640517313,0.0 
 06/20  21:09:00,,,,26.5712465691301,0.0 
 06/20  21:10:30,,,,26.5703074715537,0.0 
 06/20  21:12:00,,,,26.5694343019239,0.0 
 06/20  21:13:30,,,,26.5686185825717,0.0 
 06/20  21:15:00,26.1993234860799,26.956073575775,17.1107399642528,26.5678552720593,0.0 
 06/20  21:17:30,,,,26.5710410417103,0.0 
 06/20  21:20:00,,,,26.569144683788,0.0 
 06/20  21:22:30,,,,26.5654137052338,0.0 
 06/20  21:25:00,,,,26.5616446196245,0.0 
 06/20  21:27:30,,,,26.5582414810889,0.0 
 06/20  21:30:00,26.3493234860799,26.9837081865371,18.8959381348243,26.5552647179909,0.0 
 06/20  21:37:30,,,,26.5603942402983,0.0 
 06/20  21:45:00,26.4993234860799,26.9925763256853,20.7986392080245,26.5524781990168,0.0 
 06/20  21:46:40,,,,26.5450300100624,0.0 
 06/20  21:48:19,,,,26.5422092068859,0.0 
 06/20  21:50:00,,,,26.5361571916823,0.0 
 06/20  21:51:40,,,,26.5299271677164,0.0 
 06/20  21:53:19,,,,26.5241209704066,0.0 
 06/20  21:55:00,,,,26.5188527477442,0.0 
 06/20  21:56:40,,,,26.5140642260687,0.0 
 06/20  21:58:19,,,,26.5096794809111,0.0 
 06/20  22:00:00,26.6493234860799,26.9996841592909,16.0397101805431,26.5056450983661,0.0 
 06/20  22:02:30,,,,26.5202869808371,0.0 
 06/20  22:05:00,,,,26.5154188136055,0.0 
 06/20  22:07:30,,,,26.5040960429931,0.0 
 06/20  22:10:00,,,,26.4929317136653,0.0 
 06/20  22:12:30,,,,26.4829671851471,0.0 
 06/20  22:15:00,26.4993234860799,26.9931528815899,30.,26.474323049003,0.0 
 06/20  22:22:30,,,,26.4894244729833,0.0 
 06/20  22:30:00,26.3493234860799,26.9789140961823,30.,26.4735493771136,0.0 
 06/20  22:31:30,,,,26.4566597463854,0.0 
 06/20  22:33:00,,,,26.4523469541066,0.0 
 06/20  22:34:30,,,,26.4424356754139,0.0 
 06/20  22:36:00,,,,26.432264552807,0.0 
 06/20  22:37:30,,,,26.4227556696234,0.0 
 06/20  22:39:00,,,,26.4140851034379,0.0 
 06/20  22:40:30,,,,26.4061652268163,0.0 
 06/20  22:42:00,,,,26.398881140415,0.0 
 06/20  22:43:30,,,,26.3921519877645,0.0 
 06/20  22:45:00,26.1993234860799,26.9573443357322,30.,26.3859257554273,0.0 
 06/20  22:47:08,,,,26.4127176292745,0.0 
 06/20  22:49:17,,,,26.4074708479327,0.0 
 06/20  22:51:25,,,,26.3934509910461,0.0 
 06/20  22:53:34,,,,26.3796285177163,0.0 
 06/20  22:55:42,,,,26.3671368499162,0.0 
 06/20  22:57:51,,,,26.356118909954,0.0 
 06/20  23:00:00,26.0493234860799,26.9315416227063,30.,26.3463824415118,0.0 
 06/20  23:05:00,,,,26.3697004782299,0.0 
 06/20  23:10:00,,,,26.3583986682646,0.0 
 06/20  23:15:00,26.0493234860799,26.9184120174086,30.,26.3295727859414,0.0 
 06/20  23:20:00,,,,26.3307538180258,0.0 
 06/20  23:25:00,,,,26.2809948842103,0.0 
 06/20  23:30:00,26.0493234860799,26.8981864621792,30.,26.2610483797686,0.0 
 06/20  23:37:30,,,,26.2623673790572,0.0 
 06/20  23:45:00,26.0493234860799,26.8981617237023,30.,26.261640269657,0.0 
 06/20  24:00:00,26.0493234860799,26.8987936318449,30.,26.2351621485368,0.0 
 06/21  00:07:30,,,,26.2302386548739,0.0 
 06/21  00:15:00,26.0493234860799,26.9288128580649,30.,26.2267234134331,0.0 
 06/21  00:30:00,26.0493234860799,26.9585215942816,30.,26.2150261751331,0.0 
 06/21  00:45:00,26.0493234860799,26.9755464734635,30.,26.2169520193401,0.0 
 06/21  01:00:00,26.0493234860799,26.9837483084384,30.,26.2227298559043,0.0 
 06/21  01:15:00,26.0493234860799,26.9851569711993,30.,26.2383175418515,0.0 
 06/21  01:30:00,26.0493234860799,26.9827914073276,30.,26.2594785054068,0.0 
 06/21  01:45:00,26.0493234860799,26.9788136890502,30.,26.2811643569754,0.0 
 06/21  02:00:00,26.0493234860799,26.9739020804341,30.,26.2997353841577,0.0 
 06/21  02:15:00,26.0493234860799,26.9651356901807,30.,26.3135577687171,0.0 
 06/21  02:30:00,26.0493234860799,26.9518961340632,30.,26.3218155993359,0.0 
 06/21  02:45:00,26.0493234860799,26.9370963935048,30.,26.3232597483985,0.0 
 06/21  03:00:00,26.0493234860799,26.9196843428666,30.,26.3165009973072,0.0 
 06/21  03:15:00,25.9243234860799,26.8982626751138,30.,26.3006860241697,0.0 
 06/21  03:30:00,25.7993234860799,26.8754146151387,30.,26.2761809759939,0.0 
 06/21  03:45:00,25.6743234860799,26.8519709915912,30.,26.2461182761168,0.0 
 06/21  04:00:00,25.5493234860799,26.8302015542599,30.,26.2143788214061,0.0 
 06/21  04:01:52,,,,15.4135309350753,0.797126214266977 
 06/21  04:03:45,,,,11.6605160433145,0.241964152852291 
 06/21  04:05:37,,,,12.680635198181,0.241964152852291 
 06/21  04:07:30,,,,12.8006709467841,0.241964152852291 
 06/21  04:09:22,,,,12.8007263691502,0.241964152852291 
 06/21  04:11:15,,,,12.8007237046631,0.241964152852291 
 06/21  04:13:07,,,,12.8007209988597,0.241964152852291 
 06/21  04:15:00,25.2493234860799,24.8201763812414,30.,12.8007174126372,0.241964152852291 
 06/21  04:20:00,,,,12.800734774011,0.241964152852291 
 06/21  04:25:00,,,,12.800735007228,0.241964152852291 
 06/21  04:30:00,24.9493234860799,24.7787449064223,30.,12.8007272570168,0.241964152852291 
 06/21  04:33:00,,,,25.7264094495257,0.0 
 06/21  04:36:00,,,,25.7564515314403,0.0 
 06/21  04:39:00,,,,25.7451813258737,0.0 
 06/21  04:42:00,,,,25.7418574958401,0.0 
 06/21  04:45:00,24.6493234860799,25.566313799763,30.,25.740082166922,0.0 
 06/21  04:48:45,,,,25.7443313180876,0.0 
 06/21  04:52:30,,,,25.7323625086112,0.0 
 06/21  04:56:15,,,,25.7187593693139,0.0 
 06/21  05:00:00,24.3493234860799,25.7920212827204,30.,25.7049640187783,0.0 
 06/21  05:01:04,,,,13.7394420477672,0.806547176174302 
 06/21  05:02:08,,,,12.1719595653551,0.241964152852291 
 06/21  05:03:12,,,,12.4894354740783,0.241964152852291 
 06/21  05:04:17,,,,12.8005024582646,0.241964152852291 
 06/21  05:05:21,,,,12.8006487463976,0.241964152852291 
 06/21  05:06:25,,,,12.8006439896386,0.241964152852291 
 06/21  05:07:30,,,,12.8006400577936,0.241964152852291 
 06/21  05:08:34,,,,12.8006360724283,0.241964152852291 
 06/21  05:09:38,,,,12.8006318318423,0.241964152852291 
 06/21  05:10:42,,,,12.8006273886941,0.241964152852291 
 06/21  05:11:47,,,,12.8006228175591,0.241964152852291 
 06/21  05:12:51,,,,12.8006181637159,0.241964152852291 
 06/21  05:13:55,,,,12.8006134466368,0.241964152852291 
 06/21  05:15:00,24.3493234860799,24.3658890747766,30.,12.8006086768378,0.241964152852291 
 06/21  05:18:45,,,,12.8005654983408,0.241964152852291 
 06/21  05:22:30,,,,12.800569798483,0.241964152852291 
 06/21  05:26:15,,,,12.8005574208641,0.241964152852291 
 06/21  05:30:00,24.3493234860799,24.4212731179353,30.,12.8005421524115,0.241964152852291 
 06/21  05:37:30,,,,12.800479450552,0.241964152852291 
 06/21  05:45:00,24.3493234860799,24.3782288009519,30.,12.8004791764302,0.241964152852291 
 06/21  06:00:00,24.3493234860799,24.2802588818747,30.,12.8004224753884,0.241964152852291 
 06/21  06:07:30,,,,12.8559994546284,0.35019624653542 
 06/21  06:15:00,24.3493234860799,24.0144760097359,22.1939773776047,12.7097579092152,0.243533011739512 
 06/21  06:22:30,,,,12.814697518553,0.297891809035646 
 06/21  06:30:00,24.3493234860799,24.0032737291914,21.9804363084664,12.8048279814981,0.289264084736543 
 06/21  06:45:00,24.3493234860799,24.0029551841977,16.5844011091041,12.7951004603694,0.287480826235297 
 06/21  06:52:30,,,,12.8009169207402,0.283071368958318 
 06/21  07:00:00,24.3493234860799,24.0016763329206,22.6190845792285,12.8006758655261,0.282264639463381 
 06/21  07:05:00,,,,12.7980103173348,0.375570756811795 
 06/21  07:10:00,,,,12.8030907563527,0.375757647919443 
 06/21  07:15:00,24.3493234860799,24.0018539203554,18.7530824849438,12.8086063135456,0.376031385753478 
 06/21  07:22:30,,,,12.7949321141377,0.39270979920481 
 06/21  07:30:00,24.3493234860799,24.0024380898643,19.8551196417236,12.8094098346458,0.393459971834158 
 06/21  07:37:30,,,,12.7977022938412,0.417060662905095 
 06/21  07:45:00,24.3493234860799,24.0025414040175,17.9784885608459,12.8019274173948,0.417522284486227 
 06/21  07:52:30,,,,12.7982317445753,0.444690044268397 
 06/21  08:00:00,24.3493234860799,24.0024932596779,16.317417578297,12.80034438454,0.445155789679753 
 06/21  08:05:00,,,,12.7975898542654,0.468547504650659 
 06/21  08:10:00,,,,12.7992448902306,0.468266810233815 
 06/21  08:15:00,24.6493234860799,24.0017856928692,17.6097341332712,12.7996462539267,0.468527563571791 
 06/21  08:22:30,,,,12.7962692930224,0.493414712869835 
 06/21  08:30:00,24.9493234860799,24.0023756807513,19.7191639487301,12.8012182180141,0.49381172292689 
 06/21  08:37:30,,,,12.8002545800851,0.496932755074887 
 06/21  08:45:00,25.2493234860799,24.0023568334402,20.2491288190595,12.8008294835273,0.49717310468522 
 06/21  09:00:00,25.5493234860799,24.002924679766,17.9672982763594,12.8082794254852,0.502721138652752 
 06/21  09:15:00,26.0993234860799,24.0029361061934,19.4352737795553,12.8152721034057,0.513806600109175 
 06/21  09:30:00,26.6493234860799,24.0028662927205,21.6947978381337,12.8115036529424,0.524131280288416 
 06/21  09:45:00,27.1993234860799,24.0028510191064,16.6893163409978,12.8219314587069,0.541570138606602 
 06/21  09:50:00,,,,12.7987582237451,0.557933611753153 
 06/21  09:55:00,,,,12.7981512587564,0.557264461629915 
 06/21  10:00:00,27.7493234860799,24.0015515832135,17.8903780955272,12.8007940725525,0.557741476632959 
 06/21  10:07:30,,,,12.7994966272915,0.56881360183633 
 06/21  10:15:00,27.8743234860799,24.0019107754582,16.518517268856,12.8009385555601,0.568901812896373 
 06/21  10:22:30,,,,12.7978648084829,0.580295374268219 
 06/21  10:30:00,27.9993234860799,24.0019117715711,19.5562964222791,12.8000470863857,0.580491081473616 
 06/21  10:35:00,,,,12.8020756115862,0.581632344251764 
 06/21  10:40:00,,,,12.7998766715023,0.58124418215135 
 06/21  10:45:00,28.1243234860799,24.0013973263057,21.1720732821274,12.801228074314,0.581454436731819 
 06/21  10:52:30,,,,12.8018062051643,0.581002131561006 
 06/21  11:00:00,28.2493234860799,24.0017395580242,20.4589366256304,12.8007937522565,0.58100496067214 
 06/21  11:07:30,,,,12.8102067078403,0.550106694193526 
 06/21  11:15:00,28.5243234860799,24.0015727368119,20.8638131494746,12.799440994315,0.549569038109684 
 06/21  11:22:30,,,,12.8008938151803,0.55482991076359 
 06/21  11:30:00,28.7993234860799,24.0014881445848,20.3912882531339,12.8006703921985,0.554927436893278 
 06/21  11:45:00,29.0743234860799,24.0019413582512,20.9544752524841,12.8120756563733,0.56728079896149 
 06/21  12:00:00,29.3493234860799,24.0020399054077,22.8073445757033,12.8105354432848,0.580021689684865 
 06/21  12:03:45,,,,12.7884918463448,0.622648089095841 
 06/21  12:07:30,,,,12.8003863833567,0.622636704392376 
 06/21  12:11:15,,,,12.8015614230349,0.622995094348037 
 06/21  12:15:00,29.3493234860799,24.0010831404344,18.7701494709881,12.8003774344332,0.622870317497761 
 06/21  12:30:00,29.3493234860799,24.0022820211734,19.2528246364044,12.8235881494983,0.645886773084299 
 06/21  12:45:00,29.3493234860799,24.0024258291206,17.9697034244541,12.8012977611562,0.638062464526682 
 06/21  12:52:30,,,,12.800598401992,0.642326252558239 
 06/21  13:00:00,29.3493234860799,24.0017232452893,18.8549372268234,12.8005344873008,0.642158094390395 
 06/21  13:15:00,29.3493234860799,24.0021463117766,21.5425417083856,12.7966703779956,0.637408904527879 
 06/21  13:30:00,29.3493234860799,24.0021620068207,23.4172957457928,12.7844403844193,0.624314894637918 
 06/21  13:45:00,29.3493234860799,24.0020796031035,23.6568283787139,12.7877491237377,0.612875762860921 
 06/21  14:00:00,29.3493234860799,24.0020232585149,20.5311795366696,12.7816957030506,0.595092395775453 
 06/21  14:15:00,29.2243234860799,24.0020960621217,19.5109434362641,12.783210353811,0.580890221269734 
 06/21  14:30:00,29.0993234860799,24.002168244548,22.1566275634399,12.782116128915,0.565902166108748 
 06/21  14:45:00,28.9743234860799,24.0022380776659,17.4191514070276,12.8006115974006,0.562704167838979 
 06/21  14:52:30,,,,12.8012644132746,0.561996777454919 
 06/21  15:00:00,28.8493234860799,24.0016450748649,22.815863774786,12.7999970491519,0.561759862040764 
 06/21  15:07:30,,,,12.8026881774712,0.555662232464896 
 06/21  15:15:00,27.5993234860799,24.0015694424429,23.397723274681,12.8003828629812,0.555534195641857 
 06/21  15:30:00,26.3493234860799,24.0021167585091,17.4941501016741,12.790914209001,0.545776848606486 
 06/21  15:37:30,,,,12.8048255753059,0.520507660902469 
 06/21  15:45:00,25.0993234860799,24.0015416761991,22.3308559032729,12.7998109593791,0.520108713117198 
 06/21  16:00:00,23.8493234860799,24.0020584335081,23.467214417976,12.7605826722017,0.488286377202386 
 06/21  16:07:30,,,,12.8116197591036,0.39008466069197 
 06/21  16:15:00,23.8493234860799,24.0009124718359,17.4781717982351,12.8024957492056,0.389403181742753 
 06/21  16:22:30,,,,12.8013087151125,0.357898541846667 
 06/21  16:30:00,23.8493234860799,24.0007421892214,22.2917154500241,12.8002608951728,0.357771083522341 
 06/21  16:45:00,23.8493234860799,24.0010108984717,18.8552004111428,12.7935142342157,0.347928971353751 
 06/21  17:00:00,23.8493234860799,24.0010089856156,23.2338687101746,12.7954611028788,0.34050538836722 
 06/21  17:15:00,23.9743234860799,24.0007429068569,23.305862078908,12.7730293633501,0.311973095988558 
 06/21  17:30:00,24.0993234860799,24.0006198264132,21.8940568328811,12.7956144587825,0.30618480612207 
 06/21  17:45:00,24.2243234860799,24.0005635383792,18.1841130487852,12.7963165638628,0.294142231545215 
 06/21  18:00:00,24.3493234860799,24.0005728671922,19.472235012399,12.7966738041384,0.285790919808625 
 06/21  18:15:00,24.2243234860799,24.0007127512426,18.1055625132158,12.796457438785,0.272179229883942 
 06/21  18:30:00,24.0993234860799,24.0008379807201,17.8520915608051,12.7975941568236,0.260536135742215 
 06/21  18:45:00,23.9743234860799,24.0009187950733,22.3592747918043,12.7992864816904,0.252122620715939 
 06/21  19:00:00,23.8493234860799,23.9972437926848,17.9549577190408,12.7995450913193,0.241964152852291 
 06/21  19:15:00,23.8493234860799,23.9023243410023,16.6968628592944,12.8002049195524,0.241964152852291 
 06/21  19:30:00,23.8493234860799,23.7983545629754,20.3483669504575,12.800188885532,0.241964152852291 
 06/21  19:45:00,23.8493234860799,23.7244751651832,17.1520834797654,12.8009584357342,0.241964152852291 
 06/21  20:00:00,23.8493234860799,23.6652738503991,19.6071795684333,12.8008759772132,0.241964152852291 
 06/21  20:15:00,23.9743234860799,23.611295852603,18.277566411343,12.8009100443586,0.241964152852291 
 06/21  20:30:00,24.0993234860799,23.5571788789576,22.6002789740561,12.8009722403116,0.241964152852291 
 06/21  20:45:00,24.2243234860799,23.5068951483076,21.4051779822633,12.8001729098921,0.241964152852291 
 06/21  21:00:00,24.3493234860799,23.4612413990057,17.8142372044782,12.8001860300319,0.241964152852291 
 06/21  21:01:52,,,,24.0603900653271,0.0 
 06/21  21:03:45,,,,24.0901490239867,0.0 
 06/21  21:05:37,,,,24.1258412475524,0.0 
 06/21  21:07:30,,,,24.1635232867966,0.0 
 06/21  21:09:22,,,,24.1969534677919,0.0 
 06/21  21:11:15,,,,24.225144598758,0.0 
 06/21  21:13:07,,,,24.2489414307222,0.0 
 06/21  21:15:00,24.4993234860799,24.3732198208549,17.2385310573853,24.2693238056298,0.0 
 06/21  21:18:45,,,,24.2008561257669,0.0 
 06/21  21:22:30,,,,24.2060888715778,0.0 
 06/21  21:26:15,,,,24.2464256450648,0.0 
 06/21  21:30:00,24.6493234860799,24.7038342523588,20.8401678965493,24.2827916491294,0.0 
 06/21  21:32:08,,,,24.2623376701312,0.0 
 06/21  21:34:17,,,,24.2734494009892,0.0 
 06/21  21:36:25,,,,24.2987964438021,0.0 
 06/21  21:38:34,,,,24.3239845191574,0.0 
 06/21  21:40:42,,,,24.3466338218359,0.0 
 06/21  21:42:51,,,,24.3664320336406,0.0 
 06/21  21:45:00,24.7993234860799,25.0167604231255,16.8423113374023,24.3837700634383,0.0 
 06/21  21:47:30,,,,24.3417355695406,0.0 
 06/21  21:50:00,,,,24.3529802517405,0.0 
 06/21  21:52:30,,,,24.3821579683718,0.0 
 06/21  21:55:00,,,,24.4099442256681,0.0 
 06/21  21:57:30,,,,24.4339687844983,0.0 
 06/21  22:00:00,24.9493234860799,25.2024736000926,16.5160203370553,24.4541537031852,0.0 
 06/21  22:07:30,,,,24.4173922571987,0.0 
 06/21  22:15:00,24.9493234860799,25.304401782263,30.,24.4457949552464,0.0 
 06/21  22:16:40,,,,24.4794913397589,0.0 
 06/21  22:18:19,,,,24.4874420965981,0.0 
 06/21  22:20:00,,,,24.5063273716066,0.0 
 06/21  22:21:40,,,,24.525304864454,0.0 
 06/21  22:23:19,,,,24.5426654639967,0.0 
 06/21  22:25:00,,,,24.5581405762386,0.0 
 06/21  22:26:40,,,,24.5719598039878,0.0 
 06/21  22:28:19,,,,24.5843932377418,0.0 
 06/21  22:30:00,24.9493234860799,25.4216286872407,30.,24.5956356032548,0.0 
 06/21  22:32:08,,,,24.5530764623429,0.0 
 06/21  22:34:17,,,,24.5607169222818,0.0 
 06/21  22:36:25,,,,24.5821259233936,0.0 
 06/21  22:38:34,,,,24.6026769913362,0.0 
 06/21  22:40:42,,,,24.6207357844437,0.0 
 06/21  22:42:51,,,,24.6362044291428,0.0 
 06/21  22:45:00,24.9493234860799,25.497484994012,30.,24.6494820146732,0.0 
 06/21  22:50:00,,,,24.6161308869053,0.0 
 06/21  22:55:00,,,,24.6321267245214,0.0 
 06/21  23:00:00,24.9493234860799,25.5503429684816,30.,24.6722763216489,0.0 
 06/21  23:05:00,,,,24.6700201828592,0.0 
 06/21  23:10:00,,,,24.7362734329193,0.0 
 06/21  23:15:00,25.2243234860799,25.5943727966821,30.,24.7618798088918,0.0 
 06/21  23:22:30,,,,24.7598472146063,0.0 
 06/21  23:30:00,25.4993234860799,25.5936557018658,30.,24.7639082786337,0.0 
 06/21  23:45:00,25.7743234860799,25.6080701570301,30.,24.8019055030721,0.0 
 06/21  24:00:00,26.0493234860799,25.6393090758999,30.,24.8202068365943,0.0 
