Time,CORE_BOTTOM::Des Heat Load [W],CORE_BOTTOM:MIAMI INTL AP ANN CLG .4% CONDNS DB=>MWB:Des Sens Cool Load [W],CORE_BOTTOM::Des Heat Mass Flow [kg/s],CORE_BOTTOM:MIAMI INTL AP ANN CLG .4% CONDNS DB=>MWB:Des Cool Mass Flow [kg/s],CORE_MID:MIAMI INTL AP ANN HTG 99.6% CONDNS DB:Des Heat Load [W],CORE_MID:MIAMI INTL AP ANN CLG .4% CONDNS DB=>MWB:Des Sens Cool Load [W],CORE_MID:MIAMI INTL AP ANN HTG 99.6% CONDNS DB:Des Heat Mass Flow [kg/s],CORE_MID:MIAMI INTL AP ANN CLG .4% CONDNS DB=>MWB:Des Cool Mass Flow [kg/s],CORE_TOP:MIAMI INTL AP ANN HTG 99.6% CONDNS DB:Des Heat Load [W],CORE_TOP:MIAMI INTL AP ANN CLG .4% CONDNS DB=>MWB:Des Sens Cool Load [W],CORE_TOP:MIAMI INTL AP ANN HTG 99.6% CONDNS DB:Des Heat Mass Flow [kg/s],CORE_TOP:MIAMI INTL AP ANN CLG .4% CONDNS DB=>MWB:Des Cool Mass Flow [kg/s],PERIMETER_TOP_ZN_3:MIAMI INTL AP ANN HTG 99.6% CONDNS DB:Des Heat Load [W],PERIMETER_TOP_ZN_3:MIAMI INTL AP ANN CLG .4% CONDNS DB=>MWB:Des Sens Cool Load [W],PERIMETER_TOP_ZN_3:MIAMI INTL AP ANN HTG 99.6% CONDNS DB:Des Heat Mass Flow [kg/s],PERIMETER_TOP_ZN_3:MIAMI INTL AP ANN CLG .4% CONDNS DB=>MWB:Des Cool Mass Flow [kg/s],PERIMETER_TOP_ZN_2:MIAMI INTL AP ANN HTG 99.6% CONDNS DB:Des Heat Load [W],PERIMETER_TOP_ZN_2:MIAMI INTL AP ANN CLG .4% CONDNS DB=>MWB:Des Sens Cool Load [W],PERIMETER_TOP_ZN_2:MIAMI INTL AP ANN HTG 99.6% CONDNS DB:Des Heat Mass Flow [kg/s],PERIMETER_TOP_ZN_2:MIAMI INTL AP ANN CLG .4% CONDNS DB=>MWB:Des Cool Mass Flow [kg/s],PERIMETER_TOP_ZN_1:MIAMI INTL AP ANN HTG 99.6% CONDNS DB:Des Heat Load [W],PERIMETER_TOP_ZN_1:MIAMI INTL AP ANN CLG .4% CONDNS DB=>MWB:Des Sens Cool Load [W],PERIMETER_TOP_ZN_1:MIAMI INTL AP ANN HTG 99.6% CONDNS DB:Des Heat Mass Flow [kg/s],PERIMETER_TOP_ZN_1:MIAMI INTL AP ANN CLG .4% CONDNS DB=>MWB:Des Cool Mass Flow [kg/s],PERIMETER_TOP_ZN_4:MIAMI INTL AP ANN HTG 99.6% CONDNS DB:Des Heat Load [W],PERIMETER_TOP_ZN_4:MIAMI INTL AP ANN CLG .4% CONDNS DB=>MWB:Des Sens Cool Load [W],PERIMETER_TOP_ZN_4:MIAMI INTL AP ANN HTG 99.6% CONDNS DB:Des Heat Mass Flow [kg/s],PERIMETER_TOP_ZN_4:MIAMI INTL AP ANN CLG .4% CONDNS DB=>MWB:Des Cool Mass Flow [kg/s],PERIMETER_BOT_ZN_3::Des Heat Load [W],PERIMETER_BOT_ZN_3:MIAMI INTL AP ANN CLG .4% CONDNS DB=>MWB:Des Sens Cool Load [W],PERIMETER_BOT_ZN_3::Des Heat Mass Flow [kg/s],PERIMETER_BOT_ZN_3:MIAMI INTL AP ANN CLG .4% CONDNS DB=>MWB:Des Cool Mass Flow [kg/s],PERIMETER_BOT_ZN_2::Des Heat Load [W],PERIMETER_BOT_ZN_2:MIAMI INTL AP ANN CLG .4% CONDNS DB=>MWB:Des Sens Cool Load [W],PERIMETER_BOT_ZN_2::Des Heat Mass Flow [kg/s],PERIMETER_BOT_ZN_2:MIAMI INTL AP ANN CLG .4% CONDNS DB=>MWB:Des Cool Mass Flow [kg/s],PERIMETER_BOT_ZN_1::Des Heat Load [W],PERIMETER_BOT_ZN_1:MIAMI INTL AP ANN CLG .4% CONDNS DB=>MWB:Des Sens Cool Load [W],PERIMETER_BOT_ZN_1::Des Heat Mass Flow [kg/s],PERIMETER_BOT_ZN_1:MIAMI INTL AP ANN CLG .4% CONDNS DB=>MWB:Des Cool Mass Flow [kg/s],PERIMETER_BOT_ZN_4::Des Heat Load [W],PERIMETER_BOT_ZN_4:MIAMI INTL AP ANN CLG .4% CONDNS DB=>MWB:Des Sens Cool Load [W],PERIMETER_BOT_ZN_4::Des Heat Mass Flow [kg/s],PERIMETER_BOT_ZN_4:MIAMI INTL AP ANN CLG .4% CONDNS DB=>MWB:Des Cool Mass Flow [kg/s],PERIMETER_MID_ZN_3:MIAMI INTL AP ANN HTG 99.6% CONDNS DB:Des Heat Load [W],PERIMETER_MID_ZN_3:MIAMI INTL AP ANN CLG .4% CONDNS DB=>MWB:Des Sens Cool Load [W],PERIMETER_MID_ZN_3:MIAMI INTL AP ANN HTG 99.6% CONDNS DB:Des Heat Mass Flow [kg/s],PERIMETER_MID_ZN_3:MIAMI INTL AP ANN CLG .4% CONDNS DB=>MWB:Des Cool Mass Flow [kg/s],PERIMETER_MID_ZN_2:MIAMI INTL AP ANN HTG 99.6% CONDNS DB:Des Heat Load [W],PERIMETER_MID_ZN_2:MIAMI INTL AP ANN CLG .4% CONDNS DB=>MWB:Des Sens Cool Load [W],PERIMETER_MID_ZN_2:MIAMI INTL AP ANN HTG 99.6% CONDNS DB:Des Heat Mass Flow [kg/s],PERIMETER_MID_ZN_2:MIAMI INTL AP ANN CLG .4% CONDNS DB=>MWB:Des Cool Mass Flow [kg/s],PERIMETER_MID_ZN_1:MIAMI INTL AP ANN HTG 99.6% CONDNS DB:Des Heat Load [W],PERIMETER_MID_ZN_1:MIAMI INTL AP ANN CLG .4% CONDNS DB=>MWB:Des Sens Cool Load [W],PERIMETER_MID_ZN_1:MIAMI INTL AP ANN HTG 99.6% CONDNS DB:Des Heat Mass Flow [kg/s],PERIMETER_MID_ZN_1:MIAMI INTL AP ANN CLG .4% CONDNS DB=>MWB:Des Cool Mass Flow [kg/s],PERIMETER_MID_ZN_4:MIAMI INTL AP ANN HTG 99.6% CONDNS DB:Des Heat Load [W],PERIMETER_MID_ZN_4:MIAMI INTL AP ANN CLG .4% CONDNS DB=>MWB:Des Sens Cool Load [W],PERIMETER_MID_ZN_4:MIAMI INTL AP ANN HTG 99.6% CONDNS DB:Des Heat Mass Flow [kg/s],PERIMETER_MID_ZN_4:MIAMI INTL AP ANN CLG .4% CONDNS DB=>MWB:Des Cool Mass Flow [kg/s] 
00:15:00,0.000000E+00,1.781362E+04,0.000000E+00,1.255748E+00,4.149273E+02,6.297271E+03,1.667649E-02,4.439494E-01,4.473837E+03,6.960226E+03,1.798097E-01,4.906569E-01,2.511387E+03,1.446495E+03,1.009345E-01,1.019749E-01,1.663729E+03,9.516249E+02,6.686640E-02,6.708936E-02,2.538822E+03,1.437306E+03,1.020371E-01,1.013263E-01,1.660546E+03,1.113386E+03,6.673850E-02,7.849106E-02,0.000000E+00,0.000000E+00,0.000000E+00,0.000000E+00,0.000000E+00,3.761918E+02,0.000000E+00,2.652279E-02,0.000000E+00,6.943138E+02,0.000000E+00,4.894953E-02,0.000000E+00,4.911037E+02,0.000000E+00,3.461963E-02,1.498414E+03,1.324730E+03,6.022254E-02,9.338879E-02,1.024264E+03,8.764003E+02,4.116601E-02,6.178215E-02,1.533880E+03,1.315442E+03,6.164793E-02,9.273476E-02,1.022973E+03,1.043870E+03,4.111413E-02,7.359016E-02 
00:30:00,0.000000E+00,1.844830E+04,0.000000E+00,1.300430E+00,4.150168E+02,7.001955E+03,1.668008E-02,4.936057E-01,4.475050E+03,7.666575E+03,1.798584E-01,5.404266E-01,2.511669E+03,1.584925E+03,1.009458E-01,1.117314E-01,1.663906E+03,1.040703E+03,6.687352E-02,7.336651E-02,2.539097E+03,1.576283E+03,1.020481E-01,1.111218E-01,1.660723E+03,1.207538E+03,6.674560E-02,8.512686E-02,0.000000E+00,0.000000E+00,0.000000E+00,0.000000E+00,0.000000E+00,4.488827E+02,0.000000E+00,3.164684E-02,0.000000E+00,8.165307E+02,0.000000E+00,5.756473E-02,0.000000E+00,5.685444E+02,0.000000E+00,4.007848E-02,1.498460E+03,1.462776E+03,6.022436E-02,1.031171E-01,1.024293E+03,9.653247E+02,4.116719E-02,6.804984E-02,1.533925E+03,1.454069E+03,6.164972E-02,1.025040E-01,1.023002E+03,1.133914E+03,4.111530E-02,7.993710E-02 
00:45:00,0.000000E+00,1.878191E+04,0.000000E+00,1.323916E+00,4.150430E+02,7.399684E+03,1.668114E-02,5.216134E-01,4.476064E+03,8.045886E+03,1.798991E-01,5.671583E-01,2.511907E+03,1.662258E+03,1.009553E-01,1.171796E-01,1.664056E+03,1.090741E+03,6.687957E-02,7.689110E-02,2.539331E+03,1.655487E+03,1.020575E-01,1.167024E-01,1.660873E+03,1.250777E+03,6.675162E-02,8.817227E-02,0.000000E+00,0.000000E+00,0.000000E+00,0.000000E+00,0.000000E+00,5.084822E+02,0.000000E+00,3.584777E-02,0.000000E+00,8.968033E+02,0.000000E+00,6.322305E-02,0.000000E+00,6.189381E+02,0.000000E+00,4.362982E-02,1.498489E+03,1.544477E+03,6.022554E-02,1.088762E-01,1.024313E+03,1.017134E+03,4.116796E-02,7.170175E-02,1.533953E+03,1.536862E+03,6.165087E-02,1.083395E-01,1.023022E+03,1.178346E+03,4.111607E-02,8.306567E-02 
01:00:00,0.000000E+00,1.903697E+04,0.000000E+00,1.341896E+00,4.150220E+02,7.643524E+03,1.668029E-02,5.387850E-01,4.476915E+03,8.280142E+03,1.799333E-01,5.836592E-01,2.512109E+03,1.709359E+03,1.009634E-01,1.204999E-01,1.664183E+03,1.121790E+03,6.688465E-02,7.908008E-02,2.539527E+03,1.704629E+03,1.020654E-01,1.201666E-01,1.660999E+03,1.274765E+03,6.675669E-02,8.986418E-02,0.000000E+00,0.000000E+00,0.000000E+00,0.000000E+00,0.000000E+00,5.452500E+02,0.000000E+00,3.843638E-02,0.000000E+00,9.385459E+02,0.000000E+00,6.616019E-02,0.000000E+00,6.464841E+02,0.000000E+00,4.557151E-02,1.498505E+03,1.593944E+03,6.022619E-02,1.123623E-01,1.024323E+03,1.049692E+03,4.116839E-02,7.399652E-02,1.533969E+03,1.588165E+03,6.165149E-02,1.119551E-01,1.023032E+03,1.204009E+03,4.111650E-02,8.487509E-02 
01:15:00,0.000000E+00,1.925108E+04,0.000000E+00,1.356987E+00,4.149788E+02,7.832119E+03,1.667855E-02,5.520795E-01,4.477669E+03,8.462410E+03,1.799637E-01,5.965076E-01,2.512285E+03,1.742584E+03,1.009705E-01,1.228440E-01,1.664294E+03,1.143742E+03,6.688912E-02,8.062888E-02,2.539699E+03,1.739840E+03,1.020723E-01,1.226506E-01,1.661110E+03,1.289803E+03,6.676114E-02,9.092573E-02,0.000000E+00,0.000000E+00,0.000000E+00,0.000000E+00,0.000000E+00,5.670647E+02,0.000000E+00,3.997344E-02,0.000000E+00,9.625446E+02,0.000000E+00,6.785156E-02,0.000000E+00,6.632230E+02,0.000000E+00,4.675182E-02,1.498514E+03,1.629159E+03,6.022654E-02,1.148464E-01,1.024329E+03,1.072923E+03,4.116863E-02,7.563523E-02,1.533977E+03,1.625211E+03,6.165182E-02,1.145681E-01,1.023038E+03,1.220704E+03,4.111675E-02,8.605317E-02 
01:30:00,0.000000E+00,1.943528E+04,0.000000E+00,1.369969E+00,4.149249E+02,7.995986E+03,1.667639E-02,5.636305E-01,4.478360E+03,8.617326E+03,1.799914E-01,6.074276E-01,2.512445E+03,1.767324E+03,1.009769E-01,1.245899E-01,1.664395E+03,1.159903E+03,6.689316E-02,8.176943E-02,2.539854E+03,1.766449E+03,1.020785E-01,1.245283E-01,1.661210E+03,1.299059E+03,6.676517E-02,9.157964E-02,0.000000E+00,0.000000E+00,0.000000E+00,0.000000E+00,0.000000E+00,5.817052E+02,0.000000E+00,4.100588E-02,0.000000E+00,9.789117E+02,0.000000E+00,6.900595E-02,0.000000E+00,6.749673E+02,0.000000E+00,4.758011E-02,1.498519E+03,1.656397E+03,6.022672E-02,1.167680E-01,1.024333E+03,1.090698E+03,4.116876E-02,7.688933E-02,1.533981E+03,1.654208E+03,6.165199E-02,1.166138E-01,1.023042E+03,1.231844E+03,4.111688E-02,8.683964E-02 
01:45:00,0.000000E+00,1.959654E+04,0.000000E+00,1.381332E+00,4.148620E+02,8.142571E+03,1.667386E-02,5.739629E-01,4.478994E+03,8.751907E+03,1.800169E-01,6.169136E-01,2.512590E+03,1.785818E+03,1.009828E-01,1.258953E-01,1.664486E+03,1.171747E+03,6.689683E-02,8.260553E-02,2.539995E+03,1.786657E+03,1.020842E-01,1.259546E-01,1.661301E+03,1.304154E+03,6.676882E-02,9.194003E-02,0.000000E+00,0.000000E+00,0.000000E+00,0.000000E+00,0.000000E+00,5.928351E+02,0.000000E+00,4.179082E-02,0.000000E+00,9.914117E+02,0.000000E+00,6.988770E-02,0.000000E+00,6.832637E+02,0.000000E+00,4.816534E-02,1.498520E+03,1.677911E+03,6.022677E-02,1.182860E-01,1.024334E+03,1.104490E+03,4.116881E-02,7.786250E-02,1.533982E+03,1.677363E+03,6.165203E-02,1.182474E-01,1.023043E+03,1.239077E+03,4.111693E-02,8.735049E-02 
02:00:00,0.000000E+00,1.974051E+04,0.000000E+00,1.391477E+00,4.147910E+02,8.276091E+03,1.667101E-02,5.833739E-01,4.479577E+03,8.870747E+03,1.800403E-01,6.252897E-01,2.512722E+03,1.799774E+03,1.009881E-01,1.268806E-01,1.664569E+03,1.180440E+03,6.690017E-02,8.321928E-02,2.540124E+03,1.802168E+03,1.020894E-01,1.270495E-01,1.661384E+03,1.306352E+03,6.677215E-02,9.209596E-02,0.000000E+00,0.000000E+00,0.000000E+00,0.000000E+00,0.000000E+00,6.013494E+02,0.000000E+00,4.239136E-02,0.000000E+00,1.000828E+03,0.000000E+00,7.055201E-02,0.000000E+00,6.889719E+02,0.000000E+00,4.856808E-02,1.498519E+03,1.695330E+03,6.022670E-02,1.195151E-01,1.024333E+03,1.115404E+03,4.116878E-02,7.863269E-02,1.533981E+03,1.696283E+03,6.165195E-02,1.195824E-01,1.023043E+03,1.243638E+03,4.111690E-02,8.767285E-02 
02:15:00,0.000000E+00,1.988542E+04,0.000000E+00,1.401689E+00,4.153153E+02,8.413570E+03,1.669208E-02,5.930639E-01,4.480401E+03,8.991068E+03,1.800735E-01,6.337702E-01,2.512907E+03,1.813364E+03,1.009955E-01,1.278400E-01,1.664686E+03,1.188691E+03,6.690485E-02,8.380187E-02,2.540305E+03,1.817161E+03,1.020966E-01,1.281078E-01,1.661500E+03,1.308408E+03,6.677681E-02,9.224184E-02,0.000000E+00,0.000000E+00,0.000000E+00,0.000000E+00,0.000000E+00,6.098210E+02,0.000000E+00,4.298887E-02,0.000000E+00,1.011026E+03,0.000000E+00,7.127143E-02,0.000000E+00,6.946240E+02,0.000000E+00,4.896685E-02,1.498659E+03,1.712788E+03,6.023236E-02,1.207470E-01,1.024423E+03,1.126125E+03,4.117237E-02,7.938927E-02,1.534120E+03,1.715103E+03,6.165756E-02,1.209103E-01,1.023132E+03,1.248278E+03,4.112048E-02,8.800070E-02 
02:30:00,0.000000E+00,2.002063E+04,0.000000E+00,1.411217E+00,4.158374E+02,8.543272E+03,1.671306E-02,6.022058E-01,4.481201E+03,9.101449E+03,1.801056E-01,6.415500E-01,2.513084E+03,1.824396E+03,1.010026E-01,1.286190E-01,1.664798E+03,1.195158E+03,6.690934E-02,8.425865E-02,2.540479E+03,1.829453E+03,1.021036E-01,1.289757E-01,1.661611E+03,1.308987E+03,6.678129E-02,9.228356E-02,0.000000E+00,0.000000E+00,0.000000E+00,0.000000E+00,0.000000E+00,6.169517E+02,0.000000E+00,4.349187E-02,0.000000E+00,1.019798E+03,0.000000E+00,7.189028E-02,0.000000E+00,6.988824E+02,0.000000E+00,4.926738E-02,1.498799E+03,1.728083E+03,6.023797E-02,1.218263E-01,1.024511E+03,1.135305E+03,4.117593E-02,8.003715E-02,1.534259E+03,1.731625E+03,6.166313E-02,1.220761E-01,1.023220E+03,1.251663E+03,4.112403E-02,8.824011E-02 
02:45:00,0.000000E+00,2.014938E+04,0.000000E+00,1.420289E+00,4.163564E+02,8.667196E+03,1.673392E-02,6.109394E-01,4.481978E+03,9.204194E+03,1.801368E-01,6.487907E-01,2.513256E+03,1.833969E+03,1.010095E-01,1.292943E-01,1.664906E+03,1.200592E+03,6.691369E-02,8.464200E-02,2.540647E+03,1.840165E+03,1.021104E-01,1.297313E-01,1.661719E+03,1.308839E+03,6.678561E-02,9.227336E-02,0.000000E+00,0.000000E+00,0.000000E+00,0.000000E+00,0.000000E+00,6.233642E+02,0.000000E+00,4.394406E-02,0.000000E+00,1.028020E+03,0.000000E+00,7.247012E-02,0.000000E+00,7.023119E+02,0.000000E+00,4.950928E-02,1.498937E+03,1.742206E+03,6.024352E-02,1.228223E-01,1.024599E+03,1.143623E+03,4.117945E-02,8.062379E-02,1.534396E+03,1.746854E+03,6.166864E-02,1.231502E-01,1.023307E+03,1.254476E+03,4.112754E-02,8.843870E-02 
03:00:00,0.000000E+00,2.027179E+04,0.000000E+00,1.428914E+00,4.168695E+02,8.786189E+03,1.675454E-02,6.193256E-01,4.482729E+03,9.300487E+03,1.801670E-01,6.555766E-01,2.513421E+03,1.842387E+03,1.010162E-01,1.298881E-01,1.665010E+03,1.205213E+03,6.691787E-02,8.496800E-02,2.540809E+03,1.849609E+03,1.021169E-01,1.303974E-01,1.661823E+03,1.308175E+03,6.678978E-02,9.222673E-02,0.000000E+00,0.000000E+00,0.000000E+00,0.000000E+00,0.000000E+00,6.294560E+02,0.000000E+00,4.437362E-02,0.000000E+00,1.035986E+03,0.000000E+00,7.303182E-02,0.000000E+00,7.051443E+02,0.000000E+00,4.970907E-02,1.499074E+03,1.755431E+03,6.024900E-02,1.237550E-01,1.024686E+03,1.151284E+03,4.118293E-02,8.116406E-02,1.534532E+03,1.761076E+03,6.167408E-02,1.241530E-01,1.023394E+03,1.256917E+03,4.113101E-02,8.861096E-02 
03:15:00,0.000000E+00,2.038914E+04,0.000000E+00,1.437184E+00,4.173759E+02,8.901176E+03,1.677490E-02,6.274294E-01,4.483457E+03,9.391515E+03,1.801963E-01,6.619917E-01,2.513581E+03,1.849732E+03,1.010226E-01,1.304062E-01,1.665110E+03,1.209090E+03,6.692191E-02,8.524149E-02,2.540965E+03,1.857885E+03,1.021232E-01,1.309811E-01,1.661923E+03,1.307046E+03,6.679380E-02,9.214730E-02,0.000000E+00,0.000000E+00,0.000000E+00,0.000000E+00,0.000000E+00,6.349764E+02,0.000000E+00,4.476284E-02,0.000000E+00,1.043348E+03,0.000000E+00,7.355090E-02,0.000000E+00,7.074354E+02,0.000000E+00,4.987069E-02,1.499208E+03,1.767810E+03,6.025440E-02,1.246279E-01,1.024771E+03,1.158336E+03,4.118636E-02,8.166139E-02,1.534665E+03,1.774353E+03,6.167945E-02,1.250893E-01,1.023479E+03,1.259020E+03,4.113442E-02,8.875930E-02 
03:30:00,0.000000E+00,2.050233E+04,0.000000E+00,1.445161E+00,4.178754E+02,9.012737E+03,1.679497E-02,6.352920E-01,4.484161E+03,9.478103E+03,1.802246E-01,6.680939E-01,2.513735E+03,1.856259E+03,1.010288E-01,1.308666E-01,1.665207E+03,1.212399E+03,6.692581E-02,8.547492E-02,2.541116E+03,1.865252E+03,1.021292E-01,1.315007E-01,1.662019E+03,1.305614E+03,6.679768E-02,9.204641E-02,0.000000E+00,0.000000E+00,0.000000E+00,0.000000E+00,0.000000E+00,6.400347E+02,0.000000E+00,4.511950E-02,0.000000E+00,1.050230E+03,0.000000E+00,7.403613E-02,0.000000E+00,7.093393E+02,0.000000E+00,5.000499E-02,1.499340E+03,1.779555E+03,6.025973E-02,1.254561E-01,1.024855E+03,1.164931E+03,4.118974E-02,8.212646E-02,1.534797E+03,1.786907E+03,6.168473E-02,1.259745E-01,1.023562E+03,1.260920E+03,4.113779E-02,8.889336E-02 
03:45:00,0.000000E+00,2.061212E+04,0.000000E+00,1.452899E+00,4.183680E+02,9.121299E+03,1.681477E-02,6.429434E-01,4.484845E+03,9.560887E+03,1.802521E-01,6.739282E-01,2.513884E+03,1.862178E+03,1.010348E-01,1.312840E-01,1.665301E+03,1.215289E+03,6.692959E-02,8.567871E-02,2.541262E+03,1.871931E+03,1.021351E-01,1.319717E-01,1.662113E+03,1.304008E+03,6.680144E-02,9.193324E-02,0.000000E+00,0.000000E+00,0.000000E+00,0.000000E+00,0.000000E+00,6.447406E+02,0.000000E+00,4.545131E-02,0.000000E+00,1.056746E+03,0.000000E+00,7.449560E-02,0.000000E+00,7.109720E+02,0.000000E+00,5.012017E-02,1.499471E+03,1.790837E+03,6.026497E-02,1.262516E-01,1.024938E+03,1.171193E+03,4.119307E-02,8.256799E-02,1.534926E+03,1.798916E+03,6.168994E-02,1.268213E-01,1.023645E+03,1.262724E+03,4.114111E-02,8.902064E-02 
04:00:00,0.000000E+00,2.071887E+04,0.000000E+00,1.460423E+00,4.188537E+02,9.227176E+03,1.683429E-02,6.504055E-01,4.485510E+03,9.640362E+03,1.802788E-01,6.795294E-01,2.514029E+03,1.867646E+03,1.010406E-01,1.316696E-01,1.665393E+03,1.217869E+03,6.693325E-02,8.586071E-02,2.541404E+03,1.878087E+03,1.021408E-01,1.324058E-01,1.662204E+03,1.302322E+03,6.680509E-02,9.181443E-02,0.000000E+00,0.000000E+00,0.000000E+00,0.000000E+00,0.000000E+00,6.491630E+02,0.000000E+00,4.576313E-02,0.000000E+00,1.062979E+03,0.000000E+00,7.493505E-02,0.000000E+00,7.124099E+02,0.000000E+00,5.022160E-02,1.499599E+03,1.801779E+03,6.027013E-02,1.270231E-01,1.025019E+03,1.177211E+03,4.119634E-02,8.299231E-02,1.535054E+03,1.810511E+03,6.169507E-02,1.276388E-01,1.023726E+03,1.264506E+03,4.114437E-02,8.914634E-02 
04:15:00,0.000000E+00,2.082237E+04,0.000000E+00,1.467718E+00,4.193328E+02,9.330596E+03,1.685355E-02,6.576946E-01,4.486156E+03,9.716911E+03,1.803048E-01,6.849244E-01,2.514170E+03,1.872766E+03,1.010462E-01,1.320306E-01,1.665481E+03,1.220230E+03,6.693681E-02,8.602719E-02,2.541541E+03,1.883850E+03,1.021463E-01,1.328122E-01,1.662292E+03,1.300615E+03,6.680863E-02,9.169415E-02,0.000000E+00,0.000000E+00,0.000000E+00,0.000000E+00,0.000000E+00,6.533593E+02,0.000000E+00,4.605901E-02,0.000000E+00,1.068994E+03,0.000000E+00,7.535917E-02,0.000000E+00,7.137321E+02,0.000000E+00,5.031487E-02,1.499726E+03,1.812447E+03,6.027521E-02,1.277753E-01,1.025100E+03,1.183050E+03,4.119957E-02,8.340405E-02,1.535180E+03,1.821786E+03,6.170012E-02,1.284338E-01,1.023806E+03,1.266304E+03,4.114759E-02,8.927312E-02 
04:30:00,0.000000E+00,2.092305E+04,0.000000E+00,1.474814E+00,4.198054E+02,9.431869E+03,1.687254E-02,6.648325E-01,4.486786E+03,9.790913E+03,1.803301E-01,6.901401E-01,2.514306E+03,1.877626E+03,1.010517E-01,1.323733E-01,1.665567E+03,1.222422E+03,6.694026E-02,8.618177E-02,2.541675E+03,1.889300E+03,1.021517E-01,1.331965E-01,1.662378E+03,1.298930E+03,6.681208E-02,9.157542E-02,0.000000E+00,0.000000E+00,0.000000E+00,0.000000E+00,0.000000E+00,6.573654E+02,0.000000E+00,4.634147E-02,0.000000E+00,1.074840E+03,0.000000E+00,7.577137E-02,0.000000E+00,7.149995E+02,0.000000E+00,5.040426E-02,1.499851E+03,1.822918E+03,6.028022E-02,1.285135E-01,1.025179E+03,1.188757E+03,4.120275E-02,8.380641E-02,1.535303E+03,1.832811E+03,6.170510E-02,1.292111E-01,1.023885E+03,1.268154E+03,4.115075E-02,8.940357E-02 
04:45:00,0.000000E+00,2.102102E+04,0.000000E+00,1.481720E+00,4.202571E+02,9.531062E+03,1.689069E-02,6.718238E-01,4.487382E+03,9.862568E+03,1.803540E-01,6.951904E-01,2.514436E+03,1.882306E+03,1.010569E-01,1.327033E-01,1.665649E+03,1.224500E+03,6.694354E-02,8.632829E-02,2.541802E+03,1.894520E+03,1.021568E-01,1.335645E-01,1.662459E+03,1.297313E+03,6.681533E-02,9.146142E-02,0.000000E+00,0.000000E+00,0.000000E+00,0.000000E+00,0.000000E+00,6.612418E+02,0.000000E+00,4.661478E-02,0.000000E+00,1.080566E+03,0.000000E+00,7.617505E-02,0.000000E+00,7.162605E+02,0.000000E+00,5.049320E-02,1.499970E+03,1.833250E+03,6.028501E-02,1.292420E-01,1.025254E+03,1.194371E+03,4.120579E-02,8.420224E-02,1.535422E+03,1.843644E+03,6.170986E-02,1.299749E-01,1.023960E+03,1.270087E+03,4.115378E-02,8.953988E-02 
05:00:00,0.000000E+00,2.111638E+04,0.000000E+00,1.488441E+00,4.206868E+02,9.628226E+03,1.690797E-02,6.786722E-01,4.487946E+03,9.932040E+03,1.803767E-01,7.000868E-01,2.514558E+03,1.886862E+03,1.010619E-01,1.330245E-01,1.665726E+03,1.226504E+03,6.694664E-02,8.646954E-02,2.541922E+03,1.899569E+03,1.021616E-01,1.339205E-01,1.662535E+03,1.295791E+03,6.681842E-02,9.135412E-02,0.000000E+00,0.000000E+00,0.000000E+00,0.000000E+00,0.000000E+00,6.650302E+02,0.000000E+00,4.688188E-02,0.000000E+00,1.086199E+03,0.000000E+00,7.657224E-02,0.000000E+00,7.175458E+02,0.000000E+00,5.058384E-02,1.500083E+03,1.843474E+03,6.028957E-02,1.299628E-01,1.025326E+03,1.199919E+03,4.120868E-02,8.459337E-02,1.535535E+03,1.854325E+03,6.171439E-02,1.307279E-01,1.024032E+03,1.272118E+03,4.115666E-02,8.968307E-02 
05:15:00,0.000000E+00,2.235411E+04,0.000000E+00,1.587380E+00,4.211177E+02,1.089152E+04,1.692528E-02,7.738696E-01,4.488507E+03,1.117468E+04,1.803993E-01,7.939457E-01,2.514679E+03,2.163566E+03,1.010667E-01,1.538264E-01,1.665802E+03,1.403255E+03,6.694970E-02,9.977360E-02,2.542040E+03,2.176535E+03,1.021664E-01,1.547473E-01,1.662611E+03,1.471764E+03,6.682147E-02,1.046409E-01,0.000000E+00,0.000000E+00,0.000000E+00,0.000000E+00,0.000000E+00,8.135502E+02,0.000000E+00,5.782283E-02,0.000000E+00,1.320365E+03,0.000000E+00,9.384070E-02,0.000000E+00,8.675113E+02,0.000000E+00,6.166343E-02,1.500196E+03,2.123873E+03,6.029411E-02,1.510081E-01,1.025398E+03,1.379018E+03,4.121156E-02,9.805269E-02,1.535647E+03,2.134918E+03,6.171890E-02,1.517922E-01,1.024104E+03,1.450591E+03,4.115953E-02,1.031379E-01 
05:30:00,0.000000E+00,2.272880E+04,0.000000E+00,1.630099E+00,4.215353E+02,1.127487E+04,1.694207E-02,8.093972E-01,4.489046E+03,1.153287E+04,1.804209E-01,8.278170E-01,2.514795E+03,2.268677E+03,1.010714E-01,1.630910E-01,1.665875E+03,1.472201E+03,6.695264E-02,1.058447E-01,2.542154E+03,2.282298E+03,1.021709E-01,1.640693E-01,1.662684E+03,1.538940E+03,6.682440E-02,1.106307E-01,0.000000E+00,0.000000E+00,0.000000E+00,0.000000E+00,0.000000E+00,8.472544E+02,0.000000E+00,6.083092E-02,0.000000E+00,1.371523E+03,0.000000E+00,9.845908E-02,0.000000E+00,9.024619E+02,0.000000E+00,6.480628E-02,1.500305E+03,2.233281E+03,6.029850E-02,1.605598E-01,1.025467E+03,1.450624E+03,4.121435E-02,1.043015E-01,1.535756E+03,2.244884E+03,6.172327E-02,1.613929E-01,1.024173E+03,1.520523E+03,4.116231E-02,1.093147E-01 
05:45:00,0.000000E+00,2.362136E+04,0.000000E+00,1.712220E+00,4.219350E+02,1.218413E+04,1.695813E-02,8.849362E-01,4.489559E+03,1.241442E+04,1.804415E-01,9.014875E-01,2.514906E+03,2.481159E+03,1.010758E-01,1.805173E-01,1.665945E+03,1.608656E+03,6.695544E-02,1.170468E-01,2.542262E+03,2.495387E+03,1.021753E-01,1.815499E-01,1.662753E+03,1.673290E+03,6.682718E-02,1.217236E-01,0.000000E+00,0.000000E+00,0.000000E+00,0.000000E+00,0.000000E+00,9.637129E+02,0.000000E+00,7.012779E-02,0.000000E+00,1.552353E+03,0.000000E+00,1.129313E-01,0.000000E+00,1.018254E+03,0.000000E+00,7.409077E-02,1.500410E+03,2.450352E+03,6.030271E-02,1.782988E-01,1.025534E+03,1.589907E+03,4.121702E-02,1.156965E-01,1.535859E+03,2.462482E+03,6.172744E-02,1.791789E-01,1.024239E+03,1.657770E+03,4.116497E-02,1.206076E-01 
06:00:00,0.000000E+00,2.435485E+04,0.000000E+00,1.782324E+00,4.223205E+02,1.292697E+04,1.697362E-02,9.479027E-01,4.490052E+03,1.312723E+04,1.804613E-01,9.623910E-01,2.515012E+03,2.676881E+03,1.010801E-01,1.966749E-01,1.666011E+03,1.754441E+03,6.695812E-02,1.289601E-01,2.542366E+03,2.679216E+03,1.021795E-01,1.968124E-01,1.662820E+03,1.789614E+03,6.682985E-02,1.314469E-01,0.000000E+00,0.000000E+00,0.000000E+00,0.000000E+00,0.000000E+00,1.085840E+03,0.000000E+00,7.985877E-02,0.000000E+00,1.699754E+03,0.000000E+00,1.248693E-01,0.000000E+00,1.113632E+03,0.000000E+00,8.182609E-02,1.500511E+03,2.651221E+03,6.030675E-02,1.948151E-01,1.025598E+03,1.739307E+03,4.121958E-02,1.278645E-01,1.535959E+03,2.651232E+03,6.173146E-02,1.947818E-01,1.024302E+03,1.777214E+03,4.116752E-02,1.305501E-01 
06:15:00,0.000000E+00,2.628823E+04,0.000000E+00,1.954269E+00,4.226938E+02,1.485967E+04,1.698863E-02,1.108160E+00,4.490527E+03,1.502909E+04,1.804804E-01,1.120518E+00,2.491294E+03,3.172343E+03,1.001269E-01,2.372383E-01,1.650196E+03,2.145857E+03,6.632247E-02,1.607868E-01,2.518646E+03,3.131868E+03,1.012261E-01,2.340214E-01,1.647004E+03,2.081335E+03,6.619419E-02,1.555012E-01,0.000000E+00,0.000000E+00,0.000000E+00,0.000000E+00,0.000000E+00,1.439297E+03,0.000000E+00,1.081276E-01,0.000000E+00,2.091189E+03,0.000000E+00,1.564267E-01,0.000000E+00,1.368198E+03,0.000000E+00,1.023655E-01,1.480853E+03,3.153064E+03,5.951669E-02,2.358380E-01,1.012489E+03,2.136147E+03,4.069275E-02,1.600915E-01,1.516301E+03,3.109577E+03,6.094138E-02,2.323944E-01,1.011194E+03,2.072602E+03,4.064068E-02,1.548700E-01 
06:30:00,0.000000E+00,2.793724E+04,0.000000E+00,2.112736E+00,4.229236E+02,1.651303E+04,1.699786E-02,1.252907E+00,4.490769E+03,1.665023E+04,1.804902E-01,1.263000E+00,2.467550E+03,3.642658E+03,9.917262E-02,2.773249E-01,1.634364E+03,2.576181E+03,6.568623E-02,1.968482E-01,2.494899E+03,3.533949E+03,1.002718E-01,2.686454E-01,1.631172E+03,2.340824E+03,6.555794E-02,1.779229E-01,0.000000E+00,4.057648E+03,0.000000E+00,6.995872E-01,0.000000E+00,1.840456E+03,0.000000E+00,1.411631E-01,0.000000E+00,2.443725E+03,0.000000E+00,1.860777E-01,0.000000E+00,1.598124E+03,0.000000E+00,1.217106E-01,1.461175E+03,3.630153E+03,5.872584E-02,2.764259E-01,9.993690E+02,2.572862E+03,4.016545E-02,1.966400E-01,1.496622E+03,3.517651E+03,6.015049E-02,2.674546E-01,9.980732E+02,2.335872E+03,4.011337E-02,1.775729E-01 
06:45:00,0.000000E+00,2.951316E+04,0.000000E+00,2.265519E+00,4.226983E+02,1.810579E+04,1.698881E-02,1.392941E+00,4.490217E+03,1.821286E+04,1.804680E-01,1.400900E+00,2.443574E+03,4.131697E+03,9.820907E-02,3.189334E-01,1.618384E+03,3.082133E+03,6.504403E-02,2.389979E-01,2.470920E+03,3.921079E+03,9.930812E-02,3.020852E-01,1.615192E+03,2.592710E+03,6.491574E-02,1.997396E-01,0.000000E+00,7.103117E+03,0.000000E+00,1.547319E+00,0.000000E+00,2.319261E+03,0.000000E+00,1.804486E-01,0.000000E+00,2.786121E+03,0.000000E+00,2.149284E-01,0.000000E+00,1.826892E+03,0.000000E+00,1.409695E-01,1.441338E+03,4.125605E+03,5.792862E-02,3.185134E-01,9.861460E+02,3.085807E+03,3.963403E-02,2.393292E-01,1.476783E+03,3.910319E+03,5.935316E-02,3.013010E-01,9.848501E+02,2.591176E+03,3.958195E-02,1.996459E-01 
07:00:00,0.000000E+00,3.098375E+04,0.000000E+00,2.409960E+00,4.220927E+02,1.961765E+04,1.696447E-02,1.526593E+00,4.488913E+03,1.969996E+04,1.804156E-01,1.532817E+00,2.419473E+03,4.623833E+03,9.724046E-02,3.608007E-01,1.602326E+03,3.647817E+03,6.439866E-02,2.859535E-01,2.446816E+03,4.298152E+03,9.833941E-02,3.347268E-01,1.599134E+03,2.837322E+03,6.427038E-02,2.209733E-01,0.000000E+00,1.008161E+04,0.000000E+00,2.430474E+00,0.000000E+00,2.854231E+03,0.000000E+00,2.242544E-01,0.000000E+00,3.118787E+03,0.000000E+00,2.430068E-01,0.000000E+00,2.042321E+03,0.000000E+00,1.591605E-01,1.421436E+03,4.623125E+03,5.712876E-02,3.607835E-01,9.728819E+02,3.658453E+03,3.910095E-02,2.868255E-01,1.456877E+03,4.291862E+03,5.855316E-02,3.342697E-01,9.715862E+02,2.838474E+03,3.904887E-02,2.210812E-01 
07:15:00,0.000000E+00,3.266032E+04,0.000000E+00,2.590666E+00,4.211478E+02,2.132546E+04,1.692650E-02,1.695678E+00,4.486972E+03,2.138631E+04,1.803376E-01,1.700387E+00,2.395209E+03,5.199648E+03,9.626532E-02,4.147114E-01,1.586165E+03,4.343536E+03,6.374917E-02,3.481094E-01,2.422552E+03,4.744053E+03,9.736423E-02,3.776643E-01,1.582973E+03,3.124425E+03,6.362091E-02,2.487097E-01,0.000000E+00,1.260222E+04,0.000000E+00,3.193162E+00,0.000000E+00,3.531242E+03,0.000000E+00,2.838255E-01,0.000000E+00,3.533977E+03,0.000000E+00,2.818343E-01,0.000000E+00,2.304724E+03,0.000000E+00,1.837701E-01,1.401428E+03,5.204331E+03,5.632465E-02,4.151064E-01,9.595504E+02,4.361793E+03,3.856516E-02,3.495976E-01,1.436866E+03,4.742235E+03,5.774890E-02,3.775391E-01,9.582549E+02,3.128050E+03,3.851309E-02,2.490058E-01 
07:30:00,0.000000E+00,3.423071E+04,0.000000E+00,2.762418E+00,4.199035E+02,2.296935E+04,1.687648E-02,1.857433E+00,4.484416E+03,2.302959E+04,1.802348E-01,1.862336E+00,2.370805E+03,5.773299E+03,9.528456E-02,4.688098E-01,1.569916E+03,5.087357E+03,6.309614E-02,4.157199E-01,2.398148E+03,5.189140E+03,9.638350E-02,4.205418E-01,1.566725E+03,3.414006E+03,6.296790E-02,2.766906E-01,0.000000E+00,1.501865E+04,0.000000E+00,3.931409E+00,0.000000E+00,4.263260E+03,0.000000E+00,3.491893E-01,0.000000E+00,3.966180E+03,0.000000E+00,3.217824E-01,0.000000E+00,2.576270E+03,0.000000E+00,2.089599E-01,1.381341E+03,5.779171E+03,5.551733E-02,4.692747E-01,9.461682E+02,5.111021E+03,3.802733E-02,4.176597E-01,1.416775E+03,5.187752E+03,5.694145E-02,4.204166E-01,9.448731E+02,3.417569E+03,3.797528E-02,2.769658E-01 
07:45:00,0.000000E+00,3.567842E+04,0.000000E+00,2.929624E+00,4.184072E+02,2.451336E+04,1.681635E-02,2.016688E+00,4.481277E+03,2.459446E+04,1.801087E-01,2.023595E+00,2.346265E+03,6.331273E+03,9.429834E-02,5.227904E-01,1.553581E+03,5.860856E+03,6.243967E-02,4.867302E-01,2.373611E+03,5.626814E+03,9.539737E-02,4.640213E-01,1.550391E+03,3.697966E+03,6.231147E-02,3.049557E-01,0.000000E+00,1.736964E+04,0.000000E+00,4.650307E+00,0.000000E+00,5.008768E+03,0.000000E+00,4.167102E-01,0.000000E+00,4.371290E+03,0.000000E+00,3.608684E-01,0.000000E+00,2.830687E+03,0.000000E+00,2.335880E-01,1.361183E+03,6.333782E+03,5.470719E-02,5.229387E-01,9.327410E+02,5.887344E+03,3.748770E-02,4.889028E-01,1.396613E+03,5.621541E+03,5.613116E-02,4.635306E-01,9.314464E+02,3.698706E+03,3.743567E-02,3.049753E-01 
08:00:00,0.000000E+00,3.711091E+04,0.000000E+00,3.093820E+00,4.167311E+02,2.604799E+04,1.674898E-02,2.173352E+00,4.477692E+03,2.617492E+04,1.799646E-01,2.184382E+00,2.321619E+03,6.881503E+03,9.330784E-02,5.759057E-01,1.537179E+03,6.653781E+03,6.178050E-02,5.595538E-01,2.348968E+03,6.075626E+03,9.440703E-02,5.081442E-01,1.533990E+03,3.988789E+03,6.165234E-02,3.336105E-01,0.000000E+00,1.967870E+04,0.000000E+00,5.356763E+00,0.000000E+00,5.773677E+03,0.000000E+00,4.860011E-01,0.000000E+00,4.787658E+03,0.000000E+00,4.005610E-01,0.000000E+00,3.089229E+03,0.000000E+00,2.583423E-01,1.340972E+03,6.875139E+03,5.389492E-02,5.752702E-01,9.192802E+02,6.679534E+03,3.694672E-02,5.616624E-01,1.376399E+03,6.061377E+03,5.531877E-02,5.068554E-01,9.179862E+02,3.983431E+03,3.689471E-02,3.330958E-01 
08:15:00,0.000000E+00,3.727875E+04,0.000000E+00,3.150711E+00,4.149044E+02,2.633433E+04,1.667556E-02,2.227818E+00,4.473702E+03,2.653437E+04,1.798042E-01,2.245292E+00,2.320695E+03,7.126846E+03,9.327080E-02,6.041730E-01,1.536595E+03,7.229399E+03,6.175712E-02,6.149456E-01,2.348050E+03,6.261541E+03,9.437021E-02,5.308489E-01,1.533408E+03,4.108425E+03,6.162901E-02,3.482988E-01,0.000000E+00,2.195014E+04,0.000000E+00,6.051938E+00,0.000000E+00,6.332251E+03,0.000000E+00,5.389476E-01,0.000000E+00,4.961772E+03,0.000000E+00,4.208011E-01,0.000000E+00,3.188746E+03,0.000000E+00,2.703091E-01,1.340471E+03,7.104579E+03,5.387482E-02,6.021583E-01,9.189608E+02,7.249094E+03,3.693390E-02,6.165450E-01,1.375896E+03,6.232043E+03,5.529856E-02,5.282298E-01,9.176674E+02,4.092862E+03,3.688192E-02,3.468999E-01 
08:30:00,0.000000E+00,3.768595E+04,0.000000E+00,3.217337E+00,4.130720E+02,2.685833E+04,1.660192E-02,2.294349E+00,4.469539E+03,2.716310E+04,1.796369E-01,2.320990E+00,2.319701E+03,7.396307E+03,9.323089E-02,6.328359E-01,1.535967E+03,7.790483E+03,6.173190E-02,6.682387E-01,2.347063E+03,6.508836E+03,9.433059E-02,5.570942E-01,1.532781E+03,4.267748E+03,6.160385E-02,3.652691E-01,0.000000E+00,2.013415E+04,0.000000E+00,6.038549E+00,0.000000E+00,6.863270E+03,0.000000E+00,5.888963E-01,0.000000E+00,5.180366E+03,0.000000E+00,4.434473E-01,0.000000E+00,3.316101E+03,0.000000E+00,2.837527E-01,1.339947E+03,7.351203E+03,5.385375E-02,6.288400E-01,9.186257E+02,7.799049E+03,3.692044E-02,6.688908E-01,1.375369E+03,6.457557E+03,5.527740E-02,5.525789E-01,9.173329E+02,4.237857E+03,3.686848E-02,3.626269E-01 
08:45:00,0.000000E+00,3.812875E+04,0.000000E+00,3.286557E+00,4.115692E+02,2.740763E+04,1.654152E-02,2.362701E+00,4.465807E+03,2.784805E+04,1.794869E-01,2.401205E+00,2.318853E+03,7.648461E+03,9.319682E-02,6.601105E-01,1.535433E+03,8.294826E+03,6.171045E-02,7.170999E-01,2.346224E+03,6.784341E+03,9.429691E-02,5.856939E-01,1.532248E+03,4.443779E+03,6.158245E-02,3.836384E-01,0.000000E+00,1.930649E+04,0.000000E+00,5.869792E+00,0.000000E+00,7.330958E+03,0.000000E+00,6.338549E-01,0.000000E+00,5.416372E+03,0.000000E+00,4.675416E-01,0.000000E+00,3.449116E+03,0.000000E+00,2.976797E-01,1.339544E+03,7.573628E+03,5.383755E-02,6.535332E-01,9.183693E+02,8.287012E+03,3.691013E-02,7.163530E-01,1.374966E+03,6.704843E+03,5.526120E-02,5.787212E-01,9.170771E+02,4.395504E+03,3.685820E-02,3.793988E-01 
09:00:00,0.000000E+00,3.864460E+04,0.000000E+00,3.361480E+00,4.103293E+02,2.800686E+04,1.649168E-02,2.434918E+00,4.462490E+03,2.861271E+04,1.793536E-01,2.487904E+00,2.318049E+03,7.901123E+03,9.316458E-02,6.874510E-01,1.534927E+03,8.752467E+03,6.169014E-02,7.622995E-01,2.345431E+03,7.084767E+03,9.426509E-02,6.164027E-01,1.531743E+03,4.637271E+03,6.156218E-02,4.034800E-01,0.000000E+00,1.852668E+04,0.000000E+00,5.659808E+00,0.000000E+00,7.750563E+03,0.000000E+00,6.750081E-01,0.000000E+00,5.670366E+03,0.000000E+00,4.931424E-01,0.000000E+00,3.600756E+03,0.000000E+00,3.131404E-01,1.339171E+03,7.789840E+03,5.382259E-02,6.777024E-01,9.181319E+02,8.723214E+03,3.690060E-02,7.597144E-01,1.374595E+03,6.970664E+03,5.524629E-02,6.064116E-01,9.168402E+02,4.566570E+03,3.684869E-02,3.972875E-01 
09:15:00,0.000000E+00,3.778094E+04,0.000000E+00,3.305418E+00,4.092938E+02,2.721413E+04,1.645007E-02,2.380961E+00,4.459468E+03,2.801208E+04,1.792321E-01,2.450777E+00,2.317328E+03,7.803199E+03,9.313567E-02,6.827369E-01,1.534473E+03,8.911615E+03,6.167193E-02,7.796909E-01,2.344721E+03,7.059734E+03,9.423659E-02,6.176943E-01,1.531290E+03,4.621454E+03,6.154402E-02,4.043552E-01,0.000000E+00,1.818922E+04,0.000000E+00,5.565559E+00,0.000000E+00,7.884254E+03,0.000000E+00,6.898058E-01,0.000000E+00,5.621575E+03,0.000000E+00,4.918590E-01,0.000000E+00,3.562229E+03,0.000000E+00,3.116762E-01,1.338866E+03,7.649263E+03,5.381037E-02,6.692609E-01,9.179376E+02,8.855893E+03,3.689281E-02,7.748072E-01,1.374291E+03,6.905118E+03,5.523411E-02,6.041592E-01,9.166463E+02,4.524530E+03,3.684091E-02,3.958700E-01 
09:30:00,0.000000E+00,3.785804E+04,0.000000E+00,3.312254E+00,4.084424E+02,2.733763E+04,1.641585E-02,2.391804E+00,4.456764E+03,2.834991E+04,1.791234E-01,2.480373E+00,2.316677E+03,7.886343E+03,9.310956E-02,6.900216E-01,1.534063E+03,9.130755E+03,6.165549E-02,7.988898E-01,2.344080E+03,7.222548E+03,9.421089E-02,6.319466E-01,1.530881E+03,4.722992E+03,6.152762E-02,4.132441E-01,0.000000E+00,1.794410E+04,0.000000E+00,5.492142E+00,0.000000E+00,8.072501E+03,0.000000E+00,7.062923E-01,0.000000E+00,5.747187E+03,0.000000E+00,5.028527E-01,0.000000E+00,3.635230E+03,0.000000E+00,3.180657E-01,1.338608E+03,7.684955E+03,5.380000E-02,6.723939E-01,9.177729E+02,9.044668E+03,3.688621E-02,7.913500E-01,1.374034E+03,7.022602E+03,5.522382E-02,6.144453E-01,9.164819E+02,4.596822E+03,3.683432E-02,4.022001E-01 
09:45:00,0.000000E+00,3.751341E+04,0.000000E+00,3.282125E+00,4.077529E+02,2.700909E+04,1.638813E-02,2.363072E+00,4.454432E+03,2.825640E+04,1.790297E-01,2.472205E+00,2.316111E+03,7.887241E+03,9.308686E-02,6.900980E-01,1.533706E+03,9.246776E+03,6.164120E-02,8.090423E-01,2.343523E+03,7.301462E+03,9.418858E-02,6.388491E-01,1.530526E+03,4.774323E+03,6.151336E-02,4.177340E-01,0.000000E+00,1.775566E+04,0.000000E+00,5.435404E+00,0.000000E+00,8.152856E+03,0.000000E+00,7.133212E-01,0.000000E+00,5.778525E+03,0.000000E+00,5.055925E-01,0.000000E+00,3.650373E+03,0.000000E+00,3.193894E-01,1.338394E+03,7.633971E+03,5.379144E-02,6.679315E-01,9.176365E+02,9.126762E+03,3.688074E-02,7.985347E-01,1.373822E+03,7.051647E+03,5.521532E-02,6.169850E-01,9.163459E+02,4.616069E+03,3.682887E-02,4.038833E-01 
10:00:00,0.000000E+00,3.731800E+04,0.000000E+00,3.265033E+00,4.071548E+02,2.683157E+04,1.636410E-02,2.347544E+00,4.452353E+03,2.833143E+04,1.789462E-01,2.478774E+00,2.315606E+03,7.925162E+03,9.306661E-02,6.934117E-01,1.533388E+03,9.321946E+03,6.162845E-02,8.156150E-01,2.343027E+03,7.416027E+03,9.416869E-02,6.488691E-01,1.530208E+03,4.847919E+03,6.150065E-02,4.241709E-01,0.000000E+00,1.760470E+04,0.000000E+00,5.389749E+00,0.000000E+00,8.190244E+03,0.000000E+00,7.165871E-01,0.000000E+00,5.841695E+03,0.000000E+00,5.111160E-01,0.000000E+00,3.687354E+03,0.000000E+00,3.226229E-01,1.338209E+03,7.616126E+03,5.378399E-02,6.663666E-01,9.175179E+02,9.164718E+03,3.687598E-02,8.018520E-01,1.373638E+03,7.112333E+03,5.520793E-02,6.222914E-01,9.162275E+02,4.654866E+03,3.682412E-02,4.072757E-01 
10:15:00,0.000000E+00,3.716342E+04,0.000000E+00,3.251511E+00,4.066138E+02,2.668869E+04,1.634235E-02,2.335047E+00,4.450478E+03,2.845496E+04,1.788708E-01,2.489585E+00,2.315152E+03,7.981066E+03,9.304838E-02,6.983012E-01,1.533102E+03,9.349654E+03,6.161697E-02,8.180364E-01,2.342581E+03,7.543828E+03,9.415080E-02,6.600493E-01,1.529923E+03,4.927677E+03,6.148920E-02,4.311482E-01,0.000000E+00,1.748818E+04,0.000000E+00,5.354406E+00,0.000000E+00,8.177731E+03,0.000000E+00,7.154892E-01,0.000000E+00,5.914406E+03,0.000000E+00,5.174759E-01,0.000000E+00,3.729011E+03,0.000000E+00,3.262667E-01,1.338041E+03,7.613198E+03,5.377728E-02,6.661089E-01,9.174110E+02,9.152673E+03,3.687170E-02,8.007957E-01,1.373472E+03,7.183050E+03,5.520129E-02,6.284772E-01,9.161210E+02,4.697959E+03,3.681985E-02,4.110452E-01 
10:30:00,0.000000E+00,3.703083E+04,0.000000E+00,3.239913E+00,4.061152E+02,2.656451E+04,1.632232E-02,2.324184E+00,4.448795E+03,2.860696E+04,1.788032E-01,2.502887E+00,2.314744E+03,8.053423E+03,9.303202E-02,7.046318E-01,1.532845E+03,9.323037E+03,6.160667E-02,8.157060E-01,2.342181E+03,7.683233E+03,9.413475E-02,6.722459E-01,1.529667E+03,5.012060E+03,6.147893E-02,4.385309E-01,0.000000E+00,1.740189E+04,0.000000E+00,5.328177E+00,0.000000E+00,8.109368E+03,0.000000E+00,7.095063E-01,0.000000E+00,5.996136E+03,0.000000E+00,5.246260E-01,0.000000E+00,3.774023E+03,0.000000E+00,3.302045E-01,1.337888E+03,7.624411E+03,5.377115E-02,6.670898E-01,9.173133E+02,9.084391E+03,3.686779E-02,7.948201E-01,1.373321E+03,7.262929E+03,5.519521E-02,6.354658E-01,9.160235E+02,4.744171E+03,3.681595E-02,4.150882E-01 
10:45:00,0.000000E+00,3.691346E+04,0.000000E+00,3.229646E+00,4.056495E+02,2.645327E+04,1.630360E-02,2.314454E+00,4.447283E+03,2.877835E+04,1.787424E-01,2.517884E+00,2.314378E+03,8.136059E+03,9.301736E-02,7.118621E-01,1.532615E+03,9.245566E+03,6.159744E-02,8.089266E-01,2.341823E+03,7.829407E+03,9.412039E-02,6.850352E-01,1.529437E+03,5.096929E+03,6.146973E-02,4.459564E-01,0.000000E+00,1.733606E+04,0.000000E+00,5.308132E+00,0.000000E+00,7.989180E+03,0.000000E+00,6.989896E-01,0.000000E+00,6.082845E+03,0.000000E+00,5.322122E-01,0.000000E+00,3.818709E+03,0.000000E+00,3.341141E-01,1.337747E+03,7.644432E+03,5.376548E-02,6.688418E-01,9.172229E+02,8.964083E+03,3.686416E-02,7.842928E-01,1.373181E+03,7.347873E+03,5.518959E-02,6.428978E-01,9.159334E+02,4.789812E+03,3.681233E-02,4.190815E-01 
11:00:00,0.000000E+00,3.680671E+04,0.000000E+00,3.220307E+00,4.052100E+02,2.635113E+04,1.628593E-02,2.305518E+00,4.445922E+03,2.896194E+04,1.786877E-01,2.533947E+00,2.314051E+03,8.225535E+03,9.300421E-02,7.196909E-01,1.532409E+03,9.117852E+03,6.158916E-02,7.977511E-01,2.341502E+03,7.980200E+03,9.410751E-02,6.982286E-01,1.529232E+03,5.180317E+03,6.146147E-02,4.532523E-01,0.000000E+00,1.728510E+04,0.000000E+00,5.292593E+00,0.000000E+00,7.818349E+03,0.000000E+00,6.840422E-01,0.000000E+00,6.173218E+03,0.000000E+00,5.401191E-01,0.000000E+00,3.861570E+03,0.000000E+00,3.378640E-01,1.337615E+03,7.670552E+03,5.376018E-02,6.711273E-01,9.171385E+02,8.793063E+03,3.686078E-02,7.693287E-01,1.373050E+03,7.436516E+03,5.518434E-02,6.506536E-01,9.158492E+02,4.833408E+03,3.680896E-02,4.228958E-01 
11:15:00,0.000000E+00,3.670737E+04,0.000000E+00,3.211617E+00,4.047916E+02,2.625538E+04,1.626912E-02,2.297142E+00,4.444694E+03,2.915205E+04,1.786383E-01,2.550581E+00,2.313756E+03,8.317980E+03,9.299239E-02,7.277793E-01,1.532223E+03,8.941303E+03,6.158172E-02,7.823032E-01,2.341214E+03,8.133273E+03,9.409594E-02,7.116214E-01,1.529047E+03,5.260334E+03,6.145405E-02,4.602531E-01,0.000000E+00,1.724372E+04,0.000000E+00,5.279960E+00,0.000000E+00,7.599000E+03,0.000000E+00,6.648500E-01,0.000000E+00,6.265717E+03,0.000000E+00,5.482121E-01,0.000000E+00,3.901164E+03,0.000000E+00,3.413281E-01,1.337490E+03,7.699587E+03,5.375519E-02,6.736678E-01,9.170591E+02,8.573469E+03,3.685759E-02,7.501148E-01,1.372926E+03,7.527250E+03,5.517939E-02,6.585921E-01,9.157699E+02,4.873523E+03,3.680578E-02,4.264056E-01 
11:30:00,0.000000E+00,3.661323E+04,0.000000E+00,3.203380E+00,4.043900E+02,2.616413E+04,1.625298E-02,2.289158E+00,4.443581E+03,2.934391E+04,1.785936E-01,2.567367E+00,2.313490E+03,8.410371E+03,9.298173E-02,7.358629E-01,1.532056E+03,8.719425E+03,6.157502E-02,7.628894E-01,2.340954E+03,8.286672E+03,9.408553E-02,7.250426E-01,1.528880E+03,5.335888E+03,6.144737E-02,4.668633E-01,0.000000E+00,1.720770E+04,0.000000E+00,5.268952E+00,0.000000E+00,7.334925E+03,0.000000E+00,6.417447E-01,0.000000E+00,6.358982E+03,0.000000E+00,5.563720E-01,0.000000E+00,3.936793E+03,0.000000E+00,3.444452E-01,1.337372E+03,7.729027E+03,5.375045E-02,6.762437E-01,9.169836E+02,8.309253E+03,3.685457E-02,7.269970E-01,1.372809E+03,7.618740E+03,5.517470E-02,6.665968E-01,9.156947E+02,4.909482E+03,3.680277E-02,4.295515E-01 
11:45:00,0.000000E+00,3.652273E+04,0.000000E+00,3.195463E+00,4.039852E+02,2.607604E+04,1.623671E-02,2.281452E+00,4.442507E+03,2.953355E+04,1.785505E-01,2.583959E+00,2.313237E+03,8.499625E+03,9.297155E-02,7.436719E-01,1.531896E+03,8.458063E+03,6.156861E-02,7.400212E-01,2.340706E+03,8.438526E+03,9.407558E-02,7.383287E-01,1.528721E+03,5.405935E+03,6.144098E-02,4.729917E-01,0.000000E+00,1.717361E+04,0.000000E+00,5.258526E+00,0.000000E+00,7.032344E+03,0.000000E+00,6.152707E-01,0.000000E+00,6.451734E+03,0.000000E+00,5.644870E-01,0.000000E+00,3.967766E+03,0.000000E+00,3.471550E-01,1.337254E+03,7.756429E+03,5.374573E-02,6.786412E-01,9.169085E+02,8.006680E+03,3.685156E-02,7.005235E-01,1.372692E+03,7.709711E+03,5.517001E-02,6.745561E-01,9.156198E+02,4.940615E+03,3.679976E-02,4.322753E-01 
12:00:00,0.000000E+00,3.643485E+04,0.000000E+00,3.187775E+00,4.035728E+02,2.599021E+04,1.622013E-02,2.273942E+00,4.441455E+03,2.971739E+04,1.785082E-01,2.600043E+00,2.312990E+03,8.581799E+03,9.296167E-02,7.508615E-01,1.531741E+03,8.166319E+03,6.156238E-02,7.144949E-01,2.340465E+03,8.585423E+03,9.406591E-02,7.511810E-01,1.528566E+03,5.470026E+03,6.143478E-02,4.785990E-01,0.000000E+00,1.713689E+04,0.000000E+00,5.247292E+00,0.000000E+00,6.700733E+03,0.000000E+00,5.862569E-01,0.000000E+00,6.541133E+03,0.000000E+00,5.723086E-01,0.000000E+00,3.994044E+03,0.000000E+00,3.494539E-01,1.337136E+03,7.778497E+03,5.374097E-02,6.805721E-01,9.168328E+02,7.675241E+03,3.684852E-02,6.715244E-01,1.372575E+03,7.797333E+03,5.516529E-02,6.822223E-01,9.155443E+02,4.967101E+03,3.679674E-02,4.345924E-01 
12:15:00,0.000000E+00,3.634891E+04,0.000000E+00,3.180256E+00,4.031566E+02,2.590599E+04,1.620341E-02,2.266574E+00,4.440434E+03,2.989284E+04,1.784671E-01,2.615393E+00,2.312753E+03,8.655560E+03,9.295214E-02,7.573149E-01,1.531592E+03,7.858720E+03,6.155639E-02,6.875816E-01,2.340233E+03,8.723318E+03,9.405660E-02,7.632455E-01,1.528417E+03,5.528104E+03,6.142880E-02,4.836801E-01,0.000000E+00,1.709601E+04,0.000000E+00,5.234779E+00,0.000000E+00,6.354913E+03,0.000000E+00,5.560002E-01,0.000000E+00,6.623576E+03,0.000000E+00,5.795216E-01,0.000000E+00,4.015850E+03,0.000000E+00,3.513616E-01,1.337017E+03,7.794382E+03,5.373620E-02,6.819618E-01,9.167571E+02,7.329738E+03,3.684548E-02,6.412951E-01,1.372457E+03,7.878013E+03,5.516057E-02,6.892811E-01,9.154688E+02,4.988832E+03,3.679371E-02,4.364936E-01 
12:30:00,0.000000E+00,3.626454E+04,0.000000E+00,3.172875E+00,4.027388E+02,2.582305E+04,1.618661E-02,2.259318E+00,4.439447E+03,3.005787E+04,1.784275E-01,2.629832E+00,2.312525E+03,8.719091E+03,9.294298E-02,7.628731E-01,1.531448E+03,7.561106E+03,6.155062E-02,6.615422E-01,2.340010E+03,8.848004E+03,9.404765E-02,7.741543E-01,1.528274E+03,5.580401E+03,6.142306E-02,4.882555E-01,0.000000E+00,1.704885E+04,0.000000E+00,5.220339E+00,0.000000E+00,6.021096E+03,0.000000E+00,5.267937E-01,0.000000E+00,6.695252E+03,0.000000E+00,5.857925E-01,0.000000E+00,4.033565E+03,0.000000E+00,3.529113E-01,1.336899E+03,7.802523E+03,5.373145E-02,6.826738E-01,9.166815E+02,6.996287E+03,3.684245E-02,6.121204E-01,1.372339E+03,7.947943E+03,5.515585E-02,6.953993E-01,9.153936E+02,5.006297E+03,3.679069E-02,4.380214E-01 
12:45:00,0.000000E+00,3.618184E+04,0.000000E+00,3.165639E+00,4.023204E+02,2.574149E+04,1.616980E-02,2.252183E+00,4.438495E+03,3.021107E+04,1.783892E-01,2.643235E+00,2.312306E+03,8.777644E+03,9.293419E-02,7.679957E-01,1.531310E+03,7.289427E+03,6.154508E-02,6.377723E-01,2.339796E+03,8.961444E+03,9.403906E-02,7.840790E-01,1.528137E+03,5.647688E+03,6.141754E-02,4.941423E-01,0.000000E+00,1.700198E+04,0.000000E+00,5.205990E+00,0.000000E+00,5.715367E+03,0.000000E+00,5.000451E-01,0.000000E+00,6.758532E+03,0.000000E+00,5.913287E-01,0.000000E+00,4.067893E+03,0.000000E+00,3.559146E-01,1.336781E+03,7.808571E+03,5.372671E-02,6.832028E-01,9.166064E+02,6.690967E+03,3.683944E-02,5.854073E-01,1.372222E+03,8.009468E+03,5.515115E-02,7.007820E-01,9.153186E+02,5.040472E+03,3.678768E-02,4.410114E-01 
13:00:00,0.000000E+00,3.610136E+04,0.000000E+00,3.158598E+00,4.019024E+02,2.566188E+04,1.615300E-02,2.245218E+00,4.437575E+03,3.035199E+04,1.783522E-01,2.655564E+00,2.312095E+03,8.833196E+03,9.292573E-02,7.728557E-01,1.531178E+03,7.051192E+03,6.153976E-02,6.169288E-01,2.339590E+03,9.063070E+03,9.403079E-02,7.929700E-01,1.528005E+03,5.746429E+03,6.141224E-02,5.027816E-01,0.000000E+00,1.695790E+04,0.000000E+00,5.192495E+00,0.000000E+00,5.445251E+03,0.000000E+00,4.764126E-01,0.000000E+00,6.813074E+03,0.000000E+00,5.961003E-01,0.000000E+00,4.135054E+03,0.000000E+00,3.617908E-01,1.336663E+03,7.814748E+03,5.372200E-02,6.837431E-01,9.165316E+02,6.421297E+03,3.683644E-02,5.618137E-01,1.372106E+03,8.062270E+03,5.514648E-02,7.054014E-01,9.152442E+02,5.107864E+03,3.678469E-02,4.469079E-01 
13:15:00,0.000000E+00,3.602387E+04,0.000000E+00,3.151819E+00,4.014851E+02,2.558498E+04,1.613623E-02,2.238490E+00,4.436688E+03,3.048029E+04,1.783166E-01,2.666789E+00,2.311893E+03,8.887024E+03,9.291760E-02,7.775650E-01,1.531050E+03,6.852000E+03,6.153464E-02,5.995016E-01,2.339392E+03,9.152212E+03,9.402285E-02,8.007688E-01,1.527878E+03,5.887432E+03,6.140714E-02,5.151189E-01,0.000000E+00,1.691821E+04,0.000000E+00,5.180342E+00,0.000000E+00,5.216447E+03,0.000000E+00,4.563948E-01,0.000000E+00,6.858409E+03,0.000000E+00,6.000664E-01,0.000000E+00,4.245698E+03,0.000000E+00,3.714720E-01,1.336546E+03,7.822563E+03,5.371731E-02,6.844268E-01,9.164574E+02,6.192946E+03,3.683346E-02,5.418355E-01,1.371990E+03,8.105936E+03,5.514183E-02,7.092215E-01,9.151702E+02,5.219328E+03,3.678172E-02,4.566608E-01 
13:30:00,0.000000E+00,3.595015E+04,0.000000E+00,3.145370E+00,4.010689E+02,2.551155E+04,1.611950E-02,2.232066E+00,4.435831E+03,3.059590E+04,1.782821E-01,2.676903E+00,2.311698E+03,8.939536E+03,9.290977E-02,7.821593E-01,1.530927E+03,6.694833E+03,6.152971E-02,5.857515E-01,2.339202E+03,9.228162E+03,9.401520E-02,8.074133E-01,1.527755E+03,6.077532E+03,6.140223E-02,5.317523E-01,0.000000E+00,1.688350E+04,0.000000E+00,5.169713E+00,0.000000E+00,5.032066E+03,0.000000E+00,4.402638E-01,0.000000E+00,6.894030E+03,0.000000E+00,6.031826E-01,0.000000E+00,4.406604E+03,0.000000E+00,3.855511E-01,1.336431E+03,7.832616E+03,5.371266E-02,6.853064E-01,9.163837E+02,6.008981E+03,3.683050E-02,5.257408E-01,1.371875E+03,8.139920E+03,5.513722E-02,7.121945E-01,9.150967E+02,5.381755E+03,3.677877E-02,4.708731E-01 
13:45:00,0.000000E+00,3.588091E+04,0.000000E+00,3.139311E+00,4.006541E+02,2.544229E+04,1.610283E-02,2.226005E+00,4.435002E+03,3.069894E+04,1.782488E-01,2.685918E+00,2.311510E+03,8.990919E+03,9.290223E-02,7.866548E-01,1.530809E+03,6.580347E+03,6.152496E-02,5.757358E-01,2.339019E+03,9.290705E+03,9.400784E-02,8.128849E-01,1.527638E+03,6.320338E+03,6.139750E-02,5.529974E-01,0.000000E+00,1.685394E+04,0.000000E+00,5.160661E+00,0.000000E+00,4.892860E+03,0.000000E+00,4.280854E-01,0.000000E+00,6.919905E+03,0.000000E+00,6.054461E-01,0.000000E+00,4.621599E+03,0.000000E+00,4.043630E-01,1.336316E+03,7.845227E+03,5.370804E-02,6.864098E-01,9.163105E+02,5.870115E+03,3.682756E-02,5.135921E-01,1.371761E+03,8.164185E+03,5.513264E-02,7.143172E-01,9.150237E+02,5.598815E+03,3.677584E-02,4.898657E-01 
14:00:00,0.000000E+00,3.581666E+04,0.000000E+00,3.133690E+00,4.002409E+02,2.537772E+04,1.608622E-02,2.220356E+00,4.434200E+03,3.078992E+04,1.782166E-01,2.693877E+00,2.311329E+03,9.041143E+03,9.289496E-02,7.910489E-01,1.530695E+03,6.505710E+03,6.152039E-02,5.692065E-01,2.338842E+03,9.339912E+03,9.400074E-02,8.171896E-01,1.527524E+03,6.617161E+03,6.139294E-02,5.789688E-01,0.000000E+00,1.682944E+04,0.000000E+00,5.153161E+00,0.000000E+00,4.796016E+03,0.000000E+00,4.196133E-01,0.000000E+00,6.936145E+03,0.000000E+00,6.068666E-01,0.000000E+00,4.891639E+03,0.000000E+00,4.279910E-01,1.336201E+03,7.860351E+03,5.370346E-02,6.877330E-01,9.162379E+02,5.773514E+03,3.682465E-02,5.051412E-01,1.371648E+03,8.178849E+03,5.512809E-02,7.155999E-01,9.149514E+02,5.871825E+03,3.677294E-02,5.137537E-01 
14:15:00,0.000000E+00,3.575779E+04,0.000000E+00,3.128540E+00,3.998294E+02,2.531825E+04,1.606968E-02,2.215154E+00,4.433424E+03,3.086886E+04,1.781854E-01,2.700783E+00,2.311154E+03,9.088814E+03,9.288794E-02,7.952198E-01,1.530585E+03,6.462462E+03,6.151597E-02,5.654236E-01,2.338671E+03,9.375135E+03,9.399389E-02,8.202709E-01,1.527415E+03,6.966174E+03,6.138854E-02,6.095064E-01,0.000000E+00,1.680864E+04,0.000000E+00,5.146791E+00,0.000000E+00,4.733160E+03,0.000000E+00,4.141150E-01,0.000000E+00,6.942242E+03,0.000000E+00,6.073997E-01,0.000000E+00,5.215177E+03,0.000000E+00,4.562997E-01,1.336088E+03,7.876704E+03,5.369891E-02,6.891639E-01,9.161659E+02,5.710788E+03,3.682175E-02,4.996541E-01,1.371535E+03,8.183370E+03,5.512358E-02,7.159951E-01,9.148796E+02,6.199024E+03,3.677006E-02,5.423828E-01 
14:30:00,0.000000E+00,3.570440E+04,0.000000E+00,3.123869E+00,3.994197E+02,2.526401E+04,1.605322E-02,2.210408E+00,4.432672E+03,3.093556E+04,1.781552E-01,2.706618E+00,2.310986E+03,9.131927E+03,9.288117E-02,7.989917E-01,1.530479E+03,6.435239E+03,6.151170E-02,5.630427E-01,2.338507E+03,9.396023E+03,9.398727E-02,8.220980E-01,1.527309E+03,7.362426E+03,6.138429E-02,6.441770E-01,0.000000E+00,1.678927E+04,0.000000E+00,5.140863E+00,0.000000E+00,4.688872E+03,0.000000E+00,4.102410E-01,0.000000E+00,6.937921E+03,0.000000E+00,6.070213E-01,0.000000E+00,5.587550E+03,0.000000E+00,4.888809E-01,1.335976E+03,7.892489E+03,5.369439E-02,6.905450E-01,9.160944E+02,5.666554E+03,3.681889E-02,4.957849E-01,1.371424E+03,8.177472E+03,5.511910E-02,7.154787E-01,9.148084E+02,6.575633E+03,3.676720E-02,5.753347E-01 
14:45:00,0.000000E+00,3.565615E+04,0.000000E+00,3.119648E+00,3.990120E+02,2.521470E+04,1.603683E-02,2.206094E+00,4.431943E+03,3.098960E+04,1.781258E-01,2.711346E+00,2.310822E+03,9.163535E+03,9.287461E-02,8.017570E-01,1.530376E+03,6.407252E+03,6.150757E-02,5.605946E-01,2.338347E+03,9.399006E+03,9.398087E-02,8.223584E-01,1.527207E+03,7.789033E+03,6.138018E-02,6.815031E-01,0.000000E+00,1.676302E+04,0.000000E+00,5.132825E+00,0.000000E+00,4.646308E+03,0.000000E+00,4.065177E-01,0.000000E+00,6.919677E+03,0.000000E+00,6.054248E-01,0.000000E+00,5.992203E+03,0.000000E+00,5.242861E-01,1.335864E+03,7.900790E+03,5.368992E-02,6.912713E-01,9.160235E+02,5.624020E+03,3.681604E-02,4.920642E-01,1.371313E+03,8.157644E+03,5.511466E-02,7.137436E-01,9.147377E+02,6.984841E+03,3.676436E-02,6.111387E-01 
15:00:00,0.000000E+00,3.561232E+04,0.000000E+00,3.115814E+00,3.986062E+02,2.516964E+04,1.602052E-02,2.202152E+00,4.431235E+03,3.103014E+04,1.780974E-01,2.714892E+00,2.310664E+03,9.184841E+03,9.286827E-02,8.036209E-01,1.530277E+03,6.377720E+03,6.150358E-02,5.580110E-01,2.338193E+03,9.386635E+03,9.397467E-02,8.212756E-01,1.527107E+03,8.221662E+03,6.137620E-02,7.193557E-01,0.000000E+00,1.673124E+04,0.000000E+00,5.123092E+00,0.000000E+00,4.604852E+03,0.000000E+00,4.028910E-01,0.000000E+00,6.890078E+03,0.000000E+00,6.028347E-01,0.000000E+00,6.405368E+03,0.000000E+00,5.604356E-01,1.335753E+03,7.902847E+03,5.368547E-02,6.914512E-01,9.159533E+02,5.582476E+03,3.681322E-02,4.884298E-01,1.371203E+03,8.126466E+03,5.511025E-02,7.110153E-01,9.146677E+02,7.402528E+03,3.676155E-02,6.476840E-01 
15:15:00,0.000000E+00,3.557209E+04,0.000000E+00,3.112294E+00,3.982025E+02,2.512806E+04,1.600430E-02,2.198514E+00,4.430547E+03,3.105616E+04,1.780698E-01,2.717168E+00,2.310511E+03,9.196962E+03,9.286212E-02,8.046811E-01,1.530180E+03,6.344964E+03,6.149971E-02,5.551452E-01,2.338044E+03,9.361711E+03,9.396867E-02,8.190944E-01,1.527012E+03,8.644473E+03,6.137234E-02,7.563486E-01,0.000000E+00,1.669539E+04,0.000000E+00,5.112115E+00,0.000000E+00,4.562861E+03,0.000000E+00,3.992174E-01,0.000000E+00,6.852057E+03,0.000000E+00,5.995078E-01,0.000000E+00,6.811931E+03,0.000000E+00,5.960066E-01,1.335644E+03,7.899823E+03,5.368106E-02,6.911865E-01,9.158836E+02,5.540270E+03,3.681042E-02,4.847372E-01,1.371095E+03,8.086777E+03,5.510588E-02,7.075425E-01,9.145982E+02,7.813294E+03,3.675876E-02,6.836231E-01 
15:30:00,0.000000E+00,3.553465E+04,0.000000E+00,3.109019E+00,3.978010E+02,2.508923E+04,1.598816E-02,2.195117E+00,4.429878E+03,3.106642E+04,1.780429E-01,2.718066E+00,2.310363E+03,9.202168E+03,9.285616E-02,8.051362E-01,1.530087E+03,6.307816E+03,6.149595E-02,5.518950E-01,2.337899E+03,9.325602E+03,9.396285E-02,8.159346E-01,1.526918E+03,9.045815E+03,6.136860E-02,7.914625E-01,0.000000E+00,1.665830E+04,0.000000E+00,5.100760E+00,0.000000E+00,4.519250E+03,0.000000E+00,3.954018E-01,0.000000E+00,6.807125E+03,0.000000E+00,5.955762E-01,0.000000E+00,7.200217E+03,0.000000E+00,6.299777E-01,1.335535E+03,7.894073E+03,5.367669E-02,6.906832E-01,9.158145E+02,5.496299E+03,3.680764E-02,4.808902E-01,1.370987E+03,8.040101E+03,5.510154E-02,7.034584E-01,9.145294E+02,8.205297E+03,3.675599E-02,7.179198E-01 
15:45:00,0.000000E+00,3.549932E+04,0.000000E+00,3.105928E+00,3.974016E+02,2.505251E+04,1.597211E-02,2.191905E+00,4.429228E+03,3.105996E+04,1.780167E-01,2.717500E+00,2.310219E+03,9.202745E+03,9.285037E-02,8.051865E-01,1.529996E+03,6.265320E+03,6.149231E-02,5.481769E-01,2.337758E+03,9.278800E+03,9.395720E-02,8.118395E-01,1.526828E+03,9.416365E+03,6.136498E-02,8.238817E-01,0.000000E+00,1.662253E+04,0.000000E+00,5.089807E+00,0.000000E+00,4.473119E+03,0.000000E+00,3.913658E-01,0.000000E+00,6.755802E+03,0.000000E+00,5.910856E-01,0.000000E+00,7.561063E+03,0.000000E+00,6.615475E-01,1.335427E+03,7.887932E+03,5.367236E-02,6.901457E-01,9.157459E+02,5.449657E+03,3.680489E-02,4.768094E-01,1.370880E+03,7.986961E+03,5.509724E-02,6.988088E-01,9.144611E+02,8.569488E+03,3.675325E-02,7.497827E-01 
16:00:00,0.000000E+00,3.546548E+04,0.000000E+00,3.102967E+00,3.970045E+02,2.501732E+04,1.595615E-02,2.188826E+00,4.428594E+03,3.103587E+04,1.779913E-01,2.715391E+00,2.310079E+03,9.200782E+03,9.284474E-02,8.050145E-01,1.529908E+03,6.216629E+03,6.148877E-02,5.439167E-01,2.337621E+03,9.221698E+03,9.395171E-02,8.068431E-01,1.526740E+03,9.748754E+03,6.136145E-02,8.529619E-01,0.000000E+00,1.659058E+04,0.000000E+00,5.080024E+00,0.000000E+00,4.423677E+03,0.000000E+00,3.870400E-01,0.000000E+00,6.698542E+03,0.000000E+00,5.860757E-01,0.000000E+00,7.887647E+03,0.000000E+00,6.901193E-01,1.335320E+03,7.883532E+03,5.366806E-02,6.897607E-01,9.156780E+02,5.399542E+03,3.680216E-02,4.724247E-01,1.370773E+03,7.927806E+03,5.509298E-02,6.936330E-01,9.143934E+02,8.898636E+03,3.675053E-02,7.785792E-01 
16:15:00,0.000000E+00,3.543256E+04,0.000000E+00,3.100088E+00,3.966097E+02,2.498315E+04,1.594028E-02,2.185837E+00,4.427977E+03,3.099307E+04,1.779665E-01,2.711647E+00,2.309943E+03,9.198895E+03,9.283928E-02,8.048493E-01,1.529822E+03,6.161577E+03,6.148532E-02,5.390999E-01,2.337489E+03,9.155404E+03,9.394637E-02,8.010426E-01,1.526655E+03,1.003736E+04,6.135802E-02,8.782113E-01,0.000000E+00,1.656537E+04,0.000000E+00,5.072303E+00,0.000000E+00,4.370815E+03,0.000000E+00,3.824150E-01,0.000000E+00,6.636540E+03,0.000000E+00,5.806507E-01,0.000000E+00,8.174257E+03,0.000000E+00,7.151935E-01,1.335214E+03,7.883545E+03,5.366380E-02,6.897619E-01,9.156106E+02,5.345841E+03,3.679945E-02,4.677263E-01,1.370668E+03,7.863835E+03,5.508875E-02,6.880358E-01,9.143262E+02,9.187224E+03,3.674783E-02,8.038267E-01 
16:30:00,0.000000E+00,3.540013E+04,0.000000E+00,3.097250E+00,3.962171E+02,2.494958E+04,1.592450E-02,2.182900E+00,4.427375E+03,3.093091E+04,1.779423E-01,2.706208E+00,2.309810E+03,9.198677E+03,9.283395E-02,8.048301E-01,1.529739E+03,6.099555E+03,6.148197E-02,5.336733E-01,2.337359E+03,9.079602E+03,9.394117E-02,7.944102E-01,1.526572E+03,1.027681E+04,6.135468E-02,8.991595E-01,0.000000E+00,1.654872E+04,0.000000E+00,5.067207E+00,0.000000E+00,4.313941E+03,0.000000E+00,3.774390E-01,0.000000E+00,6.569467E+03,0.000000E+00,5.747823E-01,0.000000E+00,8.415540E+03,0.000000E+00,7.363019E-01,1.335108E+03,7.889633E+03,5.365957E-02,6.902945E-01,9.155438E+02,5.287990E+03,3.679677E-02,4.626647E-01,1.370564E+03,7.794755E+03,5.508455E-02,6.819916E-01,9.142597E+02,9.429963E+03,3.674516E-02,8.250629E-01 
16:45:00,0.000000E+00,3.536779E+04,0.000000E+00,3.094421E+00,3.958269E+02,2.491623E+04,1.590882E-02,2.179982E+00,4.426788E+03,3.084883E+04,1.779187E-01,2.699026E+00,2.309681E+03,9.205123E+03,9.282877E-02,8.053941E-01,1.529658E+03,6.032502E+03,6.147871E-02,5.278066E-01,2.337233E+03,8.996741E+03,9.393611E-02,7.871602E-01,1.526491E+03,1.045686E+04,6.135143E-02,9.149111E-01,0.000000E+00,1.654642E+04,0.000000E+00,5.066501E+00,0.000000E+00,4.255037E+03,0.000000E+00,3.722852E-01,0.000000E+00,6.499776E+03,0.000000E+00,5.686847E-01,0.000000E+00,8.601364E+03,0.000000E+00,7.525581E-01,1.335004E+03,7.906780E+03,5.365538E-02,6.917950E-01,9.154776E+02,5.227945E+03,3.679411E-02,4.574111E-01,1.370460E+03,7.723024E+03,5.508039E-02,6.757156E-01,9.141937E+02,9.616722E+03,3.674251E-02,8.414011E-01 
17:00:00,0.000000E+00,3.533519E+04,0.000000E+00,3.091568E+00,3.954391E+02,2.488277E+04,1.589323E-02,2.177054E+00,4.426215E+03,3.074631E+04,1.778956E-01,2.690056E+00,2.309556E+03,9.214894E+03,9.282372E-02,8.062492E-01,1.529579E+03,5.958002E+03,6.147552E-02,5.212882E-01,2.337110E+03,8.903827E+03,9.393118E-02,7.790307E-01,1.526412E+03,1.057641E+04,6.134827E-02,9.253691E-01,0.000000E+00,1.655447E+04,0.000000E+00,5.068969E+00,0.000000E+00,4.191638E+03,0.000000E+00,3.667383E-01,0.000000E+00,6.424526E+03,0.000000E+00,5.621008E-01,0.000000E+00,8.730575E+03,0.000000E+00,7.638611E-01,1.334901E+03,7.931692E+03,5.365122E-02,6.939748E-01,9.154119E+02,5.163281E+03,3.679147E-02,4.517535E-01,1.370357E+03,7.645678E+03,5.507627E-02,6.689483E-01,9.141283E+02,9.746408E+03,3.673988E-02,8.527458E-01 
17:15:00,0.000000E+00,3.530201E+04,0.000000E+00,3.088666E+00,3.950537E+02,2.484883E+04,1.587774E-02,2.174085E+00,4.425655E+03,3.062299E+04,1.778731E-01,2.679266E+00,2.309433E+03,9.218299E+03,9.281879E-02,8.065472E-01,1.529501E+03,5.873326E+03,6.147242E-02,5.138796E-01,2.336991E+03,8.794246E+03,9.392636E-02,7.694428E-01,1.526335E+03,1.062099E+04,6.134518E-02,9.292676E-01,0.000000E+00,1.656138E+04,0.000000E+00,5.071084E+00,0.000000E+00,4.122848E+03,0.000000E+00,3.607197E-01,0.000000E+00,6.336959E+03,0.000000E+00,5.544393E-01,0.000000E+00,8.788631E+03,0.000000E+00,7.689388E-01,1.334798E+03,7.954744E+03,5.364710E-02,6.959919E-01,9.153469E+02,5.091263E+03,3.678886E-02,4.454523E-01,1.370256E+03,7.556068E+03,5.507218E-02,6.611079E-01,9.140634E+02,9.804349E+03,3.673727E-02,8.578135E-01 
17:30:00,0.000000E+00,3.526820E+04,0.000000E+00,3.085707E+00,3.946706E+02,2.481430E+04,1.586234E-02,2.171064E+00,4.425107E+03,3.047880E+04,1.778511E-01,2.666650E+00,2.309313E+03,9.215315E+03,9.281398E-02,8.062860E-01,1.529426E+03,5.782282E+03,6.146939E-02,5.059137E-01,2.336874E+03,8.670299E+03,9.392167E-02,7.585981E-01,1.526260E+03,1.059210E+04,6.134216E-02,9.267376E-01,0.000000E+00,1.656694E+04,0.000000E+00,5.072786E+00,0.000000E+00,4.049225E+03,0.000000E+00,3.542782E-01,0.000000E+00,6.239371E+03,0.000000E+00,5.459009E-01,0.000000E+00,8.777495E+03,0.000000E+00,7.679628E-01,1.334696E+03,7.975928E+03,5.364301E-02,6.978455E-01,9.152823E+02,5.015618E+03,3.678627E-02,4.388339E-01,1.370155E+03,7.456460E+03,5.506812E-02,6.523928E-01,9.139991E+02,9.792402E+03,3.673469E-02,8.567665E-01 
17:45:00,0.000000E+00,3.523381E+04,0.000000E+00,3.082699E+00,3.942901E+02,2.477921E+04,1.584705E-02,2.167994E+00,4.424572E+03,3.031397E+04,1.778296E-01,2.652228E+00,2.309196E+03,9.199315E+03,9.280928E-02,8.048861E-01,1.529352E+03,5.683494E+03,6.146643E-02,4.972703E-01,2.336760E+03,8.535212E+03,9.391708E-02,7.467786E-01,1.526187E+03,1.048595E+04,6.133921E-02,9.174490E-01,0.000000E+00,1.656351E+04,0.000000E+00,5.071736E+00,0.000000E+00,3.970185E+03,0.000000E+00,3.473627E-01,0.000000E+00,6.134611E+03,0.000000E+00,5.367350E-01,0.000000E+00,8.693116E+03,0.000000E+00,7.605786E-01,1.334596E+03,7.988606E+03,5.363896E-02,6.989548E-01,9.152184E+02,4.934936E+03,3.678370E-02,4.317746E-01,1.370055E+03,7.349900E+03,5.506410E-02,6.430694E-01,9.139354E+02,9.706571E+03,3.673213E-02,8.492553E-01 
18:00:00,0.000000E+00,3.519853E+04,0.000000E+00,3.079612E+00,3.939120E+02,2.474317E+04,1.583185E-02,2.164841E+00,4.424048E+03,3.012838E+04,1.778086E-01,2.635991E+00,2.309082E+03,9.162428E+03,9.280469E-02,8.016585E-01,1.529280E+03,5.576062E+03,6.146354E-02,4.878706E-01,2.336648E+03,8.386427E+03,9.391259E-02,7.337607E-01,1.526115E+03,1.029800E+04,6.133634E-02,9.010031E-01,0.000000E+00,1.654180E+04,0.000000E+00,5.065090E+00,0.000000E+00,3.885666E+03,0.000000E+00,3.399679E-01,0.000000E+00,6.020827E+03,0.000000E+00,5.267796E-01,0.000000E+00,8.530794E+03,0.000000E+00,7.463753E-01,1.334496E+03,7.984922E+03,5.363495E-02,6.986322E-01,9.151549E+02,4.848511E+03,3.678115E-02,4.242130E-01,1.369955E+03,7.234098E+03,5.506012E-02,6.329373E-01,9.138722E+02,9.542183E+03,3.672959E-02,8.348710E-01 
18:15:00,0.000000E+00,3.516157E+04,0.000000E+00,3.076378E+00,3.935363E+02,2.470527E+04,1.581676E-02,2.161525E+00,4.423536E+03,2.992156E+04,1.777880E-01,2.617895E+00,2.332791E+03,9.093707E+03,9.375756E-02,7.956455E-01,1.545090E+03,5.467312E+03,6.209895E-02,4.783556E-01,2.360359E+03,8.226228E+03,9.486556E-02,7.197442E-01,1.541925E+03,1.002232E+04,6.197175E-02,8.768818E-01,0.000000E+00,1.648872E+04,0.000000E+00,5.048837E+00,0.000000E+00,3.802089E+03,0.000000E+00,3.326554E-01,0.000000E+00,5.899727E+03,0.000000E+00,5.161840E-01,0.000000E+00,8.284542E+03,0.000000E+00,7.248290E-01,1.354151E+03,7.953906E+03,5.442493E-02,6.959183E-01,9.282619E+02,4.763194E+03,3.730793E-02,4.167483E-01,1.389612E+03,7.110953E+03,5.585014E-02,6.221628E-01,9.269794E+02,9.293217E+03,3.725639E-02,8.130870E-01 
18:30:00,0.000000E+00,3.512162E+04,0.000000E+00,3.072883E+00,3.932955E+02,2.466402E+04,1.580708E-02,2.157916E+00,4.423248E+03,2.969310E+04,1.777764E-01,2.597907E+00,2.356550E+03,8.975338E+03,9.471247E-02,7.852884E-01,1.560932E+03,5.351514E+03,6.273565E-02,4.682240E-01,2.384121E+03,8.059785E+03,9.582059E-02,7.051813E-01,1.557768E+03,9.639181E+03,6.260847E-02,8.433584E-01,0.000000E+00,1.638324E+04,0.000000E+00,5.016538E+00,0.000000E+00,3.719116E+03,0.000000E+00,3.253959E-01,0.000000E+00,5.776040E+03,0.000000E+00,5.053622E-01,0.000000E+00,7.934466E+03,0.000000E+00,6.941989E-01,1.373842E+03,7.877553E+03,5.521634E-02,6.892374E-01,9.413914E+02,4.673317E+03,3.783562E-02,4.088847E-01,1.409305E+03,6.985343E+03,5.664160E-02,6.111727E-01,9.401091E+02,8.939741E+03,3.778408E-02,7.821592E-01 
18:45:00,0.000000E+00,3.507721E+04,0.000000E+00,3.068998E+00,3.934469E+02,2.461781E+04,1.581316E-02,2.153873E+00,4.423611E+03,2.944288E+04,1.777910E-01,2.576014E+00,2.380453E+03,8.814386E+03,9.567316E-02,7.712053E-01,1.576865E+03,5.235855E+03,6.337602E-02,4.581046E-01,2.408028E+03,7.894392E+03,9.678140E-02,6.907103E-01,1.573701E+03,9.164684E+03,6.324885E-02,8.018419E-01,0.000000E+00,1.622971E+04,0.000000E+00,4.969526E+00,0.000000E+00,3.635093E+03,0.000000E+00,3.180445E-01,0.000000E+00,5.656507E+03,0.000000E+00,4.949039E-01,0.000000E+00,7.496438E+03,0.000000E+00,6.558738E-01,1.393630E+03,7.762393E+03,5.601161E-02,6.791609E-01,9.545826E+02,4.585758E+03,3.836579E-02,4.012239E-01,1.429095E+03,6.864148E+03,5.743702E-02,6.005689E-01,9.533005E+02,8.497516E+03,3.831426E-02,7.434664E-01 
19:00:00,0.000000E+00,3.502731E+04,0.000000E+00,3.064632E+00,3.941028E+02,2.456554E+04,1.583952E-02,2.149300E+00,4.424827E+03,2.917115E+04,1.778399E-01,2.552240E+00,2.404549E+03,8.599098E+03,9.664156E-02,7.523681E-01,1.592921E+03,5.121026E+03,6.402127E-02,4.480578E-01,2.432126E+03,7.729520E+03,9.774990E-02,6.762852E-01,1.589756E+03,8.594644E+03,6.389409E-02,7.519662E-01,0.000000E+00,1.601907E+04,0.000000E+00,4.905026E+00,0.000000E+00,3.552819E+03,0.000000E+00,3.108462E-01,0.000000E+00,5.540460E+03,0.000000E+00,4.847507E-01,0.000000E+00,6.965729E+03,0.000000E+00,6.094401E-01,1.413548E+03,7.596119E+03,5.681214E-02,6.646121E-01,9.678574E+02,4.501018E+03,3.889931E-02,3.938098E-01,1.449018E+03,6.746599E+03,5.823773E-02,5.902842E-01,9.665752E+02,7.961863E+03,3.884777E-02,6.965996E-01 
19:15:00,0.000000E+00,3.497139E+04,0.000000E+00,3.059739E+00,3.951406E+02,2.450652E+04,1.588123E-02,2.144136E+00,4.426707E+03,2.887876E+04,1.779154E-01,2.526657E+00,2.428800E+03,8.353797E+03,9.761619E-02,7.309048E-01,1.609074E+03,5.007816E+03,6.467045E-02,4.381528E-01,2.456378E+03,7.565940E+03,9.872456E-02,6.619732E-01,1.605909E+03,8.002176E+03,6.454325E-02,7.001284E-01,0.000000E+00,1.578087E+04,0.000000E+00,4.832090E+00,0.000000E+00,3.472253E+03,0.000000E+00,3.037974E-01,0.000000E+00,5.428804E+03,0.000000E+00,4.749818E-01,0.000000E+00,6.414905E+03,0.000000E+00,5.612465E-01,1.433571E+03,7.403306E+03,5.761687E-02,6.477413E-01,9.811988E+02,4.419757E+03,3.943550E-02,3.867001E-01,1.469046E+03,6.633268E+03,5.904265E-02,5.803686E-01,9.799163E+02,7.405488E+03,3.938395E-02,6.479197E-01 
19:30:00,0.000000E+00,3.490965E+04,0.000000E+00,3.054338E+00,3.964627E+02,2.444085E+04,1.593437E-02,2.138390E+00,4.429152E+03,2.856825E+04,1.780137E-01,2.499490E+00,2.453185E+03,8.094533E+03,9.859619E-02,7.082201E-01,1.625311E+03,4.896950E+03,6.532301E-02,4.284528E-01,2.480762E+03,7.407800E+03,9.970451E-02,6.481371E-01,1.622146E+03,7.421736E+03,6.519579E-02,6.493434E-01,0.000000E+00,1.553116E+04,0.000000E+00,4.755627E+00,0.000000E+00,3.397102E+03,0.000000E+00,2.972223E-01,0.000000E+00,5.325219E+03,0.000000E+00,4.659190E-01,0.000000E+00,5.877314E+03,0.000000E+00,5.142111E-01,1.453675E+03,7.199028E+03,5.842485E-02,6.298674E-01,9.945918E+02,4.342426E+03,3.997376E-02,3.799343E-01,1.489155E+03,6.527797E+03,5.985081E-02,5.711409E-01,9.933089E+02,6.862282E+03,3.992220E-02,6.003927E-01 
19:45:00,0.000000E+00,3.484286E+04,0.000000E+00,3.048494E+00,3.980043E+02,2.436916E+04,1.599633E-02,2.132118E+00,4.432119E+03,2.824330E+04,1.781329E-01,2.471060E+00,2.477694E+03,7.828439E+03,9.958115E-02,6.849381E-01,1.641627E+03,4.791038E+03,6.597870E-02,4.191864E-01,2.505268E+03,7.254186E+03,1.006893E-01,6.346971E-01,1.638461E+03,6.867066E+03,6.585144E-02,6.008138E-01,0.000000E+00,1.527685E+04,0.000000E+00,4.677759E+00,0.000000E+00,3.328775E+03,0.000000E+00,2.912443E-01,0.000000E+00,5.228472E+03,0.000000E+00,4.574545E-01,0.000000E+00,5.366177E+03,0.000000E+00,4.694908E-01,1.473844E+03,6.989706E+03,5.923541E-02,6.115526E-01,1.008026E+03,4.271230E+03,4.051366E-02,3.737053E-01,1.509327E+03,6.428757E+03,6.066153E-02,5.624758E-01,1.006742E+03,6.345543E+03,4.046208E-02,5.551820E-01 
20:00:00,0.000000E+00,3.477213E+04,0.000000E+00,3.042306E+00,3.997259E+02,2.429252E+04,1.606552E-02,2.125412E+00,4.435571E+03,2.790894E+04,1.782717E-01,2.441806E+00,2.502318E+03,7.563197E+03,1.005707E-01,6.617309E-01,1.658015E+03,4.692097E+03,6.663729E-02,4.105299E-01,2.529887E+03,7.109717E+03,1.016787E-01,6.220572E-01,1.654848E+03,6.352008E+03,6.650999E-02,5.557505E-01,0.000000E+00,1.502570E+04,0.000000E+00,4.600856E+00,0.000000E+00,3.267853E+03,0.000000E+00,2.859144E-01,0.000000E+00,5.141641E+03,0.000000E+00,4.498577E-01,0.000000E+00,4.894754E+03,0.000000E+00,4.282456E-01,1.494066E+03,6.782131E+03,6.004813E-02,5.933910E-01,1.021494E+03,4.207429E+03,4.105493E-02,3.681234E-01,1.529553E+03,6.339621E+03,6.147438E-02,5.546773E-01,1.020210E+03,5.868555E+03,4.100333E-02,5.134496E-01 
20:15:00,0.000000E+00,3.469892E+04,0.000000E+00,3.035900E+00,4.016102E+02,2.421233E+04,1.614126E-02,2.118396E+00,4.439474E+03,2.757067E+04,1.784286E-01,2.412211E+00,2.503230E+03,7.310736E+03,1.006073E-01,6.396423E-01,1.658591E+03,4.594519E+03,6.666036E-02,4.019927E-01,2.530792E+03,6.974959E+03,1.017150E-01,6.102671E-01,1.655422E+03,5.893020E+03,6.653301E-02,5.155931E-01,0.000000E+00,1.479063E+04,0.000000E+00,4.528879E+00,0.000000E+00,3.208941E+03,0.000000E+00,2.807602E-01,0.000000E+00,5.064819E+03,0.000000E+00,4.431367E-01,0.000000E+00,4.478797E+03,0.000000E+00,3.918535E-01,1.494581E+03,6.587259E+03,6.006879E-02,5.763409E-01,1.021822E+03,4.145249E+03,4.106811E-02,3.626832E-01,1.530071E+03,6.260336E+03,6.149516E-02,5.477406E-01,1.020538E+03,5.447154E+03,4.101648E-02,4.765810E-01 
20:30:00,0.000000E+00,3.462510E+04,0.000000E+00,3.029442E+00,4.034877E+02,2.413054E+04,1.621671E-02,2.111241E+00,4.443476E+03,2.723378E+04,1.785894E-01,2.382736E+00,2.504169E+03,7.089503E+03,1.006449E-01,6.202861E-01,1.659184E+03,4.505455E+03,6.668411E-02,3.942004E-01,2.531723E+03,6.847109E+03,1.017523E-01,5.990814E-01,1.656014E+03,5.520070E+03,6.655671E-02,4.829637E-01,0.000000E+00,1.459223E+04,0.000000E+00,4.468129E+00,0.000000E+00,3.153203E+03,0.000000E+00,2.758837E-01,0.000000E+00,4.994741E+03,0.000000E+00,4.370057E-01,0.000000E+00,4.147695E+03,0.000000E+00,3.628857E-01,1.495098E+03,6.422743E+03,6.008956E-02,5.619472E-01,1.022152E+03,4.091171E+03,4.108135E-02,3.579520E-01,1.530590E+03,6.187437E+03,6.151600E-02,5.413628E-01,1.020867E+03,5.110805E+03,4.102969E-02,4.471540E-01 
20:45:00,0.000000E+00,3.455271E+04,0.000000E+00,3.023109E+00,4.050933E+02,2.404918E+04,1.628125E-02,2.104122E+00,4.447107E+03,2.690335E+04,1.787353E-01,2.353826E+00,2.505031E+03,6.893816E+03,1.006795E-01,6.031654E-01,1.659728E+03,4.419103E+03,6.670590E-02,3.866453E-01,2.532575E+03,6.721133E+03,1.017865E-01,5.880596E-01,1.656556E+03,5.227500E+03,6.657844E-02,4.573673E-01,0.000000E+00,1.442657E+04,0.000000E+00,4.417407E+00,0.000000E+00,3.103059E+03,0.000000E+00,2.714966E-01,0.000000E+00,4.925982E+03,0.000000E+00,4.309901E-01,0.000000E+00,3.895255E+03,0.000000E+00,3.408005E-01,1.495555E+03,6.282436E+03,6.010785E-02,5.496719E-01,1.022443E+03,4.039080E+03,4.109300E-02,3.533946E-01,1.531046E+03,6.115332E+03,6.153427E-02,5.350545E-01,1.021157E+03,4.853475E+03,4.104132E-02,4.246409E-01 
21:00:00,0.000000E+00,3.448335E+04,0.000000E+00,3.017041E+00,4.063182E+02,2.396981E+04,1.633048E-02,2.097178E+00,4.450168E+03,2.658439E+04,1.788584E-01,2.325920E+00,2.505769E+03,6.737832E+03,1.007090E-01,5.895185E-01,1.660192E+03,4.336205E+03,6.672452E-02,3.793925E-01,2.533303E+03,6.599874E+03,1.018156E-01,5.774505E-01,1.657020E+03,5.030814E+03,6.659702E-02,4.401602E-01,0.000000E+00,1.430429E+04,0.000000E+00,4.379964E+00,0.000000E+00,3.056494E+03,0.000000E+00,2.674227E-01,0.000000E+00,4.860536E+03,0.000000E+00,4.252643E-01,0.000000E+00,3.736768E+03,0.000000E+00,3.269355E-01,1.495915E+03,6.179998E+03,6.012231E-02,5.407099E-01,1.022673E+03,3.989260E+03,4.110221E-02,3.490359E-01,1.531404E+03,6.046094E+03,6.154865E-02,5.289968E-01,1.021386E+03,4.690429E+03,4.105050E-02,4.103770E-01 
21:15:00,0.000000E+00,3.441797E+04,0.000000E+00,3.011321E+00,4.072853E+02,2.389353E+04,1.636934E-02,2.090504E+00,4.452844E+03,2.628065E+04,1.789659E-01,2.299346E+00,2.506417E+03,6.607534E+03,1.007350E-01,5.781192E-01,1.660600E+03,4.260494E+03,6.674086E-02,3.727685E-01,2.533940E+03,6.489488E+03,1.018412E-01,5.677927E-01,1.657427E+03,4.879118E+03,6.661332E-02,4.268895E-01,0.000000E+00,1.420651E+04,0.000000E+00,4.350027E+00,0.000000E+00,3.015607E+03,0.000000E+00,2.638456E-01,0.000000E+00,4.803498E+03,0.000000E+00,4.202741E-01,0.000000E+00,3.620933E+03,0.000000E+00,3.168023E-01,1.496206E+03,6.100129E+03,6.013398E-02,5.337228E-01,1.022858E+03,3.944978E+03,4.110963E-02,3.451616E-01,1.531693E+03,5.985138E+03,6.156022E-02,5.236638E-01,1.021571E+03,4.570467E+03,4.105791E-02,3.998828E-01 
21:30:00,0.000000E+00,3.435653E+04,0.000000E+00,3.005946E+00,4.080909E+02,2.382040E+04,1.640172E-02,2.084106E+00,4.455224E+03,2.599405E+04,1.790616E-01,2.274272E+00,2.506994E+03,6.485981E+03,1.007581E-01,5.674850E-01,1.660963E+03,4.188545E+03,6.675542E-02,3.664736E-01,2.534508E+03,6.384907E+03,1.018639E-01,5.586429E-01,1.657789E+03,4.743072E+03,6.662784E-02,4.149877E-01,0.000000E+00,1.411501E+04,0.000000E+00,4.322011E+00,0.000000E+00,2.976618E+03,0.000000E+00,2.604345E-01,0.000000E+00,4.749373E+03,0.000000E+00,4.155388E-01,0.000000E+00,3.518677E+03,0.000000E+00,3.078569E-01,1.496450E+03,6.025905E+03,6.014376E-02,5.272295E-01,1.023013E+03,3.902546E+03,4.111586E-02,3.414493E-01,1.531935E+03,5.926995E+03,6.156991E-02,5.185769E-01,1.021726E+03,4.464159E+03,4.106412E-02,3.905829E-01 
21:45:00,0.000000E+00,3.429840E+04,0.000000E+00,3.000860E+00,4.087991E+02,2.374984E+04,1.643019E-02,2.077933E+00,4.457342E+03,2.572482E+04,1.791467E-01,2.250717E+00,2.507507E+03,6.371882E+03,1.007787E-01,5.575027E-01,1.661286E+03,4.120190E+03,6.676837E-02,3.604932E-01,2.535013E+03,6.285818E+03,1.018842E-01,5.499735E-01,1.658111E+03,4.620076E+03,6.664077E-02,4.042273E-01,0.000000E+00,1.402857E+04,0.000000E+00,4.295544E+00,0.000000E+00,2.939204E+03,0.000000E+00,2.571612E-01,0.000000E+00,4.697683E+03,0.000000E+00,4.110165E-01,0.000000E+00,3.427350E+03,0.000000E+00,2.998674E-01,1.496664E+03,5.955862E+03,6.015232E-02,5.211019E-01,1.023149E+03,3.861666E+03,4.112130E-02,3.378727E-01,1.532146E+03,5.871152E+03,6.157837E-02,5.136912E-01,1.021862E+03,4.368786E+03,4.106955E-02,3.822394E-01 
22:00:00,0.000000E+00,3.424298E+04,0.000000E+00,2.996012E+00,4.094483E+02,2.368126E+04,1.645628E-02,2.071932E+00,4.459225E+03,2.547208E+04,1.792224E-01,2.228605E+00,2.507964E+03,6.264917E+03,1.007970E-01,5.481445E-01,1.661573E+03,4.055412E+03,6.677988E-02,3.548257E-01,2.535461E+03,6.192132E+03,1.019021E-01,5.417769E-01,1.658398E+03,4.508392E+03,6.665225E-02,3.944563E-01,0.000000E+00,1.394699E+04,0.000000E+00,4.270563E+00,0.000000E+00,2.903395E+03,0.000000E+00,2.540282E-01,0.000000E+00,4.648340E+03,0.000000E+00,4.066996E-01,0.000000E+00,3.345222E+03,0.000000E+00,2.926824E-01,1.496857E+03,5.889693E+03,6.016006E-02,5.153128E-01,1.023272E+03,3.822326E+03,4.112623E-02,3.344308E-01,1.532337E+03,5.817534E+03,6.158603E-02,5.090002E-01,1.021984E+03,4.282620E+03,4.107447E-02,3.747010E-01 
22:15:00,0.000000E+00,3.081463E+04,0.000000E+00,2.681306E+00,4.100547E+02,2.069089E+04,1.648065E-02,1.810298E+00,4.460896E+03,2.217437E+04,1.792895E-01,1.940082E+00,2.508368E+03,5.433733E+03,1.008132E-01,4.754208E-01,1.661828E+03,3.519482E+03,6.679008E-02,3.079350E-01,2.535857E+03,5.376152E+03,1.019180E-01,4.703833E-01,1.658651E+03,3.908301E+03,6.666241E-02,3.417180E-01,0.000000E+00,1.379235E+04,0.000000E+00,4.223196E+00,0.000000E+00,2.524540E+03,0.000000E+00,2.208809E-01,0.000000E+00,4.045354E+03,0.000000E+00,3.539423E-01,0.000000E+00,2.890017E+03,0.000000E+00,2.528556E-01,1.497035E+03,5.123930E+03,6.016718E-02,4.483134E-01,1.023386E+03,3.327080E+03,4.113077E-02,2.910999E-01,1.532513E+03,5.066561E+03,6.159309E-02,4.432945E-01,1.022097E+03,3.713577E+03,4.107900E-02,3.248285E-01 
22:30:00,0.000000E+00,2.830441E+04,0.000000E+00,2.431349E+00,4.106551E+02,1.799585E+04,1.650478E-02,1.569651E+00,4.462484E+03,1.927753E+04,1.793534E-01,1.680464E+00,2.508748E+03,4.700456E+03,1.008285E-01,4.098649E-01,1.662067E+03,3.048674E+03,6.679969E-02,2.657932E-01,2.536231E+03,4.655172E+03,1.019330E-01,4.059149E-01,1.658890E+03,3.380151E+03,6.667200E-02,2.943433E-01,0.000000E+00,1.202404E+04,0.000000E+00,3.681739E+00,0.000000E+00,2.150586E+03,0.000000E+00,1.881624E-01,0.000000E+00,3.449141E+03,0.000000E+00,3.017776E-01,0.000000E+00,2.454565E+03,0.000000E+00,2.146388E-01,1.497208E+03,4.436048E+03,6.017413E-02,3.869658E-01,1.023496E+03,2.884372E+03,4.113519E-02,2.515637E-01,1.532684E+03,4.390477E+03,6.159996E-02,3.829946E-01,1.022207E+03,3.216833E+03,4.108341E-02,2.802777E-01 
22:45:00,0.000000E+00,2.612279E+04,0.000000E+00,2.204652E+00,4.113114E+02,1.563597E+04,1.653116E-02,1.352792E+00,4.464169E+03,1.676035E+04,1.794211E-01,1.448183E+00,2.509144E+03,4.045074E+03,1.008444E-01,3.500501E-01,1.662316E+03,2.627031E+03,6.680968E-02,2.272665E-01,2.536619E+03,4.009037E+03,1.019486E-01,3.469393E-01,1.659138E+03,2.919012E+03,6.668196E-02,2.519587E-01,0.000000E+00,1.026668E+04,0.000000E+00,3.143638E+00,0.000000E+00,1.795759E+03,0.000000E+00,1.568729E-01,0.000000E+00,2.902757E+03,0.000000E+00,2.532364E-01,0.000000E+00,2.058674E+03,0.000000E+00,1.794068E-01,1.497392E+03,3.815963E+03,6.018154E-02,3.305458E-01,1.023613E+03,2.485580E+03,4.113990E-02,2.152107E-01,1.532867E+03,3.780056E+03,6.160730E-02,3.274411E-01,1.022325E+03,2.778475E+03,4.108811E-02,2.400497E-01 
23:00:00,0.000000E+00,2.404644E+04,0.000000E+00,1.985462E+00,4.120053E+02,1.345680E+04,1.655905E-02,1.148804E+00,4.465908E+03,1.443672E+04,1.794910E-01,1.230094E+00,2.509549E+03,3.435367E+03,1.008606E-01,2.936831E-01,1.662571E+03,2.233741E+03,6.681990E-02,1.908755E-01,2.537017E+03,3.406898E+03,1.019646E-01,2.912647E-01,1.659392E+03,2.491524E+03,6.669215E-02,2.121827E-01,0.000000E+00,8.519689E+03,0.000000E+00,2.608709E+00,0.000000E+00,1.469176E+03,0.000000E+00,1.276543E-01,0.000000E+00,2.402183E+03,0.000000E+00,2.080357E-01,0.000000E+00,1.696739E+03,0.000000E+00,1.467432E-01,1.497585E+03,3.238762E+03,6.018928E-02,2.772919E-01,1.023736E+03,2.112423E+03,4.114483E-02,1.807494E-01,1.533059E+03,3.210354E+03,6.161498E-02,2.748732E-01,1.022447E+03,2.370315E+03,4.109302E-02,2.021308E-01 
23:15:00,0.000000E+00,2.203588E+04,0.000000E+00,1.771025E+00,4.127116E+02,1.135831E+04,1.658744E-02,9.506295E-01,4.467636E+03,1.221008E+04,1.795604E-01,1.019341E+00,2.509950E+03,2.854002E+03,1.008767E-01,2.395291E-01,1.662823E+03,1.858386E+03,6.683004E-02,1.558805E-01,2.537411E+03,2.831834E+03,1.019804E-01,2.376884E-01,1.659644E+03,2.086109E+03,6.670226E-02,1.741812E-01,0.000000E+00,6.782525E+03,0.000000E+00,2.076790E+00,0.000000E+00,1.163005E+03,0.000000E+00,9.994640E-02,0.000000E+00,1.926704E+03,0.000000E+00,1.647011E-01,0.000000E+00,1.355670E+03,0.000000E+00,1.157092E-01,1.497781E+03,2.685943E+03,6.019714E-02,2.258897E-01,1.023861E+03,1.754735E+03,4.114983E-02,1.474589E-01,1.533253E+03,2.663797E+03,6.162277E-02,2.240457E-01,1.022571E+03,1.981560E+03,4.109800E-02,1.657471E-01 
23:30:00,0.000000E+00,2.007861E+04,0.000000E+00,1.560454E+00,4.134187E+02,9.308981E+03,1.661585E-02,7.560595E-01,4.469322E+03,1.005285E+04,1.796282E-01,8.139615E-01,2.510341E+03,2.294522E+03,1.008924E-01,1.871222E-01,1.663070E+03,1.497062E+03,6.683994E-02,1.220009E-01,2.537795E+03,2.277623E+03,1.019958E-01,1.857640E-01,1.659890E+03,1.698378E+03,6.671212E-02,1.376277E-01,0.000000E+00,5.054694E+03,0.000000E+00,1.547728E+00,0.000000E+00,8.691678E+02,0.000000E+00,7.317840E-02,0.000000E+00,1.465826E+03,0.000000E+00,1.224931E-01,0.000000E+00,1.028687E+03,0.000000E+00,8.581368E-02,1.497977E+03,2.150595E+03,6.020500E-02,1.758481E-01,1.023985E+03,1.408314E+03,4.115483E-02,1.150421E-01,1.533447E+03,2.133704E+03,6.163056E-02,1.744867E-01,1.022695E+03,1.607850E+03,4.110298E-02,1.305785E-01 
23:45:00,0.000000E+00,1.816631E+04,0.000000E+00,1.353160E+00,4.141248E+02,7.300526E+03,1.664424E-02,5.645089E-01,4.470966E+03,7.955374E+03,1.796942E-01,6.132454E-01,2.510722E+03,1.753733E+03,1.009077E-01,1.362256E-01,1.663310E+03,1.147753E+03,6.684957E-02,8.908857E-02,2.538169E+03,1.741253E+03,1.020109E-01,1.352705E-01,1.660129E+03,1.325658E+03,6.672172E-02,1.023184E-01,0.000000E+00,3.335738E+03,0.000000E+00,1.021385E+00,0.000000E+00,5.837090E+02,0.000000E+00,4.707013E-02,0.000000E+00,1.015427E+03,0.000000E+00,8.111864E-02,0.000000E+00,7.134344E+02,0.000000E+00,5.687942E-02,1.498172E+03,1.629915E+03,6.021283E-02,1.269638E-01,1.024109E+03,1.071400E+03,4.115981E-02,8.337262E-02,1.533640E+03,1.617454E+03,6.163832E-02,1.260085E-01,1.022819E+03,1.246739E+03,4.110795E-02,9.644102E-02 
24:00:00,0.000000E+00,1.629241E+04,0.000000E+00,1.148675E+00,4.148290E+02,5.328035E+03,1.667253E-02,3.756289E-01,4.472567E+03,5.910711E+03,1.797586E-01,4.166776E-01,2.511092E+03,1.229095E+03,1.009226E-01,8.664942E-02,1.663543E+03,8.088215E+02,6.685893E-02,5.702249E-02,2.538533E+03,1.220318E+03,1.020254E-01,8.602988E-02,1.660361E+03,9.657908E+02,6.673105E-02,6.808772E-02,0.000000E+00,1.625246E+03,0.000000E+00,4.976323E-01,0.000000E+00,3.054960E+02,0.000000E+00,2.153937E-02,0.000000E+00,5.744166E+02,0.000000E+00,4.049785E-02,0.000000E+00,4.083588E+02,0.000000E+00,2.878685E-02,1.498366E+03,1.121811E+03,6.022062E-02,7.908437E-02,1.024233E+03,7.426437E+02,4.116477E-02,5.235317E-02,1.533833E+03,1.113092E+03,6.164605E-02,7.847044E-02,1.022942E+03,8.963296E+02,4.111289E-02,6.319092E-02 
Peak,0.000000E+00,3.864460E+04,0.000000E+00,3.361480E+00,4.229236E+02,2.800686E+04,1.699786E-02,2.434918E+00,4.490769E+03,3.106642E+04,1.804902E-01,2.718066E+00,2.515012E+03,9.218299E+03,1.010801E-01,8.065472E-01,1.666011E+03,9.349654E+03,6.695812E-02,8.180364E-01,2.542366E+03,9.399006E+03,1.021795E-01,8.223584E-01,1.662820E+03,1.062099E+04,6.682985E-02,9.292676E-01,0.000000E+00,2.195014E+04,0.000000E+00,6.051938E+00,0.000000E+00,8.190244E+03,0.000000E+00,7.165871E-01,0.000000E+00,6.942242E+03,0.000000E+00,6.073997E-01,0.000000E+00,8.788631E+03,0.000000E+00,7.689388E-01,1.500511E+03,7.988606E+03,6.030675E-02,6.989548E-01,1.025598E+03,9.164718E+03,4.121958E-02,8.018520E-01,1.535959E+03,8.183370E+03,6.173146E-02,7.159951E-01,1.024302E+03,9.804349E+03,4.116752E-02,8.578135E-01 

Peak Vol Flow (m3/s),,,0.000000E+00,2.794854E+00,,,1.413263E-02,2.024477E+00,,,1.500659E-01,2.259897E+00,,,8.404159E-02,6.705921E-01,,,5.567137E-02,6.801446E-01,,,8.495564E-02,6.837381E-01,,,5.556472E-02,7.726262E-01,,,0.000000E+00,5.031797E+00,,,0.000000E+00,5.957961E-01,,,0.000000E+00,5.050138E-01,,,0.000000E+00,6.393231E-01,,,5.014118E-02,5.811359E-01,,,3.427143E-02,6.666883E-01,,,5.132574E-02,5.953038E-01,,,3.422815E-02,7.132167E-01 
