Time,CORE_BOTTOM:BUFFALO.NIAGARA.INTL.AP_NY_USA ANN HTG 99.6% CONDNS DB:Des Heat Load [W],CORE_BOTTOM:BUFFALO.NIAGARA.INTL.AP_NY_USA ANN CLG .4% CONDNS DB=>MWB:Des Sens Cool Load [W],CORE_BOTTOM:BUFFALO.NIAGARA.INTL.AP_NY_USA ANN HTG 99.6% CONDNS DB:Des Heat Mass Flow [kg/s],CORE_BOTTOM:BUFFALO.NIAGARA.INTL.AP_NY_USA ANN CLG .4% CONDNS DB=>MWB:Des Cool Mass Flow [kg/s],CORE_MID:BUFFALO.NIAGARA.INTL.AP_NY_USA ANN HTG 99.6% CONDNS DB:Des Heat Load [W],CORE_MID:BUFFALO.NIAGARA.INTL.AP_NY_USA ANN CLG .4% CONDNS DB=>MWB:Des Sens Cool Load [W],CORE_MID:BUFFALO.NIAGARA.INTL.AP_NY_USA ANN HTG 99.6% CONDNS DB:Des Heat Mass Flow [kg/s],CORE_MID:BUFFALO.NIAGARA.INTL.AP_NY_USA ANN CLG .4% CONDNS DB=>MWB:Des Cool Mass Flow [kg/s],CORE_TOP:BUFFALO.NIAGARA.INTL.AP_NY_USA ANN HTG 99.6% CONDNS DB:Des Heat Load [W],CORE_TOP:BUFFALO.NIAGARA.INTL.AP_NY_USA ANN CLG .4% CONDNS DB=>MWB:Des Sens Cool Load [W],CORE_TOP:BUFFALO.NIAGARA.INTL.AP_NY_USA ANN HTG 99.6% CONDNS DB:Des Heat Mass Flow [kg/s],CORE_TOP:BUFFALO.NIAGARA.INTL.AP_NY_USA ANN CLG .4% CONDNS DB=>MWB:Des Cool Mass Flow [kg/s],PERIMETER_TOP_ZN_3:BUFFALO.NIAGARA.INTL.AP_NY_USA ANN HTG 99.6% CONDNS DB:Des Heat Load [W],PERIMETER_TOP_ZN_3:BUFFALO.NIAGARA.INTL.AP_NY_USA ANN CLG .4% CONDNS DB=>MWB:Des Sens Cool Load [W],PERIMETER_TOP_ZN_3:BUFFALO.NIAGARA.INTL.AP_NY_USA ANN HTG 99.6% CONDNS DB:Des Heat Mass Flow [kg/s],PERIMETER_TOP_ZN_3:BUFFALO.NIAGARA.INTL.AP_NY_USA ANN CLG .4% CONDNS DB=>MWB:Des Cool Mass Flow [kg/s],PERIMETER_TOP_ZN_2:BUFFALO.NIAGARA.INTL.AP_NY_USA ANN HTG 99.6% CONDNS DB:Des Heat Load [W],PERIMETER_TOP_ZN_2:BUFFALO.NIAGARA.INTL.AP_NY_USA ANN CLG .4% CONDNS DB=>MWB:Des Sens Cool Load [W],PERIMETER_TOP_ZN_2:BUFFALO.NIAGARA.INTL.AP_NY_USA ANN HTG 99.6% CONDNS DB:Des Heat Mass Flow [kg/s],PERIMETER_TOP_ZN_2:BUFFALO.NIAGARA.INTL.AP_NY_USA ANN CLG .4% CONDNS DB=>MWB:Des Cool Mass Flow [kg/s],PERIMETER_TOP_ZN_1:BUFFALO.NIAGARA.INTL.AP_NY_USA ANN HTG 99.6% CONDNS DB:Des Heat Load [W],PERIMETER_TOP_ZN_1:BUFFALO.NIAGARA.INTL.AP_NY_USA ANN CLG .4% CONDNS DB=>MWB:Des Sens Cool Load [W],PERIMETER_TOP_ZN_1:BUFFALO.NIAGARA.INTL.AP_NY_USA ANN HTG 99.6% CONDNS DB:Des Heat Mass Flow [kg/s],PERIMETER_TOP_ZN_1:BUFFALO.NIAGARA.INTL.AP_NY_USA ANN CLG .4% CONDNS DB=>MWB:Des Cool Mass Flow [kg/s],PERIMETER_TOP_ZN_4:BUFFALO.NIAGARA.INTL.AP_NY_USA ANN HTG 99.6% CONDNS DB:Des Heat Load [W],PERIMETER_TOP_ZN_4:BUFFALO.NIAGARA.INTL.AP_NY_USA ANN CLG .4% CONDNS DB=>MWB:Des Sens Cool Load [W],PERIMETER_TOP_ZN_4:BUFFALO.NIAGARA.INTL.AP_NY_USA ANN HTG 99.6% CONDNS DB:Des Heat Mass Flow [kg/s],PERIMETER_TOP_ZN_4:BUFFALO.NIAGARA.INTL.AP_NY_USA ANN CLG .4% CONDNS DB=>MWB:Des Cool Mass Flow [kg/s],PERIMETER_BOT_ZN_3:BUFFALO.NIAGARA.INTL.AP_NY_USA ANN HTG 99.6% CONDNS DB:Des Heat Load [W],PERIMETER_BOT_ZN_3:BUFFALO.NIAGARA.INTL.AP_NY_USA ANN CLG .4% CONDNS DB=>MWB:Des Sens Cool Load [W],PERIMETER_BOT_ZN_3:BUFFALO.NIAGARA.INTL.AP_NY_USA ANN HTG 99.6% CONDNS DB:Des Heat Mass Flow [kg/s],PERIMETER_BOT_ZN_3:BUFFALO.NIAGARA.INTL.AP_NY_USA ANN CLG .4% CONDNS DB=>MWB:Des Cool Mass Flow [kg/s],PERIMETER_BOT_ZN_2:BUFFALO.NIAGARA.INTL.AP_NY_USA ANN HTG 99.6% CONDNS DB:Des Heat Load [W],PERIMETER_BOT_ZN_2:BUFFALO.NIAGARA.INTL.AP_NY_USA ANN CLG .4% CONDNS DB=>MWB:Des Sens Cool Load [W],PERIMETER_BOT_ZN_2:BUFFALO.NIAGARA.INTL.AP_NY_USA ANN HTG 99.6% CONDNS DB:Des Heat Mass Flow [kg/s],PERIMETER_BOT_ZN_2:BUFFALO.NIAGARA.INTL.AP_NY_USA ANN CLG .4% CONDNS DB=>MWB:Des Cool Mass Flow [kg/s],PERIMETER_BOT_ZN_1:BUFFALO.NIAGARA.INTL.AP_NY_USA ANN HTG 99.6% CONDNS DB:Des Heat Load [W],PERIMETER_BOT_ZN_1:BUFFALO.NIAGARA.INTL.AP_NY_USA ANN CLG .4% CONDNS DB=>MWB:Des Sens Cool Load [W],PERIMETER_BOT_ZN_1:BUFFALO.NIAGARA.INTL.AP_NY_USA ANN HTG 99.6% CONDNS DB:Des Heat Mass Flow [kg/s],PERIMETER_BOT_ZN_1:BUFFALO.NIAGARA.INTL.AP_NY_USA ANN CLG .4% CONDNS DB=>MWB:Des Cool Mass Flow [kg/s],PERIMETER_BOT_ZN_4:BUFFALO.NIAGARA.INTL.AP_NY_USA ANN HTG 99.6% CONDNS DB:Des Heat Load [W],PERIMETER_BOT_ZN_4:BUFFALO.NIAGARA.INTL.AP_NY_USA ANN CLG .4% CONDNS DB=>MWB:Des Sens Cool Load [W],PERIMETER_BOT_ZN_4:BUFFALO.NIAGARA.INTL.AP_NY_USA ANN HTG 99.6% CONDNS DB:Des Heat Mass Flow [kg/s],PERIMETER_BOT_ZN_4:BUFFALO.NIAGARA.INTL.AP_NY_USA ANN CLG .4% CONDNS DB=>MWB:Des Cool Mass Flow [kg/s],PERIMETER_MID_ZN_3:BUFFALO.NIAGARA.INTL.AP_NY_USA ANN HTG 99.6% CONDNS DB:Des Heat Load [W],PERIMETER_MID_ZN_3:BUFFALO.NIAGARA.INTL.AP_NY_USA ANN CLG .4% CONDNS DB=>MWB:Des Sens Cool Load [W],PERIMETER_MID_ZN_3:BUFFALO.NIAGARA.INTL.AP_NY_USA ANN HTG 99.6% CONDNS DB:Des Heat Mass Flow [kg/s],PERIMETER_MID_ZN_3:BUFFALO.NIAGARA.INTL.AP_NY_USA ANN CLG .4% CONDNS DB=>MWB:Des Cool Mass Flow [kg/s],PERIMETER_MID_ZN_2:BUFFALO.NIAGARA.INTL.AP_NY_USA ANN HTG 99.6% CONDNS DB:Des Heat Load [W],PERIMETER_MID_ZN_2:BUFFALO.NIAGARA.INTL.AP_NY_USA ANN CLG .4% CONDNS DB=>MWB:Des Sens Cool Load [W],PERIMETER_MID_ZN_2:BUFFALO.NIAGARA.INTL.AP_NY_USA ANN HTG 99.6% CONDNS DB:Des Heat Mass Flow [kg/s],PERIMETER_MID_ZN_2:BUFFALO.NIAGARA.INTL.AP_NY_USA ANN CLG .4% CONDNS DB=>MWB:Des Cool Mass Flow [kg/s],PERIMETER_MID_ZN_1:BUFFALO.NIAGARA.INTL.AP_NY_USA ANN HTG 99.6% CONDNS DB:Des Heat Load [W],PERIMETER_MID_ZN_1:BUFFALO.NIAGARA.INTL.AP_NY_USA ANN CLG .4% CONDNS DB=>MWB:Des Sens Cool Load [W],PERIMETER_MID_ZN_1:BUFFALO.NIAGARA.INTL.AP_NY_USA ANN HTG 99.6% CONDNS DB:Des Heat Mass Flow [kg/s],PERIMETER_MID_ZN_1:BUFFALO.NIAGARA.INTL.AP_NY_USA ANN CLG .4% CONDNS DB=>MWB:Des Cool Mass Flow [kg/s],PERIMETER_MID_ZN_4:BUFFALO.NIAGARA.INTL.AP_NY_USA ANN HTG 99.6% CONDNS DB:Des Heat Load [W],PERIMETER_MID_ZN_4:BUFFALO.NIAGARA.INTL.AP_NY_USA ANN CLG .4% CONDNS DB=>MWB:Des Sens Cool Load [W],PERIMETER_MID_ZN_4:BUFFALO.NIAGARA.INTL.AP_NY_USA ANN HTG 99.6% CONDNS DB:Des Heat Mass Flow [kg/s],PERIMETER_MID_ZN_4:BUFFALO.NIAGARA.INTL.AP_NY_USA ANN CLG .4% CONDNS DB=>MWB:Des Cool Mass Flow [kg/s] 
00:15:00,0.000000E+00,1.819725E+04,0.000000E+00,1.283544E+00,0.000000E+00,6.571485E+03,0.000000E+00,4.635216E-01,0.000000E+00,6.317519E+03,0.000000E+00,4.456680E-01,1.999436E+03,7.676716E+02,8.036904E-02,5.423128E-02,1.369393E+03,5.194402E+02,5.504861E-02,3.669148E-02,2.045210E+03,8.654907E+02,8.220818E-02,6.113167E-02,1.433944E+03,7.622625E+02,5.764861E-02,5.377832E-02,0.000000E+00,3.306128E+02,0.000000E+00,2.331126E-02,0.000000E+00,2.277922E+02,0.000000E+00,1.605728E-02,0.000000E+00,3.994642E+02,0.000000E+00,2.818767E-02,8.384365E+00,3.608954E+02,3.381483E-04,2.550164E-02,6.432489E+02,8.578830E+02,2.587913E-02,6.060021E-02,4.989965E+02,5.794375E+02,2.007439E-02,4.092409E-02,7.010607E+02,9.599541E+02,2.820597E-02,6.779107E-02,5.496664E+02,8.328540E+02,2.211375E-02,5.873762E-02 
00:30:00,0.000000E+00,1.886302E+04,0.000000E+00,1.329855E+00,0.000000E+00,7.277167E+03,0.000000E+00,5.131784E-01,0.000000E+00,6.986304E+03,0.000000E+00,4.927228E-01,2.408851E+03,8.930018E+02,9.682129E-02,6.306173E-02,1.633672E+03,5.996944E+02,6.566789E-02,4.234466E-02,2.449382E+03,9.906022E+02,9.844875E-02,6.994361E-02,1.699478E+03,8.502225E+02,6.831832E-02,5.997022E-02,0.000000E+00,3.912301E+02,0.000000E+00,2.758420E-02,1.606585E+01,2.683289E+02,6.465554E-04,1.891474E-02,4.572174E+00,4.695429E+02,1.843858E-04,3.312758E-02,3.484401E+01,4.213837E+02,1.401598E-03,2.976555E-02,8.334272E+02,9.907953E+02,3.352206E-02,6.996165E-02,6.371543E+02,6.645349E+02,2.562664E-02,4.691804E-02,9.007173E+02,1.092855E+03,3.622978E-02,7.715353E-02,6.957161E+02,9.268415E+02,2.798313E-02,6.535480E-02 
00:45:00,0.000000E+00,1.927220E+04,0.000000E+00,1.358496E+00,0.000000E+00,7.737398E+03,0.000000E+00,5.454598E-01,0.000000E+00,7.427048E+03,0.000000E+00,5.235961E-01,2.725931E+03,9.945501E+02,1.095587E-01,7.016814E-02,1.836490E+03,6.642318E+02,7.381086E-02,4.685804E-02,2.759782E+03,1.089073E+03,1.109196E-01,7.682135E-02,1.900365E+03,9.011777E+02,7.637806E-02,6.353674E-02,7.750893E+00,4.531104E+02,3.122868E-04,3.194619E-02,4.137295E+01,3.094757E+02,1.663675E-03,2.181521E-02,3.683918E+01,5.405525E+02,1.481241E-03,3.813312E-02,6.763896E+01,4.818082E+02,2.719649E-03,3.402498E-02,1.036879E+03,1.102349E+03,4.169833E-02,7.776609E-02,7.837623E+02,7.356063E+02,3.151840E-02,5.188849E-02,1.113512E+03,1.200759E+03,4.478148E-02,8.469225E-02,8.502392E+02,9.810436E+02,3.419295E-02,6.916173E-02 
01:00:00,0.000000E+00,1.951693E+04,0.000000E+00,1.375735E+00,0.000000E+00,8.022451E+03,0.000000E+00,5.654999E-01,0.000000E+00,7.685836E+03,0.000000E+00,5.417717E-01,2.961936E+03,1.015587E+03,1.190292E-01,7.159193E-02,1.985869E+03,6.793285E+02,7.980393E-02,4.788815E-02,2.985725E+03,1.115151E+03,1.199849E-01,7.861078E-02,2.048886E+03,9.218883E+02,8.233614E-02,6.498767E-02,3.786616E+01,4.794962E+02,1.522659E-03,3.379988E-02,7.575700E+01,3.230369E+02,3.045593E-03,2.277096E-02,7.660049E+01,5.584455E+02,3.079280E-03,3.936505E-02,1.108846E+02,4.814049E+02,4.457711E-03,3.393472E-02,1.252035E+03,1.132746E+03,5.034486E-02,7.985055E-02,9.378900E+02,7.563054E+02,3.771230E-02,5.331433E-02,1.337896E+03,1.235271E+03,5.379883E-02,8.707806E-02,1.005224E+03,1.007786E+03,4.041646E-02,7.104254E-02 
01:15:00,0.000000E+00,1.969422E+04,0.000000E+00,1.388228E+00,0.000000E+00,8.231299E+03,0.000000E+00,5.802209E-01,0.000000E+00,7.871650E+03,0.000000E+00,5.548691E-01,3.152078E+03,1.031755E+03,1.266683E-01,7.273226E-02,2.105655E+03,6.894402E+02,8.461611E-02,4.860137E-02,3.168281E+03,1.131867E+03,1.273190E-01,7.978979E-02,2.166428E+03,9.314223E+02,8.705806E-02,6.566028E-02,7.605509E+01,4.565365E+02,3.057503E-03,3.218141E-02,1.186323E+02,3.063197E+02,4.768766E-03,2.159263E-02,1.310802E+02,5.346518E+02,5.268851E-03,3.768799E-02,1.618364E+02,4.742746E+02,6.505468E-03,3.343228E-02,1.394813E+03,1.155493E+03,5.605533E-02,8.145472E-02,1.026978E+03,7.706421E+02,4.127220E-02,5.432538E-02,1.475925E+03,1.258480E+03,5.931495E-02,8.871479E-02,1.093644E+03,1.021934E+03,4.395122E-02,7.204039E-02 
01:30:00,0.000000E+00,1.984197E+04,0.000000E+00,1.398636E+00,0.000000E+00,8.395492E+03,0.000000E+00,5.917931E-01,0.000000E+00,8.018685E+03,0.000000E+00,5.652320E-01,3.301422E+03,1.053777E+03,1.326678E-01,7.428500E-02,2.199046E+03,7.019842E+02,8.836766E-02,4.948586E-02,3.311045E+03,1.151001E+03,1.330539E-01,8.113897E-02,2.259439E+03,9.345199E+02,9.079423E-02,6.587893E-02,1.273569E+02,4.854040E+02,5.119351E-03,3.421633E-02,1.684571E+02,3.243354E+02,6.771224E-03,2.286260E-02,1.963058E+02,5.608309E+02,7.890285E-03,3.953342E-02,2.195481E+02,4.814096E+02,8.824885E-03,3.393528E-02,1.525658E+03,1.182726E+03,6.131305E-02,8.337477E-02,1.108818E+03,7.864123E+02,4.456059E-02,5.543730E-02,1.603197E+03,1.282538E+03,6.442900E-02,9.041107E-02,1.173817E+03,1.027732E+03,4.717259E-02,7.244935E-02 
01:45:00,0.000000E+00,1.997038E+04,0.000000E+00,1.407681E+00,0.000000E+00,8.537500E+03,0.000000E+00,6.018013E-01,0.000000E+00,8.142316E+03,0.000000E+00,5.739451E-01,3.431048E+03,1.066051E+03,1.378749E-01,7.515051E-02,2.280332E+03,7.082966E+02,9.163269E-02,4.993105E-02,3.435506E+03,1.160856E+03,1.380533E-01,8.183398E-02,2.340344E+03,9.331446E+02,9.404395E-02,6.578218E-02,1.885838E+02,4.955692E+02,7.580079E-03,3.493302E-02,2.244596E+02,3.289919E+02,9.021946E-03,2.319094E-02,2.710638E+02,5.675519E+02,1.089481E-02,4.000735E-02,2.832937E+02,4.806031E+02,1.138679E-02,3.387852E-02,1.645473E+03,1.200121E+03,6.612749E-02,8.460132E-02,1.183896E+03,7.959168E+02,4.757725E-02,5.610751E-02,1.720141E+03,1.297321E+03,6.912796E-02,9.145349E-02,1.247212E+03,1.029247E+03,5.012155E-02,7.255635E-02 
02:00:00,0.000000E+00,2.008406E+04,0.000000E+00,1.415690E+00,0.000000E+00,8.665321E+03,0.000000E+00,6.108095E-01,0.000000E+00,8.251094E+03,0.000000E+00,5.816110E-01,3.543799E+03,1.074433E+03,1.424044E-01,7.574164E-02,2.352120E+03,7.119286E+02,9.451658E-02,5.018722E-02,3.545747E+03,1.166660E+03,1.424820E-01,8.224335E-02,2.411927E+03,9.291263E+02,9.691962E-02,6.549903E-02,2.586891E+02,5.018482E+02,1.039761E-02,3.537572E-02,2.860354E+02,3.315085E+02,1.149664E-02,2.336839E-02,3.544332E+02,5.711725E+02,1.424540E-02,4.026267E-02,3.524978E+02,4.778605E+02,1.416804E-02,3.368523E-02,1.740329E+03,1.213459E+03,6.993885E-02,8.554175E-02,1.245000E+03,8.026378E+02,5.003238E-02,5.658143E-02,1.813995E+03,1.307914E+03,7.289905E-02,9.220042E-02,1.307600E+03,1.028052E+03,5.254787E-02,7.247223E-02 
02:15:00,0.000000E+00,2.020041E+04,0.000000E+00,1.423887E+00,0.000000E+00,8.796554E+03,0.000000E+00,6.200582E-01,0.000000E+00,8.362383E+03,0.000000E+00,5.894541E-01,3.644175E+03,1.082934E+03,1.464366E-01,7.634108E-02,2.417081E+03,7.154922E+02,9.712630E-02,5.043853E-02,3.645662E+03,1.172505E+03,1.464960E-01,8.265556E-02,2.476841E+03,9.251998E+02,9.952744E-02,6.522229E-02,3.368809E+02,5.086645E+02,1.354012E-02,3.585628E-02,3.527025E+02,3.343860E+02,1.417593E-02,2.357128E-02,4.456771E+02,5.754875E+02,1.791244E-02,4.056692E-02,4.183160E+02,4.756268E+02,1.681201E-02,3.352781E-02,1.824863E+03,1.226878E+03,7.333540E-02,8.648786E-02,1.299297E+03,8.092646E+02,5.221395E-02,5.704867E-02,1.897651E+03,1.318525E+03,7.626029E-02,9.294860E-02,1.361282E+03,1.026950E+03,5.470469E-02,7.239453E-02 
02:30:00,0.000000E+00,2.030835E+04,0.000000E+00,1.431493E+00,0.000000E+00,8.919847E+03,0.000000E+00,6.287474E-01,0.000000E+00,8.464891E+03,0.000000E+00,5.966783E-01,3.735240E+03,1.089558E+03,1.500949E-01,7.680816E-02,2.476815E+03,7.177769E+02,9.952612E-02,5.059966E-02,3.737427E+03,1.176440E+03,1.501827E-01,8.293307E-02,2.536756E+03,9.202105E+02,1.019346E-01,6.487060E-02,4.225217E+02,5.139502E+02,1.698198E-02,3.622895E-02,4.080045E+02,3.363855E+02,1.639757E-02,2.371227E-02,5.396283E+02,5.784160E+02,2.168764E-02,4.077342E-02,4.706831E+02,4.726187E+02,1.891651E-02,3.331579E-02,1.901395E+03,1.238421E+03,7.641044E-02,8.730170E-02,1.348154E+03,8.146105E+02,5.417692E-02,5.742559E-02,1.973388E+03,1.327237E+03,7.930334E-02,9.356282E-02,1.409748E+03,1.024803E+03,5.665196E-02,7.224322E-02 
02:45:00,0.000000E+00,2.040930E+04,0.000000E+00,1.438606E+00,0.000000E+00,9.036582E+03,0.000000E+00,6.369744E-01,0.000000E+00,8.560067E+03,0.000000E+00,6.033858E-01,3.818349E+03,1.094902E+03,1.534338E-01,7.718494E-02,2.532515E+03,7.192023E+02,1.017640E-01,5.070019E-02,3.823352E+03,1.179095E+03,1.536350E-01,8.312030E-02,2.592645E+03,9.146118E+02,1.041801E-01,6.447593E-02,5.073156E+02,5.182385E+02,2.038900E-02,3.653130E-02,4.584291E+02,3.377951E+02,1.842401E-02,2.381167E-02,6.126490E+02,5.804464E+02,2.462219E-02,4.091661E-02,5.210140E+02,4.691749E+02,2.093916E-02,3.307305E-02,1.971434E+03,1.248706E+03,7.922455E-02,8.802680E-02,1.392838E+03,8.191076E+02,5.597225E-02,5.774266E-02,2.042675E+03,1.334696E+03,8.208722E-02,9.408872E-02,1.453966E+03,1.022074E+03,5.842854E-02,7.205084E-02 
03:00:00,0.000000E+00,2.050450E+04,0.000000E+00,1.445315E+00,0.000000E+00,9.147984E+03,0.000000E+00,6.448256E-01,0.000000E+00,8.649238E+03,0.000000E+00,6.096701E-01,3.895852E+03,1.099453E+03,1.565476E-01,7.750586E-02,2.585003E+03,7.201093E+02,1.038730E-01,5.076417E-02,3.905194E+03,1.180983E+03,1.569234E-01,8.325345E-02,2.645555E+03,9.087613E+02,1.063060E-01,6.406350E-02,5.762246E+02,5.218889E+02,2.315832E-02,3.678868E-02,5.038754E+02,3.388418E+02,2.025036E-02,2.388549E-02,6.845364E+02,5.819637E+02,2.751118E-02,4.102362E-02,5.649368E+02,4.655628E+02,2.270425E-02,3.281845E-02,2.036241E+03,1.258226E+03,8.182846E-02,8.869798E-02,1.434072E+03,8.230995E+02,5.762895E-02,5.802410E-02,2.106748E+03,1.341418E+03,8.466159E-02,9.456263E-02,1.494744E+03,1.019119E+03,6.006692E-02,7.184255E-02 
03:15:00,0.000000E+00,2.059518E+04,0.000000E+00,1.451705E+00,0.000000E+00,9.255281E+03,0.000000E+00,6.523877E-01,0.000000E+00,8.733711E+03,0.000000E+00,6.156233E-01,3.968943E+03,1.103014E+03,1.594842E-01,7.775696E-02,2.635578E+03,7.203724E+02,1.059051E-01,5.078274E-02,3.985385E+03,1.181906E+03,1.601456E-01,8.331855E-02,2.697332E+03,9.025159E+02,1.083865E-01,6.362323E-02,6.431805E+02,5.247556E+02,2.584912E-02,3.699081E-02,5.447040E+02,3.394218E+02,2.189110E-02,2.392641E-02,7.477229E+02,5.828039E+02,3.005045E-02,4.108290E-02,6.049772E+02,4.616732E+02,2.431330E-02,3.254427E-02,2.096779E+03,1.266835E+03,8.426082E-02,8.930491E-02,1.472471E+03,8.264948E+02,5.917174E-02,5.826348E-02,2.166552E+03,1.347254E+03,8.706444E-02,9.497405E-02,1.532699E+03,1.015826E+03,6.159184E-02,7.161044E-02 
03:30:00,0.000000E+00,2.068186E+04,0.000000E+00,1.457814E+00,0.000000E+00,9.358984E+03,0.000000E+00,6.596965E-01,0.000000E+00,8.814138E+03,0.000000E+00,6.212916E-01,4.038815E+03,1.105861E+03,1.622917E-01,7.795769E-02,2.685178E+03,7.201835E+02,1.078982E-01,5.076945E-02,4.062893E+03,1.182145E+03,1.632602E-01,8.333545E-02,2.747012E+03,8.960627E+02,1.103829E-01,6.316830E-02,7.028293E+02,5.270556E+02,2.824623E-02,3.715298E-02,5.822578E+02,3.396770E+02,2.340023E-02,2.394442E-02,8.058769E+02,5.831740E+02,3.238745E-02,4.110903E-02,6.418874E+02,4.576502E+02,2.579655E-02,3.226070E-02,2.153760E+03,1.274791E+03,8.655027E-02,8.986584E-02,1.508500E+03,8.294748E+02,6.061933E-02,5.847357E-02,2.222793E+03,1.352468E+03,8.932416E-02,9.534163E-02,1.568284E+03,1.012371E+03,6.302158E-02,7.136682E-02 
03:45:00,0.000000E+00,2.076492E+04,0.000000E+00,1.463668E+00,0.000000E+00,9.459453E+03,0.000000E+00,6.667775E-01,0.000000E+00,8.891006E+03,0.000000E+00,6.267091E-01,4.106580E+03,1.108188E+03,1.650147E-01,7.812178E-02,2.732928E+03,7.196794E+02,1.098171E-01,5.073392E-02,4.138010E+03,1.181905E+03,1.662788E-01,8.331854E-02,2.794983E+03,8.895363E+02,1.123106E-01,6.270821E-02,7.580812E+02,5.289308E+02,3.046661E-02,3.728521E-02,6.171323E+02,3.397004E+02,2.480167E-02,2.394609E-02,8.599423E+02,5.832108E+02,3.456012E-02,4.111167E-02,6.762208E+02,4.535917E+02,2.717623E-02,3.197461E-02,2.207721E+03,1.282272E+03,8.871841E-02,9.039321E-02,1.542500E+03,8.321647E+02,6.198540E-02,5.866321E-02,2.275999E+03,1.357245E+03,9.146190E-02,9.567843E-02,1.601832E+03,1.008873E+03,6.436949E-02,7.112027E-02 
04:00:00,0.000000E+00,2.084464E+04,0.000000E+00,1.469287E+00,0.000000E+00,9.557018E+03,0.000000E+00,6.736540E-01,0.000000E+00,8.964743E+03,0.000000E+00,6.319060E-01,4.173648E+03,1.110150E+03,1.677098E-01,7.826008E-02,2.779059E+03,7.189671E+02,1.116708E-01,5.068371E-02,4.210828E+03,1.181345E+03,1.692050E-01,8.327905E-02,2.841274E+03,8.830354E+02,1.141708E-01,6.224992E-02,8.097352E+02,5.304918E+02,3.254239E-02,3.739528E-02,6.497736E+02,3.395646E+02,2.611336E-02,2.393654E-02,9.105977E+02,5.830187E+02,3.659573E-02,4.109816E-02,7.083974E+02,4.495689E+02,2.846923E-02,3.169104E-02,2.259140E+03,1.289415E+03,9.078438E-02,9.089676E-02,1.574734E+03,8.346618E+02,6.328054E-02,5.883925E-02,2.326558E+03,1.361729E+03,9.349333E-02,9.599454E-02,1.633627E+03,1.005422E+03,6.564697E-02,7.087694E-02 
04:15:00,0.000000E+00,2.092123E+04,0.000000E+00,1.474686E+00,0.000000E+00,9.651470E+03,0.000000E+00,6.803111E-01,0.000000E+00,9.035434E+03,0.000000E+00,6.368883E-01,4.239691E+03,1.111849E+03,1.703638E-01,7.837990E-02,2.823689E+03,7.181246E+02,1.134642E-01,5.062433E-02,4.281598E+03,1.180579E+03,1.720489E-01,8.322509E-02,2.886023E+03,8.766444E+02,1.159690E-01,6.179937E-02,8.583588E+02,5.317901E+02,3.449636E-02,3.748684E-02,6.805202E+02,3.393089E+02,2.734890E-02,2.391854E-02,9.583592E+02,5.826498E+02,3.851504E-02,4.107219E-02,7.387357E+02,4.456309E+02,2.968835E-02,3.141345E-02,2.308337E+03,1.296273E+03,9.276112E-02,9.138028E-02,1.605414E+03,8.370133E+02,6.451320E-02,5.900502E-02,2.374757E+03,1.365985E+03,9.542995E-02,9.629456E-02,1.663856E+03,1.002069E+03,6.686153E-02,7.064056E-02 
04:30:00,0.000000E+00,2.099517E+04,0.000000E+00,1.479897E+00,0.000000E+00,9.743182E+03,0.000000E+00,6.867751E-01,0.000000E+00,9.103459E+03,0.000000E+00,6.416827E-01,4.304241E+03,1.113381E+03,1.729579E-01,7.848789E-02,2.866944E+03,7.172149E+02,1.152024E-01,5.056020E-02,4.350642E+03,1.179703E+03,1.748235E-01,8.316330E-02,2.929343E+03,8.704106E+02,1.177097E-01,6.135991E-02,9.043842E+02,5.328853E+02,3.634592E-02,3.756408E-02,7.096303E+02,3.389723E+02,2.851867E-02,2.389483E-02,1.003619E+03,5.821576E+02,4.033381E-02,4.103752E-02,7.674796E+02,4.418106E+02,3.084340E-02,3.114416E-02,2.355567E+03,1.302933E+03,9.465883E-02,9.184978E-02,1.634694E+03,8.392764E+02,6.568966E-02,5.916456E-02,2.420793E+03,1.370098E+03,9.727963E-02,9.658454E-02,1.692693E+03,9.988547E+02,6.802016E-02,7.041399E-02 
04:45:00,0.000000E+00,2.106682E+04,0.000000E+00,1.484948E+00,0.000000E+00,9.832471E+03,0.000000E+00,6.930685E-01,0.000000E+00,9.169125E+03,0.000000E+00,6.463109E-01,4.367502E+03,1.114820E+03,1.755001E-01,7.858934E-02,2.908946E+03,7.162870E+02,1.168902E-01,5.049479E-02,4.418092E+03,1.178788E+03,1.775340E-01,8.309884E-02,2.971229E+03,8.643666E+02,1.193929E-01,6.093383E-02,9.481666E+02,5.338262E+02,3.810532E-02,3.763043E-02,7.373187E+02,3.385868E+02,2.963131E-02,2.386767E-02,1.046704E+03,5.815797E+02,4.206517E-02,4.099682E-02,7.948334E+02,4.381334E+02,3.194259E-02,3.088494E-02,2.401050E+03,1.309470E+03,9.648634E-02,9.231057E-02,1.662725E+03,8.415003E+02,6.681590E-02,5.932134E-02,2.464867E+03,1.374143E+03,9.905050E-02,9.686964E-02,1.720260E+03,9.958121E+02,6.912774E-02,7.019950E-02 
05:00:00,0.000000E+00,2.113733E+04,0.000000E+00,1.489918E+00,0.000000E+00,9.920550E+03,0.000000E+00,6.992766E-01,0.000000E+00,9.233351E+03,0.000000E+00,6.508377E-01,4.428968E+03,1.124414E+03,1.779702E-01,7.926564E-02,2.949746E+03,7.231556E+02,1.185297E-01,5.097899E-02,4.483744E+03,1.181953E+03,1.801722E-01,8.332196E-02,3.012117E+03,8.612781E+02,1.210359E-01,6.071609E-02,9.899538E+02,5.415204E+02,3.978454E-02,3.817285E-02,7.637361E+02,3.443987E+02,3.069288E-02,2.427738E-02,1.087842E+03,5.842317E+02,4.371828E-02,4.118380E-02,8.209403E+02,4.371463E+02,3.299167E-02,3.081536E-02,2.444930E+03,1.324420E+03,9.824948E-02,9.336448E-02,1.689583E+03,8.517503E+02,6.789503E-02,6.004391E-02,2.507115E+03,1.382424E+03,1.007480E-01,9.745342E-02,1.746619E+03,9.958239E+02,7.018682E-02,7.020033E-02 
05:15:00,0.000000E+00,2.230525E+04,0.000000E+00,1.583794E+00,0.000000E+00,1.117384E+04,0.000000E+00,7.939737E-01,1.845058E+03,1.043620E+04,7.718371E-02,7.414803E-01,5.063455E+03,1.407800E+03,2.059496E-01,1.002214E-01,3.362943E+03,9.210149E+02,1.367917E-01,6.561665E-02,5.144506E+03,1.449158E+03,2.093016E-01,1.031118E-01,3.428312E+03,1.031340E+03,1.394503E-01,7.336530E-02,1.637891E+03,7.742491E+02,6.704407E-02,5.505740E-02,1.169652E+03,5.061259E+02,4.781344E-02,3.605001E-02,1.726582E+03,7.974858E+02,7.061746E-02,5.663390E-02,1.224509E+03,5.838954E+02,5.003123E-02,4.152597E-02,3.021036E+03,1.618617E+03,1.229335E-01,1.151986E-01,2.038053E+03,1.058565E+03,8.287448E-02,7.540685E-02,3.056609E+03,1.659065E+03,1.243002E-01,1.180151E-01,2.088436E+03,1.172797E+03,8.490105E-02,8.342397E-02 
05:30:00,0.000000E+00,2.191142E+04,0.000000E+00,1.556744E+00,0.000000E+00,1.087785E+04,0.000000E+00,7.736220E-01,1.904462E+03,1.012051E+04,7.978440E-02,7.195992E-01,5.360548E+03,1.393244E+03,2.208760E-01,9.920190E-02,3.562828E+03,9.776388E+02,1.468214E-01,6.970480E-02,5.448763E+03,1.392203E+03,2.245618E-01,9.912893E-02,3.629978E+03,9.892100E+02,1.495861E-01,7.040593E-02,1.789250E+03,7.689162E+02,7.406813E-02,5.470603E-02,1.274145E+03,5.494533E+02,5.270139E-02,3.910852E-02,1.882661E+03,7.479766E+02,7.789283E-02,5.315538E-02,1.329710E+03,5.520598E+02,5.497618E-02,3.928526E-02,3.187979E+03,1.609977E+03,1.312908E-01,1.146477E-01,2.154857E+03,1.119805E+03,8.871680E-02,7.983507E-02,3.228859E+03,1.601062E+03,1.329198E-01,1.139352E-01,2.206774E+03,1.131059E+03,9.083673E-02,8.049613E-02 
05:45:00,0.000000E+00,2.200766E+04,0.000000E+00,1.563773E+00,0.000000E+00,1.094426E+04,0.000000E+00,7.786065E-01,3.168826E+03,1.016878E+04,1.351381E-01,7.232848E-01,5.872265E+03,1.474165E+03,2.452215E-01,1.049572E-01,3.895130E+03,1.154220E+03,1.626634E-01,8.221613E-02,5.965027E+03,1.387651E+03,2.491282E-01,9.883267E-02,3.963306E+03,9.838447E+02,1.655012E-01,7.004767E-02,2.214490E+03,8.392018E+02,9.310020E-02,5.968091E-02,1.548361E+03,7.124171E+02,6.503068E-02,5.065569E-02,2.309958E+03,7.405383E+02,9.705916E-02,5.266798E-02,1.603925E+03,5.466736E+02,6.733130E-02,3.892266E-02,3.610680E+03,1.697048E+03,1.508620E-01,1.208443E-01,2.431680E+03,1.303361E+03,1.015748E-01,9.283874E-02,3.657203E+03,1.601047E+03,1.527673E-01,1.139683E-01,2.484886E+03,1.128171E+03,1.037771E-01,8.031758E-02 
06:00:00,0.000000E+00,2.194881E+04,0.000000E+00,1.559628E+00,0.000000E+00,1.095368E+04,0.000000E+00,7.792720E-01,4.058883E+03,1.016677E+04,1.741047E-01,7.231434E-01,6.291535E+03,1.576063E+03,2.655466E-01,1.121411E-01,4.168548E+03,1.413891E+03,1.759455E-01,1.005242E-01,6.389202E+03,1.388522E+03,2.696916E-01,9.889400E-02,4.237899E+03,9.788931E+02,1.788628E-01,6.969857E-02,2.549035E+03,9.392192E+02,1.081786E-01,6.673210E-02,1.765184E+03,9.503983E+02,7.485815E-02,6.743421E-02,2.646756E+03,7.438141E+02,1.122804E-01,5.289979E-02,1.821027E+03,5.482624E+02,7.719672E-02,3.903519E-02,3.947322E+03,1.804244E+03,1.666836E-01,1.284015E-01,2.653231E+03,1.569699E+03,1.120241E-01,1.116162E-01,3.999140E+03,1.600915E+03,1.688494E-01,1.139589E-01,2.707682E+03,1.123295E+03,1.143066E-01,7.997375E-02 
06:15:00,3.831269E+02,2.230220E+04,1.814837E-02,1.584538E+00,1.617540E+03,1.131010E+04,7.335738E-02,8.043951E-01,7.415418E+03,1.051188E+04,3.269064E-01,7.474699E-01,7.219656E+03,1.792523E+03,3.121463E-01,1.274015E-01,4.765735E+03,1.831027E+03,2.060312E-01,1.299358E-01,7.324082E+03,1.488098E+03,3.166604E-01,1.059135E-01,4.837311E+03,1.040903E+03,2.091091E-01,7.406989E-02,3.361279E+03,1.118736E+03,1.462781E-01,7.938769E-02,2.292342E+03,1.329921E+03,9.971341E-02,9.419339E-02,3.473017E+03,8.312855E+02,1.511312E-01,5.906588E-02,2.349213E+03,6.027619E+02,1.021512E-01,4.287699E-02,4.751291E+03,2.022011E+03,2.056719E-01,1.437537E-01,3.174441E+03,1.991451E+03,1.374031E-01,1.413519E-01,4.811459E+03,1.699346E+03,2.082839E-01,1.208976E-01,3.231511E+03,1.184028E+03,1.398569E-01,8.425497E-02 
06:30:00,3.831269E+02,2.466829E+04,1.814837E-02,1.778878E+00,1.617540E+03,1.378192E+04,7.335738E-02,9.965177E-01,8.854582E+03,1.294590E+04,3.960899E-01,9.360413E-01,7.739342E+03,2.523822E+03,3.415865E-01,1.833642E-01,5.103662E+03,2.730084E+03,2.252448E-01,1.993767E-01,7.848864E+03,2.064125E+03,3.464045E-01,1.498546E-01,5.177248E+03,1.411705E+03,2.284808E-01,1.024593E-01,3.790245E+03,1.733897E+03,1.679357E-01,1.257807E-01,2.576356E+03,2.160500E+03,1.141576E-01,1.579486E-01,3.909695E+03,1.309622E+03,1.732551E-01,9.473300E-02,2.634977E+03,9.146708E+02,1.167355E-01,6.624392E-02,5.183068E+03,2.761852E+03,2.289022E-01,2.005771E-01,3.461029E+03,2.897710E+03,1.528846E-01,2.114733E-01,5.251720E+03,2.281967E+03,2.319811E-01,1.655365E-01,3.520905E+03,1.557965E+03,1.555289E-01,1.130077E-01 
06:45:00,5.568631E+02,2.570224E+04,2.652733E-02,1.888083E+00,2.676730E+03,1.485410E+04,1.245146E-01,1.095068E+00,1.146059E+04,1.400475E+04,5.213659E-01,1.032607E+00,8.418730E+03,2.989565E+03,3.787556E-01,2.221477E-01,5.540067E+03,3.541065E+03,2.492269E-01,2.653902E-01,8.532212E+03,2.398302E+03,3.838274E-01,1.781394E-01,5.615697E+03,1.627708E+03,2.526212E-01,1.208456E-01,4.433203E+03,2.098247E+03,1.999138E-01,1.557039E-01,2.991339E+03,2.913556E+03,1.349189E-01,2.188478E-01,4.557898E+03,1.542431E+03,2.055804E-01,1.141432E-01,3.050982E+03,1.069200E+03,1.376016E-01,7.917873E-02,5.805848E+03,3.227950E+03,2.613505E-01,2.396491E-01,3.864204E+03,3.711831E+03,1.739920E-01,2.779049E-01,5.881567E+03,2.617415E+03,2.648257E-01,1.941838E-01,3.926115E+03,1.774247E+03,1.767893E-01,1.315901E-01 
07:00:00,7.277209E+02,2.757947E+04,3.474098E-02,2.065123E+00,3.462813E+03,1.678168E+04,1.623091E-01,1.262437E+00,1.361031E+04,1.595452E+04,6.247075E-01,1.200810E+00,8.989428E+03,3.616592E+03,4.107536E-01,2.739752E-01,5.906232E+03,4.524938E+03,2.698677E-01,3.453762E-01,9.106115E+03,2.929523E+03,4.160481E-01,2.222965E-01,5.983625E+03,1.964014E+03,2.734085E-01,1.489196E-01,4.979970E+03,2.644319E+03,2.273026E-01,2.002962E-01,3.344789E+03,3.841948E+03,1.527442E-01,2.939002E-01,5.110501E+03,1.997698E+03,2.333442E-01,1.514561E-01,3.405628E+03,1.359747E+03,1.555399E-01,1.030621E-01,6.331849E+03,3.849514E+03,2.891846E-01,2.913055E-01,4.205684E+03,4.695443E+03,1.921565E-01,3.580409E-01,6.415172E+03,3.141338E+03,2.930795E-01,2.380220E-01,4.269911E+03,2.105412E+03,1.951195E-01,1.594291E-01 
07:15:00,2.394989E+03,2.950452E+04,1.162063E-01,2.266263E+00,5.884247E+03,1.867424E+04,2.821596E-01,1.447481E+00,1.578192E+04,1.790333E+04,7.484413E-01,1.389335E+00,9.472478E+03,4.249867E+03,4.444835E-01,3.318420E-01,6.211738E+03,5.623311E+03,2.914267E-01,4.410358E-01,9.570928E+03,3.485845E+03,4.490908E-01,2.735754E-01,6.288519E+03,2.313476E+03,2.950192E-01,1.813396E-01,5.361649E+03,3.213060E+03,2.528086E-01,2.514635E-01,3.602988E+03,4.908143E+03,1.698353E-01,3.860286E-01,5.508200E+03,2.493644E+03,2.596907E-01,1.963370E-01,3.667827E+03,1.664826E+03,1.728736E-01,1.309255E-01,6.788222E+03,4.468967E+03,3.193372E-01,3.483565E-01,4.523390E+03,5.785790E+03,2.127223E-01,4.532509E-01,6.905525E+03,3.684711E+03,3.248275E-01,2.885518E-01,4.596814E+03,2.445064E+03,2.161578E-01,1.912463E-01 
07:30:00,2.545570E+03,3.203674E+04,1.239784E-01,2.524871E+00,6.963854E+03,2.115975E+04,3.378827E-01,1.679986E+00,1.834136E+04,2.044178E+04,8.810103E-01,1.624943E+00,9.969894E+03,4.984045E+03,4.766728E-01,3.981797E-01,6.525165E+03,6.795495E+03,3.119598E-01,5.459110E-01,1.006813E+04,4.196111E+03,4.813698E-01,3.372210E-01,6.602425E+03,2.766615E+03,3.156523E-01,2.221105E-01,5.951519E+03,3.826755E+03,2.853086E-01,3.061708E-01,3.979183E+03,6.025254E+03,1.907551E-01,4.851642E-01,6.099501E+03,3.089080E+03,2.923990E-01,2.488168E-01,4.044843E+03,2.043861E+03,1.938981E-01,1.644844E-01,7.355487E+03,5.187588E+03,3.522122E-01,4.137783E-01,4.883119E+03,6.950243E+03,2.337944E-01,5.577664E-01,7.474233E+03,4.386177E+03,3.578835E-01,3.518308E-01,4.957459E+03,2.890899E+03,2.373462E-01,2.316498E-01 
07:45:00,3.783560E+03,3.444827E+04,1.878763E-01,2.781951E+00,8.862498E+03,2.366883E+04,4.358796E-01,1.921149E+00,2.030839E+04,2.302624E+04,9.924423E-01,1.871027E+00,1.033811E+04,5.694703E+03,5.039425E-01,4.640501E-01,6.757946E+03,7.921530E+03,3.294128E-01,6.488709E-01,1.043788E+04,4.946163E+03,5.088023E-01,4.052515E-01,6.836327E+03,3.240210E+03,3.332328E-01,2.652784E-01,6.380330E+03,4.439443E+03,3.116853E-01,3.620872E-01,4.254906E+03,7.096469E+03,2.078469E-01,5.823033E-01,6.531877E+03,3.738292E+03,3.190727E-01,3.066950E-01,4.321977E+03,2.455713E+03,2.111192E-01,2.013456E-01,7.772221E+03,5.876533E+03,3.793679E-01,4.782531E-01,5.147354E+03,8.062453E+03,2.512206E-01,6.598962E-01,7.891658E+03,5.116080E+03,3.851836E-01,4.185748E-01,5.222781E+03,3.351416E+03,2.548952E-01,2.739861E-01 
08:00:00,4.643073E+03,3.683927E+04,2.322393E-01,3.035005E+00,1.045579E+04,2.604861E+04,5.181163E-01,2.150530E+00,2.233654E+04,2.549762E+04,1.104097E+00,2.106791E+00,1.070731E+04,6.349072E+03,5.306015E-01,5.254051E-01,6.990316E+03,8.969988E+03,3.464248E-01,7.465288E-01,1.080773E+04,5.666877E+03,5.355845E-01,4.708292E-01,7.069646E+03,3.697234E+03,3.503644E-01,3.070104E-01,6.823644E+03,4.983046E+03,3.381432E-01,4.124855E-01,4.538558E+03,8.095352E+03,2.249254E-01,6.744558E-01,6.978474E+03,4.349824E+03,3.458139E-01,3.614930E-01,4.606759E+03,2.842120E+03,2.283144E-01,2.361075E-01,8.195658E+03,6.504606E+03,4.062407E-01,5.378162E-01,5.415548E+03,9.093859E+03,2.684458E-01,7.564446E-01,8.316174E+03,5.816950E+03,4.122163E-01,4.828191E-01,5.492112E+03,3.794425E+03,2.722450E-01,3.147754E-01 
08:15:00,5.102877E+03,3.875099E+04,2.575982E-01,3.253281E+00,1.038472E+04,2.801365E+04,5.245784E-01,2.349701E+00,2.179468E+04,2.757874E+04,1.096572E+00,2.314441E+00,1.052409E+04,6.887256E+03,5.288251E-01,5.785447E-01,6.870209E+03,9.872399E+03,3.452096E-01,8.340843E-01,1.062272E+04,6.300641E+03,5.337754E-01,5.304752E-01,6.949429E+03,4.088618E+03,3.491872E-01,3.441257E-01,6.760040E+03,5.442251E+03,3.401307E-01,4.568522E-01,4.492406E+03,8.961261E+03,2.260085E-01,7.573788E-01,6.906228E+03,4.886696E+03,3.474667E-01,4.111889E-01,4.560994E+03,3.174836E+03,2.294528E-01,2.670644E-01,8.119822E+03,7.014791E+03,4.083601E-01,5.889578E-01,5.363038E+03,9.977420E+03,2.696927E-01,8.427060E-01,8.238367E+03,6.425645E+03,4.143077E-01,5.406824E-01,5.439400E+03,4.169647E+03,2.735266E-01,3.507434E-01 
08:30:00,5.917332E+03,3.860480E+04,2.996356E-01,3.298311E+00,1.189180E+04,2.781577E+04,6.023652E-01,2.377889E+00,2.308889E+04,2.754940E+04,1.168469E+00,2.356085E+00,1.071426E+04,6.915848E+03,5.424841E-01,5.914443E-01,6.986277E+03,1.030147E+04,3.537311E-01,8.823609E-01,1.081216E+04,6.483538E+03,5.474417E-01,5.554363E-01,7.065629E+03,4.176282E+03,3.577503E-01,3.576552E-01,7.057304E+03,5.467046E+03,3.574594E-01,4.675905E-01,4.674482E+03,9.381237E+03,2.367681E-01,8.037534E-01,7.201019E+03,5.055134E+03,3.647380E-01,4.333444E-01,4.742753E+03,3.252526E+03,2.402273E-01,2.786975E-01,8.391615E+03,7.002231E+03,4.250296E-01,5.985832E-01,5.529037E+03,1.038096E+04,2.800418E-01,8.889800E-01,8.508153E+03,6.570184E+03,4.309302E-01,5.626068E-01,5.605041E+03,4.233089E+03,2.838922E-01,3.623592E-01 
08:45:00,6.535840E+03,3.975439E+04,3.321477E-01,3.425435E+00,1.230843E+04,2.897869E+04,6.273811E-01,2.496426E+00,2.314834E+04,2.888370E+04,1.180769E+00,2.488853E+00,1.071540E+04,7.218320E+03,5.469814E-01,6.222549E-01,6.984559E+03,1.082116E+04,3.565414E-01,9.342865E-01,1.081303E+04,6.943761E+03,5.519677E-01,5.991565E-01,7.064194E+03,4.425760E+03,3.606094E-01,3.817907E-01,7.121821E+03,5.746515E+03,3.635531E-01,4.951382E-01,4.713148E+03,9.877266E+03,2.406022E-01,8.528547E-01,7.265409E+03,5.500678E+03,3.708865E-01,4.745184E-01,4.781844E+03,3.491544E+03,2.441120E-01,3.011019E-01,8.451849E+03,7.265555E+03,4.314781E-01,6.261616E-01,5.565031E+03,1.087485E+04,2.841070E-01,9.387933E-01,8.567928E+03,6.991516E+03,4.374055E-01,6.031237E-01,5.641507E+03,4.457365E+03,2.880137E-01,3.844188E-01 
09:00:00,7.139317E+03,4.002960E+04,3.639006E-01,3.482156E+00,1.297243E+04,2.925238E+04,6.644317E-01,2.543375E+00,2.360596E+04,2.932247E+04,1.212003E+00,2.549712E+00,1.079970E+04,7.361725E+03,5.554097E-01,6.403585E-01,7.036366E+03,1.115575E+04,3.618809E-01,9.713019E-01,1.089705E+04,7.246431E+03,5.604236E-01,6.305278E-01,7.116333E+03,4.560576E+03,3.659999E-01,3.967684E-01,7.266528E+03,5.842917E+03,3.734618E-01,5.080172E-01,4.802769E+03,1.018316E+04,2.468589E-01,8.866126E-01,7.409297E+03,5.759439E+03,3.808159E-01,5.009654E-01,4.871733E+03,3.596993E+03,2.504116E-01,3.128089E-01,8.591293E+03,7.368836E+03,4.416896E-01,6.409133E-01,5.651335E+03,1.118214E+04,2.905608E-01,9.735470E-01,8.706536E+03,7.257456E+03,4.476252E-01,6.314259E-01,5.728074E+03,4.568232E+03,2.945137E-01,3.973953E-01 
09:15:00,6.231419E+03,3.913187E+04,3.216296E-01,3.423613E+00,1.197911E+04,2.836529E+04,6.182921E-01,2.481686E+00,2.214588E+04,2.862300E+04,1.143042E+00,2.504239E+00,1.037417E+04,7.236354E+03,5.354299E-01,6.331322E-01,6.760318E+03,1.117308E+04,3.489121E-01,9.774586E-01,1.046990E+04,7.309354E+03,5.403711E-01,6.395303E-01,6.839996E+03,4.518282E+03,3.530245E-01,3.953234E-01,6.954392E+03,5.697619E+03,3.589284E-01,4.985067E-01,4.597781E+03,1.017909E+04,2.373002E-01,8.905100E-01,7.094648E+03,5.811104E+03,3.661679E-01,5.084461E-01,4.666279E+03,3.545683E+03,2.408358E-01,3.102288E-01,8.251247E+03,7.199472E+03,4.258608E-01,6.298976E-01,5.428784E+03,1.116958E+04,2.801887E-01,9.771423E-01,8.364213E+03,7.278446E+03,4.316914E-01,6.368174E-01,5.505104E+03,4.498624E+03,2.841279E-01,3.935983E-01 
09:30:00,6.827372E+03,3.916432E+04,3.523892E-01,3.426552E+00,1.230835E+04,2.840712E+04,6.352853E-01,2.485387E+00,2.203899E+04,2.885562E+04,1.137524E+00,2.524632E+00,1.024950E+04,7.320043E+03,5.289943E-01,6.404639E-01,6.675083E+03,1.123845E+04,3.445120E-01,9.832500E-01,1.034410E+04,7.596462E+03,5.338769E-01,6.646577E-01,6.754572E+03,4.594228E+03,3.486146E-01,4.019728E-01,6.916540E+03,5.751980E+03,3.569750E-01,5.032671E-01,4.566982E+03,1.021850E+04,2.357107E-01,8.940124E-01,7.054900E+03,6.074396E+03,3.641166E-01,5.314855E-01,4.635171E+03,3.604884E+03,2.392303E-01,3.154102E-01,8.194305E+03,7.238872E+03,4.229214E-01,6.333553E-01,5.386020E+03,1.120421E+04,2.779812E-01,9.802475E-01,8.305573E+03,7.523215E+03,4.286644E-01,6.582412E-01,5.462064E+03,4.546957E+03,2.819061E-01,3.978323E-01 
09:45:00,6.324526E+03,3.880540E+04,3.264352E-01,3.395169E+00,1.180111E+04,2.803795E+04,6.091045E-01,2.453095E+00,2.127929E+04,2.868450E+04,1.098313E+00,2.509668E+00,1.001904E+04,7.348972E+03,5.170997E-01,6.429941E-01,6.524683E+03,1.119812E+04,3.367497E-01,9.797401E-01,1.011282E+04,7.848585E+03,5.219400E-01,6.867150E-01,6.604076E+03,4.625981E+03,3.408473E-01,4.047495E-01,6.753024E+03,5.743228E+03,3.485374E-01,5.024992E-01,4.458541E+03,1.014754E+04,2.301148E-01,8.878170E-01,6.889967E+03,6.293089E+03,3.556057E-01,5.506169E-01,4.526569E+03,3.613848E+03,2.336261E-01,3.161925E-01,8.018246E+03,7.222362E+03,4.138358E-01,6.319107E-01,5.269750E+03,1.113193E+04,2.719809E-01,9.739429E-01,8.128211E+03,7.731813E+03,4.195114E-01,6.764913E-01,5.345648E+03,4.550385E+03,2.758982E-01,3.981314E-01 
10:00:00,6.189859E+03,3.860199E+04,3.194845E-01,3.377375E+00,1.158314E+04,2.783179E+04,5.978545E-01,2.435059E+00,2.079609E+04,2.868508E+04,1.073373E+00,2.509719E+00,9.861100E+03,7.426860E+03,5.089490E-01,6.498058E-01,6.421152E+03,1.111636E+04,3.314066E-01,9.725897E-01,9.954055E+03,8.182704E+03,5.137466E-01,7.159443E-01,6.500470E+03,4.684804E+03,3.355004E-01,4.098936E-01,6.653854E+03,5.781646E+03,3.434210E-01,5.058571E-01,4.391840E+03,1.003338E+04,2.266734E-01,8.778293E-01,6.789413E+03,6.590615E+03,3.504179E-01,5.766441E-01,4.459736E+03,3.648078E+03,2.301778E-01,3.191846E-01,7.908583E+03,7.253052E+03,4.081773E-01,6.345937E-01,5.196491E+03,1.101680E+04,2.682007E-01,9.638739E-01,8.017277E+03,8.020534E+03,4.137873E-01,7.017496E-01,5.272270E+03,4.579738E+03,2.721119E-01,4.006976E-01 
10:15:00,6.062323E+03,3.844679E+04,3.129018E-01,3.363798E+00,1.139701E+04,2.767180E+04,5.882474E-01,2.421063E+00,2.038272E+04,2.873870E+04,1.052038E+00,2.514413E+00,9.729020E+03,7.518313E+03,5.021323E-01,6.578060E-01,6.334719E+03,1.098016E+04,3.269458E-01,9.606735E-01,9.821209E+03,8.562372E+03,5.068904E-01,7.491611E-01,6.413976E+03,4.752075E+03,3.310364E-01,4.157780E-01,6.572862E+03,5.831171E+03,3.392421E-01,5.101885E-01,4.337421E+03,9.863226E+03,2.238653E-01,8.629414E-01,6.707155E+03,6.929694E+03,3.461735E-01,6.063092E-01,4.405206E+03,3.688808E+03,2.273640E-01,3.227467E-01,7.818697E+03,7.295869E+03,4.035389E-01,6.383391E-01,5.136511E+03,1.084622E+04,2.651055E-01,9.489497E-01,7.926230E+03,8.353061E+03,4.090889E-01,7.308424E-01,5.212192E+03,4.616585E+03,2.690116E-01,4.039205E-01 
10:30:00,5.954468E+03,3.831862E+04,3.073350E-01,3.352586E+00,1.123608E+04,2.753844E+04,5.799410E-01,2.409398E+00,2.001946E+04,2.882433E+04,1.033288E+00,2.521907E+00,9.615350E+03,7.616027E+03,4.962656E-01,6.663550E-01,6.260461E+03,1.078531E+04,3.231132E-01,9.436246E-01,9.706816E+03,8.972678E+03,5.009864E-01,7.850598E-01,6.339664E+03,4.823776E+03,3.272010E-01,4.220509E-01,6.503907E+03,5.885235E+03,3.356838E-01,5.149181E-01,4.291176E+03,9.633686E+03,2.214789E-01,8.428580E-01,6.637026E+03,7.296322E+03,3.425546E-01,6.383858E-01,4.358858E+03,3.732606E+03,2.249722E-01,3.265781E-01,7.741850E+03,7.343759E+03,3.995730E-01,6.425290E-01,5.085326E+03,1.061632E+04,2.624639E-01,9.288344E-01,7.848306E+03,8.714621E+03,4.050674E-01,7.624762E-01,5.160915E+03,4.657075E+03,2.663652E-01,4.074628E-01 
10:45:00,5.860652E+03,3.820902E+04,3.024928E-01,3.342999E+00,1.109305E+04,2.742348E+04,5.725585E-01,2.399341E+00,1.969549E+04,2.893195E+04,1.016567E+00,2.531324E+00,9.515465E+03,7.716427E+03,4.911103E-01,6.751393E-01,6.195302E+03,1.053197E+04,3.197502E-01,9.214585E-01,9.606233E+03,9.401559E+03,4.957950E-01,8.225839E-01,6.274452E+03,4.897640E+03,3.238352E-01,4.285135E-01,6.443926E+03,5.940757E+03,3.325884E-01,5.197758E-01,4.251027E+03,9.345746E+03,2.194069E-01,8.176652E-01,6.575954E+03,7.679234E+03,3.394028E-01,6.718874E-01,4.318615E+03,3.777617E+03,2.228953E-01,3.305160E-01,7.674622E+03,7.393493E+03,3.961033E-01,6.468805E-01,5.040633E+03,1.032762E+04,2.601573E-01,9.035757E-01,7.780077E+03,9.093467E+03,4.015461E-01,7.956228E-01,5.116136E+03,4.699180E+03,2.640541E-01,4.111467E-01 
11:00:00,5.776949E+03,3.811219E+04,2.981725E-01,3.334528E+00,1.096284E+04,2.732126E+04,5.658378E-01,2.390399E+00,1.940265E+04,2.905369E+04,1.001452E+00,2.541976E+00,9.426427E+03,7.816912E+03,4.865148E-01,6.839310E-01,6.137289E+03,1.022299E+04,3.167559E-01,8.944249E-01,9.516518E+03,9.837795E+03,4.911646E-01,8.607512E-01,6.216386E+03,4.971942E+03,3.208382E-01,4.350143E-01,6.390637E+03,5.995648E+03,3.298381E-01,5.245782E-01,4.215422E+03,9.002654E+03,2.175693E-01,7.876472E-01,6.521642E+03,8.068016E+03,3.365998E-01,7.059025E-01,4.282924E+03,3.822524E+03,2.210532E-01,3.344449E-01,7.614486E+03,7.442925E+03,3.929996E-01,6.512054E-01,5.000729E+03,9.983505E+03,2.580977E-01,8.734678E-01,7.719006E+03,9.478836E+03,3.983941E-01,8.293396E-01,5.076155E+03,4.741468E+03,2.619906E-01,4.148466E-01 
11:15:00,5.700721E+03,3.802402E+04,2.942380E-01,3.326815E+00,1.084208E+04,2.722779E+04,5.596051E-01,2.382222E+00,1.913499E+04,2.918360E+04,9.876367E-01,2.553344E+00,9.345986E+03,7.915042E+03,4.823630E-01,6.925165E-01,6.084924E+03,9.863109E+03,3.140532E-01,8.629378E-01,9.435418E+03,1.027019E+04,4.869788E-01,8.985824E-01,6.163973E+03,5.044959E+03,3.181331E-01,4.414026E-01,6.342432E+03,6.047973E+03,3.273503E-01,5.291562E-01,4.183269E+03,8.609718E+03,2.159098E-01,7.532684E-01,6.472474E+03,8.452394E+03,3.340621E-01,7.395319E-01,4.250692E+03,3.866006E+03,2.193897E-01,3.382492E-01,7.559680E+03,7.490087E+03,3.901709E-01,6.553317E-01,4.964426E+03,9.589069E+03,2.562240E-01,8.389576E-01,7.663323E+03,9.860197E+03,3.955202E-01,8.627053E-01,5.039781E+03,4.782518E+03,2.601133E-01,4.184381E-01 
11:30:00,5.630131E+03,3.794161E+04,2.905946E-01,3.319605E+00,1.072845E+04,2.714024E+04,5.537401E-01,2.374563E+00,1.888775E+04,2.931690E+04,9.748759E-01,2.565007E+00,9.272405E+03,8.009339E+03,4.785653E-01,7.007666E-01,6.037058E+03,9.461223E+03,3.115827E-01,8.277756E-01,9.361191E+03,1.068952E+04,4.831477E-01,9.352693E-01,6.116063E+03,5.115613E+03,3.156603E-01,4.475842E-01,6.298169E+03,6.096671E+03,3.250658E-01,5.334167E-01,4.153790E+03,8.176218E+03,2.143884E-01,7.153408E-01,6.427300E+03,8.823465E+03,3.317306E-01,7.719966E-01,4.221141E+03,3.907300E+03,2.178645E-01,3.418620E-01,7.508962E+03,7.533936E+03,3.875533E-01,6.591681E-01,4.930885E+03,9.153608E+03,2.544929E-01,8.008581E-01,7.611777E+03,1.022850E+04,3.928598E-01,8.949285E-01,5.006175E+03,4.821525E+03,2.583788E-01,4.218508E-01 
11:45:00,5.563985E+03,3.786286E+04,2.871805E-01,3.312716E+00,1.062044E+04,2.705657E+04,5.481656E-01,2.367243E+00,1.865778E+04,2.944974E+04,9.630058E-01,2.576629E+00,9.204469E+03,8.094128E+03,4.750589E-01,7.081848E-01,5.992885E+03,9.034604E+03,3.093028E-01,7.904496E-01,9.292622E+03,1.108715E+04,4.796087E-01,9.700578E-01,6.071850E+03,5.180167E+03,3.133784E-01,4.532320E-01,6.257061E+03,6.136505E+03,3.229441E-01,5.369017E-01,4.126450E+03,7.719642E+03,2.129773E-01,6.753943E-01,6.385325E+03,9.173284E+03,3.295642E-01,8.026017E-01,4.193733E+03,3.942973E+03,2.164499E-01,3.449829E-01,7.461483E+03,7.569214E+03,3.851027E-01,6.622545E-01,4.899531E+03,8.694744E+03,2.528746E-01,7.607113E-01,7.563515E+03,1.057572E+04,3.903689E-01,9.253061E-01,4.974761E+03,4.854999E+03,2.567574E-01,4.247795E-01 
12:00:00,5.501422E+03,3.778635E+04,2.839514E-01,3.306022E+00,1.051700E+04,2.697538E+04,5.428265E-01,2.360139E+00,1.844258E+04,2.957905E+04,9.518989E-01,2.587942E+00,9.141263E+03,8.172576E+03,4.717967E-01,7.150481E-01,5.951802E+03,8.596154E+03,3.071824E-01,7.520888E-01,9.228798E+03,1.145648E+04,4.763146E-01,1.002370E+00,6.030730E+03,5.240346E+03,3.112561E-01,4.584970E-01,6.218539E+03,6.171005E+03,3.209559E-01,5.399200E-01,4.100859E+03,7.252701E+03,2.116564E-01,6.345412E-01,6.345979E+03,9.495790E+03,3.275334E-01,8.308168E-01,4.168079E+03,3.975037E+03,2.151258E-01,3.477881E-01,7.416636E+03,7.599489E+03,3.827880E-01,6.649031E-01,4.869952E+03,8.225588E+03,2.513480E-01,7.196641E-01,7.517927E+03,1.089572E+04,3.880159E-01,9.533029E-01,4.945126E+03,4.884934E+03,2.552279E-01,4.273983E-01 
12:15:00,5.441988E+03,3.771126E+04,2.808838E-01,3.299453E+00,1.041763E+04,2.689585E+04,5.376972E-01,2.353182E+00,1.824069E+04,2.970250E+04,9.414784E-01,2.598743E+00,9.082186E+03,8.245249E+03,4.687475E-01,7.214060E-01,5.913411E+03,8.166198E+03,3.052009E-01,7.144713E-01,9.169119E+03,1.179147E+04,4.732343E-01,1.031677E+00,5.992304E+03,5.296349E+03,3.092728E-01,4.633966E-01,6.182243E+03,6.201042E+03,3.190826E-01,5.425477E-01,4.076770E+03,6.795421E+03,2.104131E-01,5.945335E-01,6.308897E+03,9.785398E+03,3.256195E-01,8.561535E-01,4.143930E+03,4.003904E+03,2.138794E-01,3.503136E-01,7.374051E+03,7.625667E+03,3.805901E-01,6.671933E-01,4.841896E+03,7.766595E+03,2.499000E-01,6.795063E-01,7.474639E+03,1.118292E+04,3.857817E-01,9.784285E-01,4.917016E+03,4.911744E+03,2.537771E-01,4.297439E-01 
12:30:00,5.385148E+03,3.763735E+04,2.779500E-01,3.292986E+00,1.032163E+04,2.681773E+04,5.327426E-01,2.346347E+00,1.805030E+04,2.981845E+04,9.316516E-01,2.608887E+00,9.026657E+03,8.312300E+03,4.658815E-01,7.272722E-01,5.877329E+03,7.771380E+03,3.033387E-01,6.799283E-01,9.113002E+03,1.208673E+04,4.703380E-01,1.057508E+00,5.956191E+03,5.354238E+03,3.074089E-01,4.684612E-01,6.147845E+03,6.227096E+03,3.173071E-01,5.448270E-01,4.053958E+03,6.374485E+03,2.092357E-01,5.577057E-01,6.273747E+03,1.003709E+04,3.238053E-01,8.781724E-01,4.121062E+03,4.036157E+03,2.126991E-01,3.531352E-01,7.333381E+03,7.648218E+03,3.784910E-01,6.691662E-01,4.815127E+03,7.344461E+03,2.485183E-01,6.425735E-01,7.433301E+03,1.143234E+04,3.836481E-01,1.000249E+00,4.890197E+03,4.941686E+03,2.523928E-01,4.323634E-01 
12:45:00,5.330394E+03,3.756485E+04,2.751239E-01,3.286644E+00,1.022836E+04,2.674121E+04,5.279282E-01,2.339652E+00,1.786950E+04,2.992594E+04,9.223196E-01,2.618292E+00,8.974119E+03,8.373989E+03,4.631699E-01,7.326692E-01,5.843196E+03,7.425404E+03,3.015770E-01,6.496590E-01,9.059891E+03,1.233800E+04,4.675968E-01,1.079491E+00,5.922027E+03,5.431005E+03,3.056456E-01,4.751776E-01,6.115058E+03,6.249720E+03,3.156149E-01,5.468063E-01,4.032233E+03,6.003765E+03,2.081144E-01,5.252718E-01,6.240243E+03,1.024695E+04,3.220761E-01,8.965321E-01,4.099283E+03,4.089056E+03,2.115751E-01,3.577634E-01,7.294321E+03,7.667669E+03,3.764751E-01,6.708678E-01,4.789442E+03,6.972884E+03,2.471927E-01,6.100645E-01,7.393606E+03,1.164013E+04,3.815994E-01,1.018428E+00,4.864464E+03,4.991917E+03,2.510647E-01,4.367582E-01 
13:00:00,5.277507E+03,3.749437E+04,2.723942E-01,3.280477E+00,1.013755E+04,2.666682E+04,5.232414E-01,2.333143E+00,1.769737E+04,3.002454E+04,9.134352E-01,2.626918E+00,8.924242E+03,8.430608E+03,4.605957E-01,7.376227E-01,5.810794E+03,7.134357E+03,2.999046E-01,6.241957E-01,9.009459E+03,1.254181E+04,4.649939E-01,1.097321E+00,5.889598E+03,5.540975E+03,3.039719E-01,4.847993E-01,6.083715E+03,6.269474E+03,3.139972E-01,5.485344E-01,4.011477E+03,5.689358E+03,2.070432E-01,4.977649E-01,6.208214E+03,1.041173E+04,3.204229E-01,9.109473E-01,4.078477E+03,4.176777E+03,2.105012E-01,3.654386E-01,7.256703E+03,7.684537E+03,3.745335E-01,6.723435E-01,4.764724E+03,6.657961E+03,2.459169E-01,5.825124E-01,7.355383E+03,1.180308E+04,3.796266E-01,1.032683E+00,4.839701E+03,5.076822E+03,2.497866E-01,4.441870E-01 
13:15:00,5.226330E+03,3.742657E+04,2.697528E-01,3.274546E+00,1.004904E+04,2.659517E+04,5.186730E-01,2.326875E+00,1.753316E+04,3.011414E+04,9.049595E-01,2.634756E+00,8.876772E+03,8.482695E+03,4.581456E-01,7.421797E-01,5.779957E+03,6.901372E+03,2.983131E-01,6.038126E-01,8.961449E+03,1.269635E+04,4.625160E-01,1.110840E+00,5.858735E+03,5.695880E+03,3.023790E-01,4.983529E-01,6.053691E+03,6.287084E+03,3.124476E-01,5.500750E-01,3.991606E+03,5.434409E+03,2.060176E-01,4.754602E-01,6.177532E+03,1.052972E+04,3.188394E-01,9.212685E-01,4.058557E+03,4.310642E+03,2.094731E-01,3.771513E-01,7.220401E+03,7.699518E+03,3.726598E-01,6.736541E-01,4.740889E+03,6.402817E+03,2.446867E-01,5.601906E-01,7.318505E+03,1.191945E+04,3.777232E-01,1.042863E+00,4.815823E+03,5.208144E+03,2.485542E-01,4.556772E-01 
13:30:00,5.176725E+03,3.736213E+04,2.671924E-01,3.268908E+00,9.962665E+03,2.652686E+04,5.142148E-01,2.320898E+00,1.737615E+04,3.019506E+04,8.968556E-01,2.641836E+00,8.831482E+03,8.530651E+03,4.558081E-01,7.463752E-01,5.750539E+03,6.725818E+03,2.967947E-01,5.884543E-01,8.915636E+03,1.279982E+04,4.601515E-01,1.119892E+00,5.829292E+03,5.904680E+03,3.008593E-01,5.166222E-01,6.024879E+03,6.303095E+03,3.109605E-01,5.514757E-01,3.972548E+03,5.238300E+03,2.050339E-01,4.583037E-01,6.148093E+03,1.059959E+04,3.173199E-01,9.273803E-01,4.039454E+03,4.499395E+03,2.084871E-01,3.936667E-01,7.185313E+03,7.713101E+03,3.708488E-01,6.748425E-01,4.717866E+03,6.206743E+03,2.434984E-01,5.430370E-01,7.282869E+03,1.198791E+04,3.758840E-01,1.048852E+00,4.792759E+03,5.394821E+03,2.473638E-01,4.720111E-01 
13:45:00,5.128581E+03,3.730159E+04,2.647075E-01,3.263611E+00,9.878294E+03,2.646241E+04,5.098600E-01,2.315260E+00,1.722572E+04,3.026728E+04,8.890917E-01,2.648155E+00,8.788183E+03,8.574529E+03,4.535733E-01,7.502141E-01,5.722415E+03,6.603252E+03,2.953432E-01,5.777319E-01,8.871832E+03,1.285135E+04,4.578906E-01,1.124398E+00,5.801146E+03,6.173705E+03,2.994066E-01,5.401610E-01,5.997196E+03,6.317724E+03,3.095317E-01,5.527555E-01,3.954245E+03,5.096743E+03,2.040892E-01,4.459198E-01,6.119809E+03,1.062052E+04,3.158601E-01,9.292099E-01,4.021107E+03,4.749226E+03,2.075402E-01,4.155263E-01,7.151355E+03,7.725459E+03,3.690962E-01,6.759236E-01,4.695599E+03,6.065261E+03,2.423492E-01,5.306597E-01,7.248391E+03,1.200764E+04,3.741044E-01,1.050576E+00,4.770454E+03,5.643178E+03,2.462126E-01,4.937417E-01 
14:00:00,5.081811E+03,3.724535E+04,2.622935E-01,3.258690E+00,9.795826E+03,2.640219E+04,5.056036E-01,2.309992E+00,1.708137E+04,3.033075E+04,8.816407E-01,2.653707E+00,8.746716E+03,8.614167E+03,4.514331E-01,7.536818E-01,5.695483E+03,6.524895E+03,2.939531E-01,5.708775E-01,8.829877E+03,1.285059E+04,4.557252E-01,1.124330E+00,5.774192E+03,6.506313E+03,2.980155E-01,5.692630E-01,5.970571E+03,6.330950E+03,3.081575E-01,5.539126E-01,3.936648E+03,5.001349E+03,2.031810E-01,4.375748E-01,6.092608E+03,1.059229E+04,3.144562E-01,9.267388E-01,4.003470E+03,5.063653E+03,2.066298E-01,4.430377E-01,7.118461E+03,7.736533E+03,3.673984E-01,6.768924E-01,4.674043E+03,5.969624E+03,2.412366E-01,5.222934E-01,7.215001E+03,1.197838E+04,3.723811E-01,1.048015E+00,4.748861E+03,5.956572E+03,2.450981E-01,5.211626E-01 
14:15:00,5.036158E+03,3.719351E+04,2.599372E-01,3.254155E+00,9.714888E+03,2.634634E+04,5.014260E-01,2.305105E+00,1.694209E+04,3.038526E+04,8.744521E-01,2.658476E+00,8.706835E+03,8.648431E+03,4.493747E-01,7.566795E-01,5.669585E+03,6.476362E+03,2.926165E-01,5.666322E-01,8.789526E+03,1.279731E+04,4.536426E-01,1.119668E+00,5.748275E+03,6.902884E+03,2.966778E-01,6.039612E-01,5.944883E+03,6.341807E+03,3.068317E-01,5.548625E-01,3.919681E+03,4.938094E+03,2.023053E-01,4.320416E-01,6.066370E+03,1.051480E+04,3.131020E-01,9.199581E-01,3.986463E+03,5.443183E+03,2.057521E-01,4.762449E-01,7.086500E+03,7.745298E+03,3.657489E-01,6.776593E-01,4.653112E+03,5.905549E+03,2.401563E-01,5.166884E-01,7.182567E+03,1.190003E+04,3.707071E-01,1.041159E+00,4.727895E+03,6.335426E+03,2.440160E-01,5.543108E-01 
14:30:00,4.991635E+03,3.714586E+04,2.576391E-01,3.249987E+00,9.635528E+03,2.629466E+04,4.973299E-01,2.300584E+00,1.680770E+04,3.043037E+04,8.675156E-01,2.662423E+00,8.668453E+03,8.676777E+03,4.473938E-01,7.591594E-01,5.644665E+03,6.437804E+03,2.913303E-01,5.632596E-01,8.750691E+03,1.269281E+04,4.516383E-01,1.110524E+00,5.723336E+03,7.355962E+03,2.953907E-01,6.436032E-01,5.920103E+03,6.349847E+03,3.055527E-01,5.555658E-01,3.903319E+03,4.887170E+03,2.014608E-01,4.275870E-01,6.041063E+03,1.038945E+04,3.117958E-01,9.089901E-01,3.970065E+03,5.880167E+03,2.049057E-01,5.144787E-01,7.055449E+03,7.751287E+03,3.641462E-01,6.781832E-01,4.632788E+03,5.853303E+03,2.391073E-01,5.121182E-01,7.151066E+03,1.177396E+04,3.690813E-01,1.030128E+00,4.707538E+03,6.772349E+03,2.429653E-01,5.925393E-01 
14:45:00,4.948253E+03,3.710180E+04,2.554000E-01,3.246132E+00,9.557786E+03,2.624663E+04,4.933173E-01,2.296382E+00,1.667802E+04,3.046522E+04,8.608224E-01,2.665471E+00,8.631503E+03,8.698476E+03,4.454867E-01,7.610577E-01,5.620678E+03,6.400985E+03,2.900923E-01,5.600387E-01,8.713307E+03,1.253919E+04,4.497088E-01,1.097082E+00,5.699332E+03,7.845393E+03,2.941518E-01,6.864255E-01,5.896205E+03,6.354433E+03,3.043192E-01,5.559670E-01,3.887547E+03,4.840210E+03,2.006467E-01,4.234791E-01,6.016661E+03,1.021836E+04,3.105363E-01,8.940205E-01,3.954257E+03,6.354503E+03,2.040898E-01,5.559801E-01,7.025290E+03,7.753849E+03,3.625897E-01,6.784073E-01,4.613060E+03,5.804773E+03,2.380891E-01,5.078728E-01,7.120481E+03,1.160228E+04,3.675027E-01,1.015107E+00,4.687779E+03,7.247273E+03,2.419455E-01,6.340925E-01 
15:00:00,4.905984E+03,3.706047E+04,2.532183E-01,3.242516E+00,9.481631E+03,2.620145E+04,4.893866E-01,2.292429E+00,1.655280E+04,3.048878E+04,8.543590E-01,2.667532E+00,8.595907E+03,8.712704E+03,4.436495E-01,7.623023E-01,5.597574E+03,6.363473E+03,2.888998E-01,5.567570E-01,8.677294E+03,1.233970E+04,4.478500E-01,1.079627E+00,5.676211E+03,8.352260E+03,2.929585E-01,7.307728E-01,5.873154E+03,6.354819E+03,3.031295E-01,5.560006E-01,3.872340E+03,4.794785E+03,1.998618E-01,4.195051E-01,5.993129E+03,1.000487E+04,3.093218E-01,8.753413E-01,3.939016E+03,6.847707E+03,2.033032E-01,5.991318E-01,6.995995E+03,7.752224E+03,3.610777E-01,6.782650E-01,4.593908E+03,5.757599E+03,2.371006E-01,5.037457E-01,7.090780E+03,1.138835E+04,3.659697E-01,9.963886E-01,4.668596E+03,7.741457E+03,2.409555E-01,6.773300E-01 
15:15:00,4.864794E+03,3.702084E+04,2.510924E-01,3.239049E+00,9.407027E+03,2.615815E+04,4.855360E-01,2.288641E+00,1.643178E+04,3.049956E+04,8.481128E-01,2.668475E+00,8.561589E+03,8.712828E+03,4.418782E-01,7.623130E-01,5.575304E+03,6.319769E+03,2.877504E-01,5.529333E-01,8.642577E+03,1.209649E+04,4.460582E-01,1.058348E+00,5.653926E+03,8.864101E+03,2.918083E-01,7.755546E-01,5.850917E+03,6.344642E+03,3.019817E-01,5.551101E-01,3.857675E+03,4.745526E+03,1.991050E-01,4.151956E-01,5.970432E+03,9.751116E+03,3.081503E-01,8.531390E-01,3.924320E+03,7.348072E+03,2.025447E-01,6.429093E-01,6.967533E+03,7.739994E+03,3.596086E-01,6.771949E-01,4.575310E+03,5.706411E+03,2.361408E-01,4.992674E-01,7.061932E+03,1.113436E+04,3.644808E-01,9.741656E-01,4.649971E+03,8.242649E+03,2.399941E-01,7.211801E-01 
15:30:00,4.824653E+03,3.698186E+04,2.490205E-01,3.235639E+00,9.333934E+03,2.611575E+04,4.817634E-01,2.284932E+00,1.631474E+04,3.049615E+04,8.420721E-01,2.668176E+00,8.528483E+03,8.701178E+03,4.401696E-01,7.612933E-01,5.553825E+03,6.270790E+03,2.866418E-01,5.486480E-01,8.609089E+03,1.181470E+04,4.443298E-01,1.033693E+00,5.632433E+03,9.362653E+03,2.906990E-01,8.191731E-01,5.829460E+03,6.326305E+03,3.008743E-01,5.535056E-01,3.843531E+03,4.693375E+03,1.983749E-01,4.106329E-01,5.948536E+03,9.462196E+03,3.070202E-01,8.278604E-01,3.910146E+03,7.837851E+03,2.018131E-01,6.857599E-01,6.939875E+03,7.719550E+03,3.581811E-01,6.754060E-01,4.557248E+03,5.652178E+03,2.352085E-01,4.945225E-01,7.033908E+03,1.084548E+04,3.630344E-01,9.488906E-01,4.631881E+03,8.732798E+03,2.390605E-01,7.640634E-01 
15:45:00,4.785526E+03,3.694264E+04,2.470010E-01,3.232208E+00,9.262315E+03,2.607340E+04,4.780668E-01,2.281226E+00,1.620149E+04,3.047723E+04,8.362265E-01,2.666520E+00,8.496527E+03,8.678037E+03,4.385202E-01,7.592684E-01,5.533096E+03,6.216304E+03,2.855720E-01,5.438810E-01,8.576768E+03,1.150075E+04,4.426616E-01,1.006224E+00,5.611691E+03,9.833815E+03,2.896284E-01,8.603946E-01,5.808753E+03,6.300172E+03,2.998055E-01,5.512189E-01,3.829887E+03,4.638133E+03,1.976707E-01,4.057997E-01,5.927409E+03,9.144397E+03,3.059297E-01,8.000552E-01,3.896473E+03,8.303429E+03,2.011074E-01,7.264924E-01,6.912992E+03,7.691259E+03,3.567937E-01,6.729305E-01,4.539701E+03,5.594722E+03,2.343029E-01,4.894956E-01,7.006678E+03,1.052814E+04,3.616290E-01,9.211252E-01,4.614309E+03,9.198028E+03,2.381536E-01,8.047659E-01 
16:00:00,4.747384E+03,3.690244E+04,2.450324E-01,3.228691E+00,9.192132E+03,2.603035E+04,4.744444E-01,2.277460E+00,1.609182E+04,3.044159E+04,8.305663E-01,2.663402E+00,8.465663E+03,8.642569E+03,4.369273E-01,7.561649E-01,5.513081E+03,6.155486E+03,2.845390E-01,5.385598E-01,8.545555E+03,1.116227E+04,4.410507E-01,9.766094E-01,5.591664E+03,1.026672E+04,2.885948E-01,8.982688E-01,5.788766E+03,6.265518E+03,2.987739E-01,5.481868E-01,3.816722E+03,4.578960E+03,1.969912E-01,4.006226E-01,5.907021E+03,8.805191E+03,3.048774E-01,7.703773E-01,3.883281E+03,8.734026E+03,2.004265E-01,7.641639E-01,6.886859E+03,7.654386E+03,3.554448E-01,6.697042E-01,4.522653E+03,5.533280E+03,2.334230E-01,4.841199E-01,6.980215E+03,1.018996E+04,3.602632E-01,8.915374E-01,4.597237E+03,9.627674E+03,2.372724E-01,8.423546E-01 
16:15:00,4.710197E+03,3.686069E+04,2.431129E-01,3.225038E+00,9.123347E+03,2.598601E+04,4.708941E-01,2.273580E+00,1.598558E+04,3.038823E+04,8.250824E-01,2.658733E+00,8.435840E+03,8.594941E+03,4.353881E-01,7.519975E-01,5.493746E+03,6.088302E+03,2.835411E-01,5.326817E-01,8.515399E+03,1.080870E+04,4.394943E-01,9.456743E-01,5.572317E+03,1.065293E+04,2.875963E-01,9.320566E-01,5.769470E+03,6.222574E+03,2.977780E-01,5.444293E-01,3.804018E+03,4.515963E+03,1.963355E-01,3.951108E-01,5.887342E+03,8.453770E+03,3.038618E-01,7.396308E-01,3.870550E+03,9.121124E+03,1.997695E-01,7.980295E-01,6.861448E+03,7.609162E+03,3.541333E-01,6.657473E-01,4.506085E+03,5.467859E+03,2.325679E-01,4.783961E-01,6.954491E+03,9.840341E+03,3.589355E-01,8.609482E-01,4.580646E+03,1.001341E+04,2.364161E-01,8.761015E-01 
16:30:00,4.673934E+03,3.681695E+04,2.412413E-01,3.221211E+00,9.055925E+03,2.593992E+04,4.674141E-01,2.269548E+00,1.588259E+04,3.031611E+04,8.197666E-01,2.652423E+00,8.407009E+03,8.534522E+03,4.339000E-01,7.467110E-01,5.475058E+03,6.014261E+03,2.825765E-01,5.262035E-01,8.486249E+03,1.044995E+04,4.379898E-01,9.142865E-01,5.553619E+03,1.098502E+04,2.866312E-01,9.611097E-01,5.750839E+03,6.170838E+03,2.968164E-01,5.399027E-01,3.791756E+03,4.448703E+03,1.957026E-01,3.892261E-01,5.868346E+03,8.099937E+03,3.028813E-01,7.086734E-01,3.858264E+03,9.457061E+03,1.991353E-01,8.274187E-01,6.836735E+03,7.555068E+03,3.528578E-01,6.610143E-01,4.489980E+03,5.398038E+03,2.317367E-01,4.722873E-01,6.929482E+03,9.489227E+03,3.576447E-01,8.302285E-01,4.564519E+03,1.034796E+04,2.355838E-01,9.053694E-01 
16:45:00,4.638568E+03,3.677098E+04,2.394159E-01,3.217189E+00,8.989829E+03,2.589179E+04,4.640026E-01,2.265337E+00,1.578270E+04,3.022478E+04,8.146113E-01,2.644432E+00,8.379124E+03,8.460860E+03,4.324608E-01,7.402659E-01,5.456989E+03,5.933048E+03,2.816439E-01,5.190979E-01,8.458060E+03,1.009694E+04,4.365349E-01,8.834012E-01,5.535540E+03,1.125694E+04,2.856981E-01,9.848990E-01,5.732846E+03,6.109925E+03,2.958877E-01,5.345731E-01,3.779919E+03,4.376882E+03,1.950917E-01,3.829424E-01,5.850004E+03,7.754547E+03,3.019346E-01,6.784548E-01,3.846403E+03,9.735524E+03,1.985232E-01,8.517796E-01,6.812696E+03,7.491696E+03,3.516171E-01,6.554696E-01,4.474324E+03,5.323531E+03,2.309286E-01,4.657685E-01,6.905162E+03,9.147537E+03,3.563895E-01,8.003336E-01,4.548842E+03,1.062535E+04,2.347746E-01,9.296367E-01 
17:00:00,4.604313E+03,3.672273E+04,2.376478E-01,3.212968E+00,8.925451E+03,2.584154E+04,4.606798E-01,2.260941E+00,1.568630E+04,3.011399E+04,8.096355E-01,2.634737E+00,8.352249E+03,8.382043E+03,4.310737E-01,7.333697E-01,5.439577E+03,5.844446E+03,2.807453E-01,5.113459E-01,8.430896E+03,9.761825E+03,4.351329E-01,8.540817E-01,5.518119E+03,1.146339E+04,2.847990E-01,1.002959E+00,5.715544E+03,6.048405E+03,2.949947E-01,5.291903E-01,3.768539E+03,4.300309E+03,1.945043E-01,3.762429E-01,5.832368E+03,7.430369E+03,3.010244E-01,6.500922E-01,3.835002E+03,9.950958E+03,1.979347E-01,8.706261E-01,6.789416E+03,7.427095E+03,3.504156E-01,6.498173E-01,4.459167E+03,5.244138E+03,2.301463E-01,4.588222E-01,6.881616E+03,8.827408E+03,3.551742E-01,7.723252E-01,4.533666E+03,1.084030E+04,2.339914E-01,9.484410E-01 
17:15:00,4.570818E+03,3.667312E+04,2.359190E-01,3.208628E+00,8.862173E+03,2.578997E+04,4.574138E-01,2.256429E+00,1.559256E+04,2.998471E+04,8.047971E-01,2.623426E+00,8.326209E+03,8.312619E+03,4.297297E-01,7.272955E-01,5.422713E+03,5.752480E+03,2.798749E-01,5.032995E-01,8.404581E+03,9.450699E+03,4.337747E-01,8.268611E-01,5.501246E+03,1.158992E+04,2.839281E-01,1.014028E+00,5.698808E+03,6.000379E+03,2.941310E-01,5.249884E-01,3.757537E+03,4.222894E+03,1.939365E-01,3.694696E-01,5.815315E+03,7.133678E+03,3.001442E-01,6.241348E-01,3.823979E+03,1.008893E+04,1.973658E-01,8.826956E-01,6.766732E+03,7.375574E+03,3.492448E-01,6.453095E-01,4.444408E+03,5.163798E+03,2.293846E-01,4.517931E-01,6.858680E+03,8.534833E+03,3.539905E-01,7.467278E-01,4.518888E+03,1.097837E+04,2.332287E-01,9.605191E-01 
17:30:00,4.538290E+03,3.662459E+04,2.342401E-01,3.204382E+00,8.800389E+03,2.573942E+04,4.542249E-01,2.252006E+00,1.550186E+04,2.983951E+04,8.001159E-01,2.610722E+00,8.301065E+03,8.255198E+03,4.284320E-01,7.222717E-01,5.406432E+03,5.654938E+03,2.790346E-01,4.947654E-01,8.379174E+03,9.164616E+03,4.324634E-01,8.018317E-01,5.484958E+03,1.163007E+04,2.830874E-01,1.017539E+00,5.682686E+03,5.968173E+03,2.932988E-01,5.221707E-01,3.746942E+03,4.142426E+03,1.933897E-01,3.624293E-01,5.798889E+03,6.865771E+03,2.992964E-01,6.006957E-01,3.813364E+03,1.014311E+04,1.968179E-01,8.874342E-01,6.744723E+03,7.339724E+03,3.481088E-01,6.421731E-01,4.430094E+03,5.080284E+03,2.286458E-01,4.444863E-01,6.836432E+03,8.270829E+03,3.528422E-01,7.236303E-01,4.504557E+03,1.103302E+04,2.324890E-01,9.652990E-01 
17:45:00,4.506690E+03,3.657986E+04,2.326091E-01,3.200468E+00,8.740034E+03,2.569250E+04,4.511097E-01,2.247901E+00,1.541406E+04,2.968135E+04,7.955840E-01,2.596884E+00,8.276777E+03,8.206172E+03,4.271784E-01,7.179826E-01,5.390710E+03,5.548088E+03,2.782231E-01,4.854168E-01,8.354636E+03,8.898619E+03,4.311969E-01,7.785597E-01,5.469228E+03,1.157709E+04,2.822756E-01,1.012901E+00,5.667153E+03,5.947991E+03,2.924971E-01,5.204053E-01,3.736738E+03,4.055218E+03,1.928630E-01,3.547993E-01,5.783066E+03,6.621999E+03,2.984798E-01,5.793685E-01,3.803141E+03,1.010643E+04,1.962902E-01,8.842226E-01,6.723363E+03,7.315933E+03,3.470064E-01,6.400919E-01,4.416209E+03,4.989852E+03,2.279292E-01,4.365742E-01,6.814846E+03,8.030425E+03,3.517281E-01,7.025976E-01,4.490655E+03,1.099743E+04,2.317715E-01,9.621830E-01 
18:00:00,4.475919E+03,3.654035E+04,2.310209E-01,3.197012E+00,8.680942E+03,2.565059E+04,4.480597E-01,2.244234E+00,1.532889E+04,2.951173E+04,7.911882E-01,2.582044E+00,8.253282E+03,8.170357E+03,4.259658E-01,7.148493E-01,5.375507E+03,5.434108E+03,2.774385E-01,4.754443E-01,8.330904E+03,8.653138E+03,4.299721E-01,7.570827E-01,5.454018E+03,1.143943E+04,2.814906E-01,1.000856E+00,5.652164E+03,5.944372E+03,2.917235E-01,5.200891E-01,3.726895E+03,3.963394E+03,1.923550E-01,3.467655E-01,5.767801E+03,6.403161E+03,2.976918E-01,5.602227E-01,3.793280E+03,9.987367E+03,1.957813E-01,8.738043E-01,6.702600E+03,7.308930E+03,3.459348E-01,6.394795E-01,4.402719E+03,4.894620E+03,2.272329E-01,4.282421E-01,6.793870E+03,7.814036E+03,3.506454E-01,6.836660E-01,4.477149E+03,1.088000E+04,2.310744E-01,9.519076E-01 
18:15:00,4.445930E+03,3.650622E+04,2.294731E-01,3.194026E+00,8.623049E+03,2.561378E+04,4.450716E-01,2.241014E+00,1.524623E+04,2.933127E+04,7.869216E-01,2.566255E+00,8.414275E+03,8.145704E+03,4.342749E-01,7.126927E-01,5.483283E+03,5.313292E+03,2.830010E-01,4.648738E-01,8.491671E+03,8.424184E+03,4.382695E-01,7.370517E-01,5.561788E+03,1.121814E+04,2.870528E-01,9.814928E-01,5.738024E+03,5.955085E+03,2.961550E-01,5.210268E-01,3.783820E+03,3.867199E+03,1.952930E-01,3.383492E-01,5.853398E+03,6.205599E+03,3.021097E-01,5.429383E-01,3.850188E+03,9.786801E+03,1.987185E-01,8.562551E-01,6.835240E+03,7.316583E+03,3.527806E-01,6.401496E-01,4.491495E+03,4.794806E+03,2.318148E-01,4.195092E-01,6.926308E+03,7.617630E+03,3.574808E-01,6.664827E-01,4.565910E+03,1.068156E+04,2.356555E-01,9.345440E-01 
18:30:00,4.418739E+03,3.647639E+04,2.280696E-01,3.191416E+00,8.569157E+03,2.558094E+04,4.422900E-01,2.238141E+00,1.517065E+04,2.913955E+04,7.830206E-01,2.549481E+00,8.577018E+03,8.126381E+03,4.426739E-01,7.110025E-01,5.592184E+03,5.187827E+03,2.886212E-01,4.538965E-01,8.654203E+03,8.205838E+03,4.466576E-01,7.179487E-01,5.670683E+03,1.091183E+04,2.926727E-01,9.546923E-01,5.824839E+03,5.974168E+03,3.006355E-01,5.226969E-01,3.841368E+03,3.768604E+03,1.982631E-01,3.297229E-01,5.939969E+03,6.023574E+03,3.065778E-01,5.270133E-01,3.907719E+03,9.503641E+03,2.016877E-01,8.314801E-01,6.969080E+03,7.332948E+03,3.596880E-01,6.415818E-01,4.581049E+03,4.692450E+03,2.364366E-01,4.105538E-01,7.059965E+03,7.435143E+03,3.643788E-01,6.505172E-01,4.655449E+03,1.040078E+04,2.402766E-01,9.099771E-01 
18:45:00,4.396971E+03,3.644818E+04,2.269460E-01,3.188948E+00,8.523038E+03,2.554923E+04,4.399096E-01,2.235367E+00,1.510834E+04,2.893464E+04,7.798044E-01,2.531552E+00,8.742937E+03,8.103048E+03,4.512348E-01,7.089612E-01,5.703109E+03,5.056695E+03,2.943445E-01,4.424235E-01,8.819920E+03,7.993472E+03,4.552080E-01,6.993687E-01,5.781604E+03,1.052236E+04,2.983958E-01,9.206158E-01,5.913283E+03,5.992276E+03,3.051996E-01,5.242815E-01,3.899968E+03,3.666509E+03,2.012871E-01,3.207904E-01,6.028194E+03,5.852276E+03,3.111305E-01,5.120266E-01,3.966303E+03,9.138380E+03,2.047108E-01,7.995221E-01,7.105064E+03,7.348534E+03,3.667048E-01,6.429458E-01,4.671983E+03,4.586399E+03,2.411288E-01,4.012752E-01,7.195787E+03,7.261681E+03,3.713872E-01,6.353412E-01,4.746369E+03,1.003918E+04,2.449680E-01,8.783393E-01 
19:00:00,4.380175E+03,3.641779E+04,2.260791E-01,3.186289E+00,8.483982E+03,2.551473E+04,4.378938E-01,2.232349E+00,1.505902E+04,2.871383E+04,7.772590E-01,2.512233E+00,8.912048E+03,8.052141E+03,4.599579E-01,7.045074E-01,5.816060E+03,4.921605E+03,3.001707E-01,4.306041E-01,8.988817E+03,7.775061E+03,4.639201E-01,6.802598E-01,5.894553E+03,1.004695E+04,3.042217E-01,8.790202E-01,6.003293E+03,5.986197E+03,3.098437E-01,5.237498E-01,3.959577E+03,3.562287E+03,2.043626E-01,3.116718E-01,6.117995E+03,5.678941E+03,3.157638E-01,4.968616E-01,4.025895E+03,8.689360E+03,2.077854E-01,7.602361E-01,7.243087E+03,7.339646E+03,3.738253E-01,6.421683E-01,4.764225E+03,4.478125E+03,2.458874E-01,3.918020E-01,7.333651E+03,7.084968E+03,3.784995E-01,6.198806E-01,4.838597E+03,9.593777E+03,2.497258E-01,8.393693E-01 
19:15:00,4.366907E+03,3.638091E+04,2.253944E-01,3.183062E+00,8.450105E+03,2.547326E+04,4.361452E-01,2.228720E+00,1.502114E+04,2.847418E+04,7.753038E-01,2.491267E+00,9.083983E+03,7.948142E+03,4.688250E-01,6.954079E-01,5.930802E+03,4.794087E+03,3.060880E-01,4.194473E-01,9.160523E+03,7.570888E+03,4.727753E-01,6.623965E-01,6.009292E+03,9.476453E+03,3.101389E-01,8.291061E-01,6.094544E+03,5.932820E+03,3.145512E-01,5.190795E-01,4.019984E+03,3.466985E+03,2.074788E-01,3.033336E-01,6.209042E+03,5.522525E+03,3.204606E-01,4.831768E-01,4.086286E+03,8.147164E+03,2.109007E-01,7.127982E-01,7.382704E+03,7.280572E+03,3.810268E-01,6.369996E-01,4.857488E+03,4.378921E+03,2.506978E-01,3.831225E-01,7.473106E+03,6.924791E+03,3.856926E-01,6.058666E-01,4.931846E+03,9.055094E+03,2.545355E-01,7.922384E-01 
19:30:00,4.355619E+03,3.633219E+04,2.248117E-01,3.178800E+00,8.419267E+03,2.541962E+04,4.345536E-01,2.224028E+00,1.499220E+04,2.821175E+04,7.738101E-01,2.468306E+00,9.258179E+03,7.799323E+03,4.778079E-01,6.823867E-01,6.046976E+03,4.671631E+03,3.120787E-01,4.087334E-01,9.334473E+03,7.374816E+03,4.817454E-01,6.452420E-01,6.125465E+03,8.835232E+03,3.161294E-01,7.730039E-01,6.186620E+03,5.833916E+03,3.193007E-01,5.104255E-01,4.080924E+03,3.377910E+03,2.106222E-01,2.955404E-01,6.300916E+03,5.376693E+03,3.251997E-01,4.704181E-01,4.147211E+03,7.535210E+03,2.140433E-01,6.592572E-01,7.523368E+03,7.179032E+03,3.882816E-01,6.281149E-01,4.951423E+03,4.286084E+03,2.555424E-01,3.750002E-01,7.613603E+03,6.774767E+03,3.929387E-01,5.927411E-01,5.025768E+03,8.447016E+03,2.593794E-01,7.390361E-01 
19:45:00,4.345775E+03,3.626671E+04,2.243036E-01,3.173071E+00,8.390819E+03,2.534902E+04,4.330853E-01,2.217850E+00,1.497133E+04,2.792305E+04,7.727330E-01,2.443046E+00,9.434398E+03,7.590618E+03,4.868949E-01,6.641257E-01,6.164433E+03,4.549859E+03,3.181354E-01,3.980795E-01,9.510433E+03,7.179124E+03,4.908190E-01,6.281208E-01,6.242921E+03,8.159979E+03,3.221861E-01,7.139244E-01,6.279349E+03,5.676718E+03,3.240838E-01,4.966711E-01,4.142289E+03,3.290925E+03,2.137874E-01,2.879302E-01,6.393449E+03,5.234002E+03,3.299726E-01,4.579342E-01,4.208561E+03,6.890612E+03,2.172077E-01,6.028603E-01,7.664871E+03,7.019729E+03,3.955795E-01,6.141763E-01,5.045898E+03,4.195110E+03,2.604148E-01,3.670408E-01,7.754938E+03,6.626989E+03,4.002278E-01,5.798120E-01,5.120232E+03,7.805901E+03,2.642510E-01,6.829435E-01 
20:00:00,4.337324E+03,3.618333E+04,2.238674E-01,3.165776E+00,8.364758E+03,2.526027E+04,4.317401E-01,2.210085E+00,1.495805E+04,2.760888E+04,7.720474E-01,2.415559E+00,9.612508E+03,7.349426E+03,4.960793E-01,6.430222E-01,6.283088E+03,4.432419E+03,3.242540E-01,3.878046E-01,9.688272E+03,6.989269E+03,4.999894E-01,6.115102E-01,6.361576E+03,7.493606E+03,3.283045E-01,6.556222E-01,6.372693E+03,5.489855E+03,3.288985E-01,4.803210E-01,4.204053E+03,3.209263E+03,2.169731E-01,2.807856E-01,6.486603E+03,5.099208E+03,3.347774E-01,4.461411E-01,4.270312E+03,6.256313E+03,2.203927E-01,5.473647E-01,7.807177E+03,6.829700E+03,4.029187E-01,5.975491E-01,5.140891E+03,4.109349E+03,2.653137E-01,3.595376E-01,7.897078E+03,6.486469E+03,4.075583E-01,5.675180E-01,5.215214E+03,7.174237E+03,2.691494E-01,6.276782E-01 
20:15:00,4.330356E+03,3.608485E+04,2.235078E-01,3.157159E+00,8.341293E+03,2.515591E+04,4.305290E-01,2.200954E+00,1.495162E+04,2.727445E+04,7.717155E-01,2.386299E+00,9.608599E+03,7.087987E+03,4.958695E-01,6.201473E-01,6.280344E+03,4.321961E+03,3.241069E-01,3.781406E-01,9.684083E+03,6.809837E+03,4.997651E-01,5.958116E-01,6.358833E+03,6.858585E+03,3.281574E-01,6.000634E-01,6.366328E+03,5.284199E+03,3.285668E-01,4.623266E-01,4.199799E+03,3.135073E+03,2.167514E-01,2.742947E-01,6.480055E+03,4.975954E+03,3.344363E-01,4.353577E-01,4.266043E+03,5.654302E+03,2.201702E-01,4.946945E-01,7.797482E+03,6.620344E+03,4.024127E-01,5.792312E-01,5.134532E+03,4.031069E+03,2.649817E-01,3.526889E-01,7.887218E+03,6.357192E+03,4.070438E-01,5.562075E-01,5.208844E+03,6.574104E+03,2.688168E-01,5.751720E-01 
20:30:00,4.322696E+03,3.597536E+04,2.231124E-01,3.147580E+00,8.317381E+03,2.503986E+04,4.292948E-01,2.190800E+00,1.494673E+04,2.692656E+04,7.714634E-01,2.355861E+00,9.605224E+03,6.816059E+03,4.956877E-01,5.963550E-01,6.277940E+03,4.217728E+03,3.239776E-01,3.690211E-01,9.680416E+03,6.643281E+03,4.995681E-01,5.812395E-01,6.356431E+03,6.271108E+03,3.280281E-01,5.486646E-01,6.360078E+03,5.068925E+03,3.282413E-01,4.434911E-01,4.195625E+03,3.067326E+03,2.165339E-01,2.683676E-01,6.473621E+03,4.865919E+03,3.341011E-01,4.257309E-01,4.261857E+03,5.100235E+03,2.199521E-01,4.462191E-01,7.787907E+03,6.400737E+03,4.019132E-01,5.600166E-01,5.128254E+03,3.959160E+03,2.646541E-01,3.463977E-01,7.877472E+03,6.241003E+03,4.065354E-01,5.460423E-01,5.202557E+03,6.021052E+03,2.684886E-01,5.267853E-01 
20:45:00,4.311548E+03,3.585981E+04,2.225370E-01,3.137470E+00,8.288999E+03,2.491699E+04,4.278299E-01,2.180050E+00,1.493662E+04,2.657294E+04,7.709416E-01,2.324922E+00,9.600804E+03,6.546205E+03,4.954539E-01,5.727445E-01,6.274879E+03,4.122073E+03,3.238158E-01,3.606523E-01,9.675699E+03,6.488779E+03,4.993190E-01,5.677222E-01,6.353370E+03,5.742762E+03,3.278663E-01,5.024397E-01,6.353194E+03,4.855815E+03,3.278835E-01,4.248453E-01,4.191053E+03,3.007944E+03,2.162963E-01,2.631725E-01,6.466547E+03,4.767740E+03,3.337336E-01,4.171413E-01,4.257273E+03,4.606739E+03,2.197138E-01,4.030434E-01,7.777422E+03,6.182762E+03,4.013680E-01,5.409451E-01,5.121401E+03,3.895593E+03,2.642976E-01,3.408363E-01,7.866808E+03,6.136547E+03,4.059809E-01,5.369036E-01,5.195696E+03,5.526385E+03,2.681317E-01,4.835071E-01 
21:00:00,4.297004E+03,3.574355E+04,2.217863E-01,3.127298E+00,8.256285E+03,2.479263E+04,4.261414E-01,2.169169E+00,1.492052E+04,2.622159E+04,7.701106E-01,2.294182E+00,9.595079E+03,6.296363E+03,4.951553E-01,5.508852E-01,6.271002E+03,4.034553E+03,3.236137E-01,3.529952E-01,9.669693E+03,6.350573E+03,4.990059E-01,5.556306E-01,6.349494E+03,5.289428E+03,3.276642E-01,4.627778E-01,6.345608E+03,4.661189E+03,3.274903E-01,4.078169E-01,4.186043E+03,2.956281E+03,2.160367E-01,2.586526E-01,6.458778E+03,4.684981E+03,3.333309E-01,4.099011E-01,4.252253E+03,4.188200E+03,2.194536E-01,3.664261E-01,7.765964E+03,5.983699E+03,4.007741E-01,5.235285E-01,5.113936E+03,3.839621E+03,2.639107E-01,3.359395E-01,7.855178E+03,6.047507E+03,4.053782E-01,5.291137E-01,5.188225E+03,5.105580E+03,2.677444E-01,4.466913E-01 
21:15:00,4.280750E+03,3.563128E+04,2.209474E-01,3.117475E+00,8.221601E+03,2.467125E+04,4.243512E-01,2.158549E+00,1.490022E+04,2.587963E+04,7.690625E-01,2.264264E+00,9.588428E+03,6.086364E+03,4.948107E-01,5.325122E-01,6.266553E+03,3.945143E+03,3.233832E-01,3.451728E-01,9.662784E+03,6.208274E+03,4.986479E-01,5.431810E-01,6.345047E+03,4.938669E+03,3.274338E-01,4.320906E-01,6.337697E+03,4.501856E+03,3.270811E-01,3.938768E-01,4.180838E+03,2.902225E+03,2.157674E-01,2.539234E-01,6.450699E+03,4.597508E+03,3.329130E-01,4.022483E-01,4.247037E+03,3.871693E+03,2.191838E-01,3.387357E-01,7.754068E+03,5.822787E+03,4.001589E-01,5.094503E-01,5.106205E+03,3.780908E+03,2.635109E-01,3.308029E-01,7.843127E+03,5.953148E+03,4.047550E-01,5.208585E-01,5.180487E+03,4.785907E+03,2.673443E-01,4.187239E-01 
21:30:00,4.264040E+03,3.552705E+04,2.200849E-01,3.108356E+00,8.186575E+03,2.455669E+04,4.225434E-01,2.148526E+00,1.487727E+04,2.555366E+04,7.678782E-01,2.235745E+00,9.581207E+03,5.904410E+03,4.944375E-01,5.165933E-01,6.261758E+03,3.857546E+03,3.231355E-01,3.375089E-01,9.655327E+03,6.069150E+03,4.982626E-01,5.310089E-01,6.340253E+03,4.684169E+03,3.271861E-01,4.098254E-01,6.329771E+03,4.371946E+03,3.266715E-01,3.825113E-01,4.175632E+03,2.849103E+03,2.154984E-01,2.492758E-01,6.442618E+03,4.511756E+03,3.324954E-01,3.947460E-01,4.241823E+03,3.650950E+03,2.189144E-01,3.194240E-01,7.742145E+03,5.687911E+03,3.995430E-01,4.976504E-01,5.098467E+03,3.722798E+03,2.631112E-01,3.257188E-01,7.831066E+03,5.860113E+03,4.041319E-01,5.127189E-01,5.172743E+03,4.560921E+03,2.669443E-01,3.990410E-01 
21:45:00,4.247364E+03,3.543397E+04,2.192242E-01,3.100213E+00,8.151817E+03,2.445187E+04,4.207493E-01,2.139356E+00,1.485223E+04,2.524867E+04,7.665856E-01,2.209061E+00,9.573556E+03,5.770198E+03,4.940425E-01,5.048516E-01,6.256705E+03,3.780217E+03,3.228746E-01,3.307433E-01,9.647459E+03,5.946481E+03,4.978564E-01,5.202765E-01,6.335201E+03,4.505480E+03,3.269253E-01,3.941931E-01,6.321968E+03,4.288251E+03,3.262685E-01,3.751894E-01,4.170515E+03,2.804572E+03,2.152341E-01,2.453799E-01,6.434671E+03,4.439785E+03,3.320849E-01,3.884493E-01,4.236696E+03,3.504724E+03,2.186496E-01,3.066319E-01,7.730370E+03,5.598169E+03,3.989350E-01,4.897994E-01,5.090832E+03,3.673355E+03,2.627170E-01,3.213930E-01,7.819163E+03,5.781078E+03,4.035174E-01,5.058041E-01,5.165103E+03,4.409984E+03,2.665498E-01,3.858368E-01 
22:00:00,4.230795E+03,3.535243E+04,2.183690E-01,3.093079E+00,8.117392E+03,2.435721E+04,4.189725E-01,2.131074E+00,1.482537E+04,2.496658E+04,7.651995E-01,2.184381E+00,9.565547E+03,5.653642E+03,4.936291E-01,4.946548E-01,6.251438E+03,3.708448E+03,3.226027E-01,3.244643E-01,9.639251E+03,5.833444E+03,4.974327E-01,5.103870E-01,6.329935E+03,4.360166E+03,3.266535E-01,3.814808E-01,6.314318E+03,4.218934E+03,3.258735E-01,3.691258E-01,4.165502E+03,2.763887E+03,2.149753E-01,2.418204E-01,6.426886E+03,4.374547E+03,3.316830E-01,3.827418E-01,4.231675E+03,3.389908E+03,2.183903E-01,2.965879E-01,7.718776E+03,5.523098E+03,3.983365E-01,4.832323E-01,5.083321E+03,3.627711E+03,2.623293E-01,3.173998E-01,7.807452E+03,5.708922E+03,4.029128E-01,4.994913E-01,5.157587E+03,4.290537E+03,2.661618E-01,3.753877E-01 
22:15:00,3.694631E+03,3.186619E+04,1.906954E-01,2.771804E+00,7.087520E+03,2.127071E+04,3.658166E-01,1.861028E+00,1.296057E+04,2.171847E+04,6.689494E-01,1.900197E+00,8.366367E+03,4.894792E+03,4.317455E-01,4.282612E-01,5.467713E+03,3.212743E+03,2.821589E-01,2.810936E-01,8.430768E+03,5.053607E+03,4.350690E-01,4.421568E-01,5.536398E+03,3.750202E+03,2.857034E-01,3.281144E-01,5.521637E+03,3.660821E+03,2.849642E-01,3.202955E-01,3.642592E+03,2.400310E+03,1.879886E-01,2.100102E-01,5.620073E+03,3.798700E+03,2.900444E-01,3.323594E-01,3.700489E+03,2.915021E+03,1.909766E-01,2.550401E-01,6.748802E+03,4.799474E+03,3.482798E-01,4.199207E-01,4.444584E+03,3.154008E+03,2.293666E-01,2.759541E-01,6.826340E+03,4.963285E+03,3.522813E-01,4.342534E-01,4.509564E+03,3.701069E+03,2.327200E-01,3.238147E-01 
22:30:00,3.160508E+03,2.923144E+04,1.631270E-01,2.511170E+00,6.061950E+03,1.853423E+04,3.128826E-01,1.615988E+00,1.109869E+04,1.883952E+04,5.728499E-01,1.642845E+00,7.168528E+03,4.159973E+03,3.699263E-01,3.638673E-01,4.693900E+03,2.734955E+03,2.421210E-01,2.391651E-01,7.231187E+03,4.309098E+03,3.730749E-01,3.767039E-01,4.759062E+03,3.194027E+03,2.454118E-01,2.789616E-01,4.729942E+03,3.113636E+03,2.441058E-01,2.724211E-01,3.120329E+03,2.042558E+03,1.610354E-01,1.787095E-01,4.814266E+03,3.232337E+03,2.484577E-01,2.828068E-01,3.169953E+03,2.460020E+03,1.635964E-01,2.152317E-01,5.780307E+03,4.101984E+03,2.982995E-01,3.586558E-01,3.806807E+03,2.699880E+03,1.964536E-01,2.360022E-01,5.846725E+03,4.255285E+03,3.017271E-01,3.718507E-01,3.862503E+03,3.166994E+03,1.993278E-01,2.765022E-01 
22:45:00,2.628498E+03,2.688200E+04,1.356678E-01,2.270420E+00,5.040780E+03,1.607509E+04,2.601757E-01,1.390787E+00,9.239990E+03,1.624468E+04,4.769145E-01,1.406290E+00,6.080307E+03,3.466489E+03,3.125274E-01,3.027057E-01,3.992179E+03,2.283383E+03,2.049938E-01,1.992813E-01,6.141460E+03,3.607831E+03,3.155079E-01,3.146159E-01,4.056983E+03,2.695061E+03,2.081638E-01,2.342048E-01,3.939238E+03,2.575888E+03,2.032986E-01,2.253722E-01,2.598717E+03,1.690219E+03,1.341157E-01,1.478823E-01,4.009468E+03,2.674701E+03,2.069232E-01,2.340177E-01,2.640067E+03,2.021216E+03,1.362498E-01,1.768402E-01,4.813305E+03,3.438202E+03,2.483961E-01,2.999902E-01,3.169997E+03,2.266997E+03,1.635904E-01,1.976848E-01,4.868619E+03,3.583737E+03,2.512507E-01,3.122421E-01,3.216409E+03,2.689619E+03,1.659856E-01,2.334769E-01 
23:00:00,2.098619E+03,2.472267E+04,1.083185E-01,2.043047E+00,4.024012E+03,1.382019E+04,2.076961E-01,1.180070E+00,7.384672E+03,1.388301E+04,3.811538E-01,1.186654E+00,5.088332E+03,2.869109E+03,2.590164E-01,2.485732E-01,3.353394E+03,1.890802E+03,1.704056E-01,1.637089E-01,5.150533E+03,2.993979E+03,2.619345E-01,2.589186E-01,3.416562E+03,2.243332E+03,1.733982E-01,1.930600E-01,3.149514E+03,2.082880E+03,1.625420E-01,1.816261E-01,2.077746E+03,1.370900E+03,1.072292E-01,1.194695E-01,3.205668E+03,2.178809E+03,1.654401E-01,1.897486E-01,2.110824E+03,1.656515E+03,1.089364E-01,1.439655E-01,3.847782E+03,2.866367E+03,1.985692E-01,2.479603E-01,2.534147E+03,1.891007E+03,1.307768E-01,1.634687E-01,3.892008E+03,2.995862E+03,2.008516E-01,2.586636E-01,2.578269E+03,2.253673E+03,1.329787E-01,1.936035E-01 
23:15:00,1.570858E+03,2.265381E+04,8.107853E-02,1.822192E+00,3.011607E+03,1.166813E+04,1.554416E-01,9.767282E-01,5.532903E+03,1.164112E+04,2.855762E-01,9.759576E-01,4.156082E+03,2.291169E+03,2.079058E-01,1.959790E-01,2.752423E+03,1.512326E+03,1.373363E-01,1.292426E-01,4.214709E+03,2.403766E+03,2.105752E-01,2.050666E-01,2.814632E+03,1.817767E+03,1.401784E-01,1.540121E-01,2.360751E+03,1.647779E+03,1.218351E-01,1.420853E-01,1.557404E+03,1.087101E+03,8.037522E-02,9.364212E-02,2.402844E+03,1.732871E+03,1.240075E-01,1.491014E-01,1.582212E+03,1.310034E+03,8.165550E-02,1.125126E-01,2.966564E+03,2.312318E+03,1.521742E-01,1.972678E-01,1.970999E+03,1.527702E+03,1.009158E-01,1.302057E-01,3.013591E+03,2.429187E+03,1.544461E-01,2.066765E-01,2.014289E+03,1.842519E+03,1.029766E-01,1.556820E-01 
23:30:00,1.045188E+03,2.063584E+04,5.394654E-02,1.605062E+00,2.003511E+03,9.585880E+03,1.034096E-01,7.784767E-01,3.684808E+03,9.481065E+03,1.901884E-01,7.715473E-01,3.277170E+03,1.720582E+03,1.589505E-01,1.441136E-01,2.185020E+03,1.139810E+03,1.056238E-01,9.533434E-02,3.331216E+03,1.824234E+03,1.613310E-01,1.521821E-01,2.245550E+03,1.411736E+03,1.082863E-01,1.165748E-01,1.572927E+03,1.168537E+03,8.117656E-02,9.955227E-02,1.037677E+03,7.734075E+02,5.355288E-02,6.578552E-02,1.600975E+03,1.244571E+03,8.262411E-02,1.055913E-01,1.054214E+03,9.592110E+02,5.440636E-02,8.092890E-02,2.108206E+03,1.763024E+03,1.066874E-01,1.470434E-01,1.422105E+03,1.168854E+03,7.161846E-02,9.734594E-02,2.156777E+03,1.870850E+03,1.088951E-01,1.554152E-01,1.465500E+03,1.450326E+03,7.357744E-02,1.192826E-01 
23:45:00,5.215803E+02,1.865734E+04,2.692094E-02,1.390840E+00,9.996631E+02,7.549896E+03,5.159679E-02,5.836474E-01,1.840484E+03,7.384683E+03,9.499508E-02,5.721071E-01,2.429226E+03,1.171889E+03,1.112520E-01,9.398787E-02,1.637645E+03,7.813394E+02,7.472406E-02,6.254681E-02,2.478053E+03,1.266151E+03,1.133182E-01,1.010120E-01,1.696365E+03,1.021839E+03,7.720186E-02,8.048626E-02,7.860180E+02,7.150196E+02,4.056529E-02,5.894365E-02,5.185475E+02,4.776017E+02,2.676142E-02,3.926439E-02,8.000353E+02,7.828320E+02,4.128871E-02,6.407100E-02,5.268158E+02,6.250742E+02,2.718814E-02,5.067828E-02,1.271005E+03,1.232135E+03,6.206682E-02,9.824141E-02,8.864502E+02,8.218288E+02,4.286343E-02,6.540542E-02,1.320344E+03,1.330426E+03,6.417924E-02,1.055489E-01,9.299091E+02,1.071836E+03,4.471901E-02,8.401629E-02 
24:00:00,0.000000E+00,1.671258E+04,0.000000E+00,1.179115E+00,0.000000E+00,5.551259E+03,0.000000E+00,3.916061E-01,0.000000E+00,5.340953E+03,0.000000E+00,3.768301E-01,1.607805E+03,6.383366E+02,6.463107E-02,4.511395E-02,1.107313E+03,4.328613E+02,4.451688E-02,3.058818E-02,1.650827E+03,7.234884E+02,6.635968E-02,5.112134E-02,1.164108E+03,6.451098E+02,4.680522E-02,4.551964E-02,0.000000E+00,2.718667E+02,0.000000E+00,1.917024E-02,0.000000E+00,1.881973E+02,0.000000E+00,1.326622E-02,0.000000E+00,3.308695E+02,0.000000E+00,2.335238E-02,0.000000E+00,3.007007E+02,0.000000E+00,2.125843E-02,4.682410E+02,7.133231E+02,1.884579E-02,5.040967E-02,3.708161E+02,4.828634E+02,1.492305E-02,3.411622E-02,5.164023E+02,8.023754E+02,2.078481E-02,5.668276E-02,4.133171E+02,7.045594E+02,1.663413E-02,4.969357E-02 
Peak,7.139317E+03,4.002960E+04,3.639006E-01,3.482156E+00,1.297243E+04,2.925238E+04,6.644317E-01,2.543375E+00,2.360596E+04,3.049956E+04,1.212003E+00,2.668475E+00,1.079970E+04,8.712828E+03,5.554097E-01,7.623130E-01,7.036366E+03,1.123845E+04,3.618809E-01,9.832500E-01,1.089705E+04,1.285135E+04,5.604236E-01,1.124398E+00,7.116333E+03,1.163007E+04,3.659999E-01,1.017539E+00,7.266528E+03,6.354819E+03,3.734618E-01,5.560006E-01,4.802769E+03,1.021850E+04,2.468589E-01,8.940124E-01,7.409297E+03,1.062052E+04,3.808159E-01,9.292099E-01,4.871733E+03,1.014311E+04,2.504116E-01,8.874342E-01,8.591293E+03,7.753849E+03,4.416896E-01,6.784073E-01,5.651335E+03,1.120421E+04,2.905608E-01,9.802475E-01,8.706536E+03,1.200764E+04,4.476252E-01,1.050576E+00,5.728074E+03,1.103302E+04,2.945137E-01,9.652990E-01 

Peak Vol Flow (m3/s),,,3.099862E-01,2.966250E+00,,,5.659914E-01,2.166556E+00,,,1.032436E+00,2.273122E+00,,,4.731219E-01,6.493709E-01,,,3.082657E-01,8.375746E-01,,,4.773929E-01,9.578109E-01,,,3.117745E-01,8.667832E-01,,,3.181308E-01,4.736252E-01,,,2.102850E-01,7.615582E-01,,,3.243953E-01,7.915409E-01,,,2.133113E-01,7.559545E-01,,,3.762502E-01,5.778964E-01,,,2.475121E-01,8.350169E-01,,,3.813064E-01,8.949258E-01,,,2.508794E-01,8.222831E-01 
