Time,CORE_BOTTOM:MIAMI INTL AP ANN HTG 99.6% CONDNS DB:Des Heat Load [W],CORE_BOTTOM:MIAMI INTL AP ANN CLG .4% CONDNS DB=>MWB:Des Sens Cool Load [W],CORE_BOTTOM:MIAMI INTL AP ANN HTG 99.6% CONDNS DB:Des Heat Mass Flow [kg/s],CORE_BOTTOM:MIAMI INTL AP ANN CLG .4% CONDNS DB=>MWB:Des Cool Mass Flow [kg/s],CORE_MID:MIAMI INTL AP ANN HTG 99.6% CONDNS DB:Des Heat Load [W],CORE_MID:MIAMI INTL AP ANN CLG .4% CONDNS DB=>MWB:Des Sens Cool Load [W],CORE_MID:MIAMI INTL AP ANN HTG 99.6% CONDNS DB:Des Heat Mass Flow [kg/s],CORE_MID:MIAMI INTL AP ANN CLG .4% CONDNS DB=>MWB:Des Cool Mass Flow [kg/s],CORE_TOP:MIAMI INTL AP ANN HTG 99.6% CONDNS DB:Des Heat Load [W],CORE_TOP:MIAMI INTL AP ANN CLG .4% CONDNS DB=>MWB:Des Sens Cool Load [W],CORE_TOP:MIAMI INTL AP ANN HTG 99.6% CONDNS DB:Des Heat Mass Flow [kg/s],CORE_TOP:MIAMI INTL AP ANN CLG .4% CONDNS DB=>MWB:Des Cool Mass Flow [kg/s],PERIMETER_TOP_ZN_3:MIAMI INTL AP ANN HTG 99.6% CONDNS DB:Des Heat Load [W],PERIMETER_TOP_ZN_3:MIAMI INTL AP ANN CLG .4% CONDNS DB=>MWB:Des Sens Cool Load [W],PERIMETER_TOP_ZN_3:MIAMI INTL AP ANN HTG 99.6% CONDNS DB:Des Heat Mass Flow [kg/s],PERIMETER_TOP_ZN_3:MIAMI INTL AP ANN CLG .4% CONDNS DB=>MWB:Des Cool Mass Flow [kg/s],PERIMETER_TOP_ZN_2:MIAMI INTL AP ANN HTG 99.6% CONDNS DB:Des Heat Load [W],PERIMETER_TOP_ZN_2:MIAMI INTL AP ANN CLG .4% CONDNS DB=>MWB:Des Sens Cool Load [W],PERIMETER_TOP_ZN_2:MIAMI INTL AP ANN HTG 99.6% CONDNS DB:Des Heat Mass Flow [kg/s],PERIMETER_TOP_ZN_2:MIAMI INTL AP ANN CLG .4% CONDNS DB=>MWB:Des Cool Mass Flow [kg/s],PERIMETER_TOP_ZN_1:MIAMI INTL AP ANN HTG 99.6% CONDNS DB:Des Heat Load [W],PERIMETER_TOP_ZN_1:MIAMI INTL AP ANN CLG .4% CONDNS DB=>MWB:Des Sens Cool Load [W],PERIMETER_TOP_ZN_1:MIAMI INTL AP ANN HTG 99.6% CONDNS DB:Des Heat Mass Flow [kg/s],PERIMETER_TOP_ZN_1:MIAMI INTL AP ANN CLG .4% CONDNS DB=>MWB:Des Cool Mass Flow [kg/s],PERIMETER_TOP_ZN_4:MIAMI INTL AP ANN HTG 99.6% CONDNS DB:Des Heat Load [W],PERIMETER_TOP_ZN_4:MIAMI INTL AP ANN CLG .4% CONDNS DB=>MWB:Des Sens Cool Load [W],PERIMETER_TOP_ZN_4:MIAMI INTL AP ANN HTG 99.6% CONDNS DB:Des Heat Mass Flow [kg/s],PERIMETER_TOP_ZN_4:MIAMI INTL AP ANN CLG .4% CONDNS DB=>MWB:Des Cool Mass Flow [kg/s],PERIMETER_BOT_ZN_3:MIAMI INTL AP ANN HTG 99.6% CONDNS DB:Des Heat Load [W],PERIMETER_BOT_ZN_3:MIAMI INTL AP ANN CLG .4% CONDNS DB=>MWB:Des Sens Cool Load [W],PERIMETER_BOT_ZN_3:MIAMI INTL AP ANN HTG 99.6% CONDNS DB:Des Heat Mass Flow [kg/s],PERIMETER_BOT_ZN_3:MIAMI INTL AP ANN CLG .4% CONDNS DB=>MWB:Des Cool Mass Flow [kg/s],PERIMETER_BOT_ZN_2:MIAMI INTL AP ANN HTG 99.6% CONDNS DB:Des Heat Load [W],PERIMETER_BOT_ZN_2:MIAMI INTL AP ANN CLG .4% CONDNS DB=>MWB:Des Sens Cool Load [W],PERIMETER_BOT_ZN_2:MIAMI INTL AP ANN HTG 99.6% CONDNS DB:Des Heat Mass Flow [kg/s],PERIMETER_BOT_ZN_2:MIAMI INTL AP ANN CLG .4% CONDNS DB=>MWB:Des Cool Mass Flow [kg/s],PERIMETER_BOT_ZN_1:MIAMI INTL AP ANN HTG 99.6% CONDNS DB:Des Heat Load [W],PERIMETER_BOT_ZN_1:MIAMI INTL AP ANN CLG .4% CONDNS DB=>MWB:Des Sens Cool Load [W],PERIMETER_BOT_ZN_1:MIAMI INTL AP ANN HTG 99.6% CONDNS DB:Des Heat Mass Flow [kg/s],PERIMETER_BOT_ZN_1:MIAMI INTL AP ANN CLG .4% CONDNS DB=>MWB:Des Cool Mass Flow [kg/s],PERIMETER_BOT_ZN_4:MIAMI INTL AP ANN HTG 99.6% CONDNS DB:Des Heat Load [W],PERIMETER_BOT_ZN_4:MIAMI INTL AP ANN CLG .4% CONDNS DB=>MWB:Des Sens Cool Load [W],PERIMETER_BOT_ZN_4:MIAMI INTL AP ANN HTG 99.6% CONDNS DB:Des Heat Mass Flow [kg/s],PERIMETER_BOT_ZN_4:MIAMI INTL AP ANN CLG .4% CONDNS DB=>MWB:Des Cool Mass Flow [kg/s],PERIMETER_MID_ZN_3:MIAMI INTL AP ANN HTG 99.6% CONDNS DB:Des Heat Load [W],PERIMETER_MID_ZN_3:MIAMI INTL AP ANN CLG .4% CONDNS DB=>MWB:Des Sens Cool Load [W],PERIMETER_MID_ZN_3:MIAMI INTL AP ANN HTG 99.6% CONDNS DB:Des Heat Mass Flow [kg/s],PERIMETER_MID_ZN_3:MIAMI INTL AP ANN CLG .4% CONDNS DB=>MWB:Des Cool Mass Flow [kg/s],PERIMETER_MID_ZN_2:MIAMI INTL AP ANN HTG 99.6% CONDNS DB:Des Heat Load [W],PERIMETER_MID_ZN_2:MIAMI INTL AP ANN CLG .4% CONDNS DB=>MWB:Des Sens Cool Load [W],PERIMETER_MID_ZN_2:MIAMI INTL AP ANN HTG 99.6% CONDNS DB:Des Heat Mass Flow [kg/s],PERIMETER_MID_ZN_2:MIAMI INTL AP ANN CLG .4% CONDNS DB=>MWB:Des Cool Mass Flow [kg/s],PERIMETER_MID_ZN_1:MIAMI INTL AP ANN HTG 99.6% CONDNS DB:Des Heat Load [W],PERIMETER_MID_ZN_1:MIAMI INTL AP ANN CLG .4% CONDNS DB=>MWB:Des Sens Cool Load [W],PERIMETER_MID_ZN_1:MIAMI INTL AP ANN HTG 99.6% CONDNS DB:Des Heat Mass Flow [kg/s],PERIMETER_MID_ZN_1:MIAMI INTL AP ANN CLG .4% CONDNS DB=>MWB:Des Cool Mass Flow [kg/s],PERIMETER_MID_ZN_4:MIAMI INTL AP ANN HTG 99.6% CONDNS DB:Des Heat Load [W],PERIMETER_MID_ZN_4:MIAMI INTL AP ANN CLG .4% CONDNS DB=>MWB:Des Sens Cool Load [W],PERIMETER_MID_ZN_4:MIAMI INTL AP ANN HTG 99.6% CONDNS DB:Des Heat Mass Flow [kg/s],PERIMETER_MID_ZN_4:MIAMI INTL AP ANN CLG .4% CONDNS DB=>MWB:Des Cool Mass Flow [kg/s] 
00:15:00,0.000000E+00,1.864162E+04,0.000000E+00,1.314903E+00,0.000000E+00,6.762776E+03,0.000000E+00,4.770365E-01,0.000000E+00,7.000862E+03,0.000000E+00,4.936712E-01,0.000000E+00,1.436882E+03,0.000000E+00,1.013142E-01,0.000000E+00,9.548576E+02,0.000000E+00,6.732931E-02,0.000000E+00,1.499979E+03,0.000000E+00,1.057645E-01,0.000000E+00,1.128370E+03,0.000000E+00,7.958428E-02,0.000000E+00,7.230305E+02,0.000000E+00,5.101394E-02,0.000000E+00,4.862790E+02,0.000000E+00,3.431789E-02,0.000000E+00,7.744504E+02,0.000000E+00,5.465704E-02,0.000000E+00,6.297704E+02,0.000000E+00,4.444584E-02,0.000000E+00,1.393583E+03,0.000000E+00,9.827153E-02,0.000000E+00,9.287487E+02,0.000000E+00,6.548403E-02,0.000000E+00,1.457965E+03,0.000000E+00,1.027984E-01,0.000000E+00,1.110173E+03,0.000000E+00,7.829855E-02 
00:30:00,0.000000E+00,1.934946E+04,0.000000E+00,1.364159E+00,0.000000E+00,7.502113E+03,0.000000E+00,5.290435E-01,0.000000E+00,7.731949E+03,0.000000E+00,5.451352E-01,0.000000E+00,1.581382E+03,0.000000E+00,1.114913E-01,0.000000E+00,1.047857E+03,0.000000E+00,7.387170E-02,0.000000E+00,1.645606E+03,0.000000E+00,1.160105E-01,0.000000E+00,1.229771E+03,0.000000E+00,8.671102E-02,0.000000E+00,8.517807E+02,0.000000E+00,6.009010E-02,0.000000E+00,5.719124E+02,0.000000E+00,4.035456E-02,0.000000E+00,9.095272E+02,0.000000E+00,6.417842E-02,0.000000E+00,7.046109E+02,0.000000E+00,4.971947E-02,0.000000E+00,1.541766E+03,0.000000E+00,1.087148E-01,0.000000E+00,1.024413E+03,0.000000E+00,7.222164E-02,0.000000E+00,1.607743E+03,0.000000E+00,1.133494E-01,0.000000E+00,1.211561E+03,0.000000E+00,8.542443E-02 
00:45:00,0.000000E+00,1.977349E+04,0.000000E+00,1.393838E+00,0.000000E+00,7.987488E+03,0.000000E+00,5.630512E-01,0.000000E+00,8.192000E+03,0.000000E+00,5.774606E-01,0.000000E+00,1.677534E+03,0.000000E+00,1.182613E-01,0.000000E+00,1.109740E+03,0.000000E+00,7.823357E-02,0.000000E+00,1.741987E+03,0.000000E+00,1.228047E-01,0.000000E+00,1.286903E+03,0.000000E+00,9.072335E-02,0.000000E+00,9.606533E+02,0.000000E+00,6.772013E-02,0.000000E+00,6.384186E+02,0.000000E+00,4.500504E-02,0.000000E+00,1.014015E+03,0.000000E+00,7.148255E-02,0.000000E+00,7.662903E+02,0.000000E+00,5.402007E-02,0.000000E+00,1.643591E+03,0.000000E+00,1.158676E-01,0.000000E+00,1.089036E+03,0.000000E+00,7.677308E-02,0.000000E+00,1.708902E+03,0.000000E+00,1.204711E-01,0.000000E+00,1.270724E+03,0.000000E+00,8.958125E-02 
01:00:00,0.000000E+00,2.003646E+04,0.000000E+00,1.412366E+00,0.000000E+00,8.203076E+03,0.000000E+00,5.782347E-01,0.000000E+00,8.387126E+03,0.000000E+00,5.912075E-01,0.000000E+00,1.719573E+03,0.000000E+00,1.212258E-01,0.000000E+00,1.136808E+03,0.000000E+00,8.014278E-02,0.000000E+00,1.783289E+03,0.000000E+00,1.257178E-01,0.000000E+00,1.307736E+03,0.000000E+00,9.219314E-02,0.000000E+00,1.004958E+03,0.000000E+00,7.084276E-02,0.000000E+00,6.659828E+02,0.000000E+00,4.694746E-02,0.000000E+00,1.057223E+03,0.000000E+00,7.452728E-02,0.000000E+00,7.919537E+02,0.000000E+00,5.582769E-02,0.000000E+00,1.691590E+03,0.000000E+00,1.192511E-01,0.000000E+00,1.118783E+03,0.000000E+00,7.887069E-02,0.000000E+00,1.754953E+03,0.000000E+00,1.237182E-01,0.000000E+00,1.293757E+03,0.000000E+00,9.120594E-02 
01:15:00,0.000000E+00,2.022186E+04,0.000000E+00,1.425426E+00,0.000000E+00,8.417587E+03,0.000000E+00,5.933532E-01,0.000000E+00,8.597750E+03,0.000000E+00,6.060522E-01,0.000000E+00,1.758613E+03,0.000000E+00,1.239791E-01,0.000000E+00,1.162634E+03,0.000000E+00,8.196423E-02,0.000000E+00,1.823464E+03,0.000000E+00,1.285513E-01,0.000000E+00,1.325121E+03,0.000000E+00,9.341962E-02,0.000000E+00,1.014560E+03,0.000000E+00,7.152016E-02,0.000000E+00,6.733116E+02,0.000000E+00,4.746442E-02,0.000000E+00,1.068720E+03,0.000000E+00,7.533823E-02,0.000000E+00,7.993612E+02,0.000000E+00,5.635017E-02,0.000000E+00,1.732529E+03,0.000000E+00,1.221380E-01,0.000000E+00,1.146479E+03,0.000000E+00,8.082383E-02,0.000000E+00,1.797690E+03,0.000000E+00,1.267319E-01,0.000000E+00,1.313511E+03,0.000000E+00,9.259924E-02 
01:30:00,0.000000E+00,2.037666E+04,0.000000E+00,1.436329E+00,0.000000E+00,8.589983E+03,0.000000E+00,6.055034E-01,0.000000E+00,8.754194E+03,0.000000E+00,6.170780E-01,0.000000E+00,1.783603E+03,0.000000E+00,1.257421E-01,0.000000E+00,1.178565E+03,0.000000E+00,8.308814E-02,0.000000E+00,1.848297E+03,0.000000E+00,1.303032E-01,0.000000E+00,1.333404E+03,0.000000E+00,9.400434E-02,0.000000E+00,1.035767E+03,0.000000E+00,7.301544E-02,0.000000E+00,6.871360E+02,0.000000E+00,4.843920E-02,0.000000E+00,1.090094E+03,0.000000E+00,7.684531E-02,0.000000E+00,8.080962E+02,0.000000E+00,5.696620E-02,0.000000E+00,1.761460E+03,0.000000E+00,1.241786E-01,0.000000E+00,1.164728E+03,0.000000E+00,8.211094E-02,0.000000E+00,1.826194E+03,0.000000E+00,1.287423E-01,0.000000E+00,1.324041E+03,0.000000E+00,9.334224E-02 
01:45:00,0.000000E+00,2.051257E+04,0.000000E+00,1.445902E+00,0.000000E+00,8.738465E+03,0.000000E+00,6.159679E-01,0.000000E+00,8.887720E+03,0.000000E+00,6.264882E-01,0.000000E+00,1.802168E+03,0.000000E+00,1.270517E-01,0.000000E+00,1.190202E+03,0.000000E+00,8.390914E-02,0.000000E+00,1.866672E+03,0.000000E+00,1.315995E-01,0.000000E+00,1.337588E+03,0.000000E+00,9.429986E-02,0.000000E+00,1.046774E+03,0.000000E+00,7.379174E-02,0.000000E+00,6.954043E+02,0.000000E+00,4.902229E-02,0.000000E+00,1.102541E+03,0.000000E+00,7.772308E-02,0.000000E+00,8.113389E+02,0.000000E+00,5.719503E-02,0.000000E+00,1.783697E+03,0.000000E+00,1.257469E-01,0.000000E+00,1.178689E+03,0.000000E+00,8.309564E-02,0.000000E+00,1.848185E+03,0.000000E+00,1.302934E-01,0.000000E+00,1.330548E+03,0.000000E+00,9.380148E-02 
02:00:00,0.000000E+00,2.063455E+04,0.000000E+00,1.454495E+00,0.000000E+00,8.872624E+03,0.000000E+00,6.254227E-01,0.000000E+00,9.005083E+03,0.000000E+00,6.347590E-01,0.000000E+00,1.816107E+03,0.000000E+00,1.280350E-01,0.000000E+00,1.198622E+03,0.000000E+00,8.450314E-02,0.000000E+00,1.880211E+03,0.000000E+00,1.325546E-01,0.000000E+00,1.338850E+03,0.000000E+00,9.438921E-02,0.000000E+00,1.055328E+03,0.000000E+00,7.439502E-02,0.000000E+00,7.015894E+02,0.000000E+00,4.945846E-02,0.000000E+00,1.112048E+03,0.000000E+00,7.839353E-02,0.000000E+00,8.123624E+02,0.000000E+00,5.726737E-02,0.000000E+00,1.801549E+03,0.000000E+00,1.270060E-01,0.000000E+00,1.189586E+03,0.000000E+00,8.386421E-02,0.000000E+00,1.865594E+03,0.000000E+00,1.315212E-01,0.000000E+00,1.334259E+03,0.000000E+00,9.406342E-02 
02:15:00,0.000000E+00,2.076021E+04,0.000000E+00,1.463348E+00,0.000000E+00,9.010144E+03,0.000000E+00,6.351144E-01,0.000000E+00,9.124031E+03,0.000000E+00,6.431417E-01,0.000000E+00,1.829655E+03,0.000000E+00,1.289906E-01,0.000000E+00,1.206587E+03,0.000000E+00,8.506496E-02,0.000000E+00,1.893213E+03,0.000000E+00,1.334716E-01,0.000000E+00,1.339992E+03,0.000000E+00,9.446997E-02,0.000000E+00,1.065338E+03,0.000000E+00,7.510080E-02,0.000000E+00,7.080602E+02,0.000000E+00,4.991475E-02,0.000000E+00,1.122145E+03,0.000000E+00,7.910546E-02,0.000000E+00,8.137115E+02,0.000000E+00,5.736260E-02,0.000000E+00,1.819267E+03,0.000000E+00,1.282554E-01,0.000000E+00,1.200186E+03,0.000000E+00,8.461175E-02,0.000000E+00,1.882724E+03,0.000000E+00,1.327293E-01,0.000000E+00,1.337996E+03,0.000000E+00,9.432706E-02 
02:30:00,0.000000E+00,2.087870E+04,0.000000E+00,1.471696E+00,0.000000E+00,9.139747E+03,0.000000E+00,6.442483E-01,0.000000E+00,9.233506E+03,0.000000E+00,6.508568E-01,0.000000E+00,1.840915E+03,0.000000E+00,1.297848E-01,0.000000E+00,1.212951E+03,0.000000E+00,8.551380E-02,0.000000E+00,1.903813E+03,0.000000E+00,1.342192E-01,0.000000E+00,1.339879E+03,0.000000E+00,9.446212E-02,0.000000E+00,1.074036E+03,0.000000E+00,7.571414E-02,0.000000E+00,7.134860E+02,0.000000E+00,5.029734E-02,0.000000E+00,1.130707E+03,0.000000E+00,7.970920E-02,0.000000E+00,8.141433E+02,0.000000E+00,5.739315E-02,0.000000E+00,1.834932E+03,0.000000E+00,1.293601E-01,0.000000E+00,1.209329E+03,0.000000E+00,8.525649E-02,0.000000E+00,1.897688E+03,0.000000E+00,1.337844E-01,0.000000E+00,1.340614E+03,0.000000E+00,9.451175E-02 
02:45:00,0.000000E+00,2.099088E+04,0.000000E+00,1.479601E+00,0.000000E+00,9.262814E+03,0.000000E+00,6.529215E-01,0.000000E+00,9.335104E+03,0.000000E+00,6.580167E-01,0.000000E+00,1.850552E+03,0.000000E+00,1.304643E-01,0.000000E+00,1.218178E+03,0.000000E+00,8.588242E-02,0.000000E+00,1.912700E+03,0.000000E+00,1.348459E-01,0.000000E+00,1.338969E+03,0.000000E+00,9.439808E-02,0.000000E+00,1.081819E+03,0.000000E+00,7.626290E-02,0.000000E+00,7.181676E+02,0.000000E+00,5.062747E-02,0.000000E+00,1.138182E+03,0.000000E+00,8.023628E-02,0.000000E+00,8.140169E+02,0.000000E+00,5.738431E-02,0.000000E+00,1.849178E+03,0.000000E+00,1.303646E-01,0.000000E+00,1.217461E+03,0.000000E+00,8.582986E-02,0.000000E+00,1.911144E+03,0.000000E+00,1.347332E-01,0.000000E+00,1.342557E+03,0.000000E+00,9.464880E-02 
03:00:00,0.000000E+00,2.109754E+04,0.000000E+00,1.487117E+00,0.000000E+00,9.380561E+03,0.000000E+00,6.612199E-01,0.000000E+00,9.430277E+03,0.000000E+00,6.647239E-01,0.000000E+00,1.859093E+03,0.000000E+00,1.310666E-01,0.000000E+00,1.222638E+03,0.000000E+00,8.619697E-02,0.000000E+00,1.920427E+03,0.000000E+00,1.353908E-01,0.000000E+00,1.337620E+03,0.000000E+00,9.430307E-02,0.000000E+00,1.089011E+03,0.000000E+00,7.677001E-02,0.000000E+00,7.223529E+02,0.000000E+00,5.092259E-02,0.000000E+00,1.144935E+03,0.000000E+00,8.071249E-02,0.000000E+00,8.136053E+02,0.000000E+00,5.735536E-02,0.000000E+00,1.862498E+03,0.000000E+00,1.313038E-01,0.000000E+00,1.224928E+03,0.000000E+00,8.635636E-02,0.000000E+00,1.923608E+03,0.000000E+00,1.356120E-01,0.000000E+00,1.344161E+03,0.000000E+00,9.476192E-02 
03:15:00,0.000000E+00,2.119953E+04,0.000000E+00,1.494305E+00,0.000000E+00,9.493883E+03,0.000000E+00,6.692066E-01,0.000000E+00,9.520151E+03,0.000000E+00,6.710578E-01,0.000000E+00,1.866528E+03,0.000000E+00,1.315909E-01,0.000000E+00,1.226341E+03,0.000000E+00,8.645805E-02,0.000000E+00,1.927004E+03,0.000000E+00,1.358546E-01,0.000000E+00,1.335823E+03,0.000000E+00,9.417643E-02,0.000000E+00,1.095530E+03,0.000000E+00,7.722967E-02,0.000000E+00,7.260128E+02,0.000000E+00,5.118066E-02,0.000000E+00,1.150921E+03,0.000000E+00,8.113455E-02,0.000000E+00,8.128868E+02,0.000000E+00,5.730477E-02,0.000000E+00,1.874872E+03,0.000000E+00,1.321763E-01,0.000000E+00,1.231733E+03,0.000000E+00,8.683621E-02,0.000000E+00,1.935078E+03,0.000000E+00,1.364207E-01,0.000000E+00,1.345412E+03,0.000000E+00,9.485019E-02 
03:30:00,0.000000E+00,2.129781E+04,0.000000E+00,1.501231E+00,0.000000E+00,9.603755E+03,0.000000E+00,6.769502E-01,0.000000E+00,9.605827E+03,0.000000E+00,6.770959E-01,0.000000E+00,1.873160E+03,0.000000E+00,1.320586E-01,0.000000E+00,1.229491E+03,0.000000E+00,8.668018E-02,0.000000E+00,1.932740E+03,0.000000E+00,1.362591E-01,0.000000E+00,1.333757E+03,0.000000E+00,9.403077E-02,0.000000E+00,1.101581E+03,0.000000E+00,7.765633E-02,0.000000E+00,7.293003E+02,0.000000E+00,5.141247E-02,0.000000E+00,1.156365E+03,0.000000E+00,8.151839E-02,0.000000E+00,8.120050E+02,0.000000E+00,5.724265E-02,0.000000E+00,1.886581E+03,0.000000E+00,1.330018E-01,0.000000E+00,1.238070E+03,0.000000E+00,8.728297E-02,0.000000E+00,1.945841E+03,0.000000E+00,1.371795E-01,0.000000E+00,1.346476E+03,0.000000E+00,9.492524E-02 
03:45:00,0.000000E+00,2.139268E+04,0.000000E+00,1.507918E+00,0.000000E+00,9.710501E+03,0.000000E+00,6.844736E-01,0.000000E+00,9.687834E+03,0.000000E+00,6.828756E-01,0.000000E+00,1.879191E+03,0.000000E+00,1.324838E-01,0.000000E+00,1.232233E+03,0.000000E+00,8.687349E-02,0.000000E+00,1.937848E+03,0.000000E+00,1.366192E-01,0.000000E+00,1.331548E+03,0.000000E+00,9.387506E-02,0.000000E+00,1.107288E+03,0.000000E+00,7.805870E-02,0.000000E+00,7.323125E+02,0.000000E+00,5.162487E-02,0.000000E+00,1.161407E+03,0.000000E+00,8.187391E-02,0.000000E+00,8.110507E+02,0.000000E+00,5.717541E-02,0.000000E+00,1.897790E+03,0.000000E+00,1.337920E-01,0.000000E+00,1.244058E+03,0.000000E+00,8.770517E-02,0.000000E+00,1.956073E+03,0.000000E+00,1.379010E-01,0.000000E+00,1.347458E+03,0.000000E+00,9.499445E-02 
04:00:00,0.000000E+00,2.148439E+04,0.000000E+00,1.514382E+00,0.000000E+00,9.814349E+03,0.000000E+00,6.917928E-01,0.000000E+00,9.766576E+03,0.000000E+00,6.884252E-01,0.000000E+00,1.884770E+03,0.000000E+00,1.328771E-01,0.000000E+00,1.234670E+03,0.000000E+00,8.704537E-02,0.000000E+00,1.942482E+03,0.000000E+00,1.369459E-01,0.000000E+00,1.329287E+03,0.000000E+00,9.371564E-02,0.000000E+00,1.112734E+03,0.000000E+00,7.844270E-02,0.000000E+00,7.351174E+02,0.000000E+00,5.182263E-02,0.000000E+00,1.166144E+03,0.000000E+00,8.220794E-02,0.000000E+00,8.100848E+02,0.000000E+00,5.710735E-02,0.000000E+00,1.908613E+03,0.000000E+00,1.345551E-01,0.000000E+00,1.249783E+03,0.000000E+00,8.810874E-02,0.000000E+00,1.965896E+03,0.000000E+00,1.385935E-01,0.000000E+00,1.348426E+03,0.000000E+00,9.506268E-02 
04:15:00,0.000000E+00,2.157316E+04,0.000000E+00,1.520639E+00,0.000000E+00,9.915528E+03,0.000000E+00,6.989241E-01,0.000000E+00,9.842414E+03,0.000000E+00,6.937702E-01,0.000000E+00,1.889996E+03,0.000000E+00,1.332456E-01,0.000000E+00,1.236892E+03,0.000000E+00,8.720203E-02,0.000000E+00,1.946772E+03,0.000000E+00,1.372484E-01,0.000000E+00,1.327030E+03,0.000000E+00,9.355655E-02,0.000000E+00,1.117972E+03,0.000000E+00,7.881198E-02,0.000000E+00,7.377702E+02,0.000000E+00,5.200968E-02,0.000000E+00,1.170656E+03,0.000000E+00,8.252600E-02,0.000000E+00,8.091425E+02,0.000000E+00,5.704095E-02,0.000000E+00,1.919119E+03,0.000000E+00,1.352958E-01,0.000000E+00,1.255309E+03,0.000000E+00,8.849838E-02,0.000000E+00,1.975406E+03,0.000000E+00,1.392640E-01,0.000000E+00,1.349417E+03,0.000000E+00,9.513256E-02 
04:30:00,0.000000E+00,2.165876E+04,0.000000E+00,1.526672E+00,0.000000E+00,1.001372E+04,0.000000E+00,7.058447E-01,0.000000E+00,9.915378E+03,0.000000E+00,6.989128E-01,0.000000E+00,1.894932E+03,0.000000E+00,1.335936E-01,0.000000E+00,1.238938E+03,0.000000E+00,8.734621E-02,0.000000E+00,1.950773E+03,0.000000E+00,1.375305E-01,0.000000E+00,1.324822E+03,0.000000E+00,9.340085E-02,0.000000E+00,1.123005E+03,0.000000E+00,7.916685E-02,0.000000E+00,7.402762E+02,0.000000E+00,5.218637E-02,0.000000E+00,1.174943E+03,0.000000E+00,8.282827E-02,0.000000E+00,8.082344E+02,0.000000E+00,5.697695E-02,0.000000E+00,1.929311E+03,0.000000E+00,1.360143E-01,0.000000E+00,1.260641E+03,0.000000E+00,8.887427E-02,0.000000E+00,1.984600E+03,0.000000E+00,1.399121E-01,0.000000E+00,1.350438E+03,0.000000E+00,9.520454E-02 
04:45:00,0.000000E+00,2.174192E+04,0.000000E+00,1.532534E+00,0.000000E+00,1.010976E+04,0.000000E+00,7.126139E-01,0.000000E+00,9.986073E+03,0.000000E+00,7.038955E-01,0.000000E+00,1.899679E+03,0.000000E+00,1.339283E-01,0.000000E+00,1.240868E+03,0.000000E+00,8.748231E-02,0.000000E+00,1.954582E+03,0.000000E+00,1.377990E-01,0.000000E+00,1.322696E+03,0.000000E+00,9.325099E-02,0.000000E+00,1.127928E+03,0.000000E+00,7.951392E-02,0.000000E+00,7.426973E+02,0.000000E+00,5.235706E-02,0.000000E+00,1.179101E+03,0.000000E+00,8.312143E-02,0.000000E+00,8.074006E+02,0.000000E+00,5.691819E-02,0.000000E+00,1.939321E+03,0.000000E+00,1.367200E-01,0.000000E+00,1.265861E+03,0.000000E+00,8.924224E-02,0.000000E+00,1.993607E+03,0.000000E+00,1.405471E-01,0.000000E+00,1.351543E+03,0.000000E+00,9.528248E-02 
05:00:00,0.000000E+00,2.182235E+04,0.000000E+00,1.538203E+00,0.000000E+00,1.020324E+04,0.000000E+00,7.192031E-01,0.000000E+00,1.005441E+04,0.000000E+00,7.087120E-01,0.000000E+00,1.904279E+03,0.000000E+00,1.342526E-01,0.000000E+00,1.242718E+03,0.000000E+00,8.761272E-02,0.000000E+00,1.958248E+03,0.000000E+00,1.380574E-01,0.000000E+00,1.320684E+03,0.000000E+00,9.310913E-02,0.000000E+00,1.132742E+03,0.000000E+00,7.985336E-02,0.000000E+00,7.450431E+02,0.000000E+00,5.252245E-02,0.000000E+00,1.183139E+03,0.000000E+00,8.340614E-02,0.000000E+00,8.066483E+02,0.000000E+00,5.686518E-02,0.000000E+00,1.949140E+03,0.000000E+00,1.374123E-01,0.000000E+00,1.270970E+03,0.000000E+00,8.960242E-02,0.000000E+00,2.002424E+03,0.000000E+00,1.411687E-01,0.000000E+00,1.352732E+03,0.000000E+00,9.536629E-02 
05:15:00,0.000000E+00,2.307197E+04,0.000000E+00,1.638396E+00,0.000000E+00,1.148197E+04,0.000000E+00,8.158406E-01,0.000000E+00,1.130034E+04,0.000000E+00,8.028777E-01,4.294382E+02,2.186765E+03,1.801373E-02,1.554936E-01,2.842475E+02,1.427107E+03,1.188480E-02,1.014939E-01,4.232550E+02,2.238700E+03,1.772978E-02,1.591754E-01,2.850444E+02,1.499230E+03,1.191220E-02,1.066007E-01,0.000000E+00,1.376859E+03,0.000000E+00,9.788705E-02,0.000000E+00,9.006108E+02,0.000000E+00,6.402976E-02,0.000000E+00,1.424131E+03,0.000000E+00,1.012331E-01,0.000000E+00,9.610569E+02,0.000000E+00,6.832025E-02,1.307102E+02,2.237712E+03,5.647330E-03,1.591193E-01,1.033865E+02,1.459845E+03,4.452974E-03,1.038257E-01,1.362752E+02,2.289384E+03,5.884082E-03,1.627839E-01,1.066200E+02,1.535360E+03,4.589871E-03,1.091718E-01 
05:30:00,0.000000E+00,2.344830E+04,0.000000E+00,1.681748E+00,0.000000E+00,1.187566E+04,0.000000E+00,8.525526E-01,0.000000E+00,1.166285E+04,0.000000E+00,8.371630E-01,4.294382E+02,2.339932E+03,1.801373E-02,1.684204E-01,2.842475E+02,1.554359E+03,1.188480E-02,1.120053E-01,4.232550E+02,2.357545E+03,1.772978E-02,1.695335E-01,2.850444E+02,1.575871E+03,1.191220E-02,1.133273E-01,0.000000E+00,1.475505E+03,0.000000E+00,1.061457E-01,0.000000E+00,9.944694E+02,0.000000E+00,7.166410E-02,0.000000E+00,1.491817E+03,0.000000E+00,1.071757E-01,0.000000E+00,1.007517E+03,0.000000E+00,7.240144E-02,1.307102E+02,2.397548E+03,5.647330E-03,1.725742E-01,1.033865E+02,1.592020E+03,4.452974E-03,1.147247E-01,1.362752E+02,2.414348E+03,5.884082E-03,1.736280E-01,1.066200E+02,1.615794E+03,4.589871E-03,1.162030E-01 
05:45:00,0.000000E+00,2.433989E+04,0.000000E+00,1.764292E+00,0.000000E+00,1.279484E+04,0.000000E+00,9.292421E-01,0.000000E+00,1.255269E+04,0.000000E+00,9.115483E-01,4.294382E+02,2.627893E+03,1.801373E-02,1.915934E-01,2.842475E+02,1.806101E+03,1.188480E-02,1.319781E-01,4.232550E+02,2.585878E+03,1.772978E-02,1.882138E-01,2.850444E+02,1.722029E+03,1.191220E-02,1.253348E-01,0.000000E+00,1.727609E+03,0.000000E+00,1.260653E-01,0.000000E+00,1.224917E+03,0.000000E+00,8.967688E-02,0.000000E+00,1.687263E+03,0.000000E+00,1.228262E-01,0.000000E+00,1.133217E+03,0.000000E+00,8.250149E-02,1.307102E+02,2.692010E+03,5.647330E-03,1.962657E-01,1.033865E+02,1.849380E+03,4.452974E-03,1.351395E-01,1.362752E+02,2.648293E+03,5.884082E-03,1.927590E-01,1.066200E+02,1.765383E+03,4.589871E-03,1.284894E-01 
06:00:00,0.000000E+00,2.507311E+04,0.000000E+00,1.834864E+00,0.000000E+00,1.355021E+04,0.000000E+00,9.935562E-01,0.000000E+00,1.328017E+04,0.000000E+00,9.736506E-01,4.294382E+02,2.892561E+03,1.801373E-02,2.130017E-01,2.842475E+02,2.094716E+03,1.188480E-02,1.547558E-01,4.232550E+02,2.774874E+03,1.772978E-02,2.039094E-01,2.850444E+02,1.843925E+03,1.191220E-02,1.354986E-01,0.000000E+00,1.953105E+03,0.000000E+00,1.439688E-01,0.000000E+00,1.490366E+03,0.000000E+00,1.103525E-01,0.000000E+00,1.841242E+03,0.000000E+00,1.353307E-01,0.000000E+00,1.233682E+03,0.000000E+00,9.068479E-02,1.307102E+02,2.962945E+03,5.647330E-03,2.181781E-01,1.033865E+02,2.144226E+03,4.452974E-03,1.584077E-01,1.362752E+02,2.842555E+03,5.884082E-03,2.088825E-01,1.066200E+02,1.890456E+03,4.589871E-03,1.389150E-01 
06:15:00,0.000000E+00,2.701664E+04,0.000000E+00,2.008312E+00,0.000000E+00,1.550724E+04,0.000000E+00,1.156313E+00,0.000000E+00,1.520761E+04,0.000000E+00,1.133915E+00,4.294382E+02,3.456934E+03,1.801373E-02,2.590032E-01,2.842475E+02,2.649286E+03,1.188480E-02,1.994226E-01,4.232550E+02,3.233704E+03,1.772978E-02,2.416634E-01,2.850444E+02,2.146754E+03,1.191220E-02,1.604518E-01,0.000000E+00,2.457126E+03,0.000000E+00,1.844335E-01,0.000000E+00,2.011879E+03,0.000000E+00,1.519164E-01,0.000000E+00,2.241840E+03,0.000000E+00,1.677079E-01,0.000000E+00,1.499987E+03,0.000000E+00,1.122382E-01,1.307102E+02,3.534805E+03,5.647330E-03,2.648152E-01,1.033865E+02,2.706753E+03,4.452974E-03,2.037279E-01,1.362752E+02,3.307773E+03,5.884082E-03,2.471859E-01,1.066200E+02,2.197200E+03,4.589871E-03,1.642097E-01 
06:30:00,0.000000E+00,2.832687E+04,0.000000E+00,2.140465E+00,4.369521E+02,1.683161E+04,2.062474E-02,1.275372E+00,2.082651E+03,1.651007E+04,9.392887E-02,1.250985E+00,1.436747E+03,3.907702E+03,6.197029E-02,2.975547E-01,9.354530E+02,3.192709E+03,4.023627E-02,2.445981E-01,1.417384E+03,3.575280E+03,6.102354E-02,2.715093E-01,9.378922E+02,2.371555E+03,4.032557E-02,1.801251E-01,4.448265E+02,2.854473E+03,2.032937E-02,2.177475E-01,3.061325E+02,2.526579E+03,1.394872E-02,1.941749E-01,4.510874E+02,2.533330E+03,2.059350E-02,1.925799E-01,3.098180E+02,1.693435E+03,1.410991E-02,1.287645E-01,8.217491E+02,3.991339E+03,3.648750E-02,3.038936E-01,5.640604E+02,3.257666E+03,2.497022E-02,2.495444E-01,8.308518E+02,3.654092E+03,3.686077E-02,2.774757E-01,5.704970E+02,2.424807E+03,2.524225E-02,1.841532E-01 
06:45:00,0.000000E+00,2.995135E+04,0.000000E+00,2.297980E+00,4.369521E+02,1.848393E+04,2.062474E-02,1.420889E+00,2.082651E+03,1.815133E+04,9.392887E-02,1.395354E+00,1.685936E+03,4.428742E+03,7.394918E-02,3.417625E-01,1.109543E+03,3.835606E+03,4.860503E-02,2.977748E-01,1.667602E+03,3.993994E+03,7.305191E-02,3.075604E-01,1.113197E+03,2.643419E+03,4.875276E-02,2.035798E-01,4.737375E+02,3.325518E+03,2.171917E-02,2.569909E-01,3.345373E+02,3.142632E+03,1.531419E-02,2.445842E-01,4.830871E+02,2.905672E+03,2.213179E-02,2.239540E-01,3.393040E+02,1.936268E+03,1.552735E-02,1.492589E-01,9.133893E+02,4.515752E+03,4.089279E-02,3.484421E-01,6.368451E+02,3.907132E+03,2.846910E-02,3.032916E-01,9.253114E+02,4.075280E+03,4.140160E-02,3.137945E-01,6.447566E+02,2.697984E+03,2.881203E-02,2.077619E-01 
07:00:00,0.000000E+00,3.146175E+04,0.000000E+00,2.446436E+00,6.218147E+02,2.001513E+04,2.955885E-02,1.556790E+00,3.538945E+03,1.968492E+04,1.640419E-01,1.531158E+00,2.428154E+03,4.924564E+03,1.096283E-01,3.839511E-01,1.600293E+03,4.519541E+03,7.219579E-02,3.542521E-01,2.414922E+03,4.395165E+03,1.089763E-01,3.422079E-01,1.606341E+03,2.905969E+03,7.245858E-02,2.262855E-01,7.758288E+02,3.769633E+03,3.624127E-02,2.940783E-01,5.451580E+02,3.798721E+03,2.543910E-02,2.982142E-01,7.933221E+02,3.258986E+03,3.704536E-02,2.538058E-01,5.525765E+02,2.168563E+03,2.577974E-02,1.689073E-01,1.393686E+03,5.012016E+03,6.398140E-02,3.907422E-01,9.608145E+02,4.596314E+03,4.404276E-02,3.602371E-01,1.411278E+03,4.476177E+03,6.476275E-02,3.484951E-01,9.714626E+02,2.960064E+03,4.451724E-02,2.304820E-01 
07:15:00,7.830122E+02,3.319239E+04,3.864622E-02,2.632800E+00,2.293213E+03,2.173199E+04,1.111562E-01,1.727556E+00,6.315123E+03,2.142663E+04,3.019380E-01,1.703616E+00,3.043725E+03,5.482220E+03,1.440299E-01,4.364046E-01,2.000714E+03,5.320117E+03,9.466799E-02,4.253388E-01,3.041082E+03,4.864247E+03,1.438857E-01,3.872220E-01,2.008267E+03,3.211285E+03,9.502036E-02,2.556220E-01,1.380751E+03,4.287110E+03,6.630977E-02,3.417303E-01,9.508539E+02,4.588796E+03,4.563145E-02,3.674959E-01,1.405414E+03,3.690825E+03,6.747900E-02,2.942446E-01,9.609242E+02,2.450462E+03,4.610688E-02,1.953389E-01,2.050615E+03,5.566077E+03,9.766537E-02,4.429857E-01,1.379310E+03,5.399415E+03,6.567140E-02,4.316000E-01,2.068319E+03,4.940702E+03,9.849866E-02,3.932218E-01,1.389442E+03,3.262136E+03,6.614716E-02,2.596113E-01 
07:30:00,7.830122E+02,3.484343E+04,3.864622E-02,2.812697E+00,2.480341E+03,2.338405E+04,1.208147E-01,1.890991E+00,7.678300E+03,2.312643E+04,3.722973E-01,1.870744E+00,3.787725E+03,5.980583E+03,1.824303E-01,4.844938E-01,2.493438E+03,6.100659E+03,1.200992E-01,4.968450E-01,3.788605E+03,5.324909E+03,1.824680E-01,4.317008E-01,2.503512E+03,3.509663E+03,1.205817E-01,2.845182E-01,1.723361E+03,4.765110E+03,8.399312E-02,3.863003E-01,1.190617E+03,5.364849E+03,5.800646E-02,4.375142E-01,1.755414E+03,4.130656E+03,8.554372E-02,3.351953E-01,1.203488E+03,2.734155E+03,5.862644E-02,2.218590E-01,2.566266E+03,6.054715E+03,1.242799E-01,4.903465E-01,1.727542E+03,6.178872E+03,8.364483E-02,5.030959E-01,2.588741E+03,5.391921E+03,1.253594E-01,4.369897E-01,1.740481E+03,3.554166E+03,8.426550E-02,2.880302E-01 
07:45:00,1.259058E+03,3.638007E+04,6.343643E-02,2.988730E+00,3.809274E+03,2.493208E+04,1.894065E-01,2.051558E+00,9.822084E+03,2.474369E+04,4.829469E-01,2.036870E+00,4.645916E+03,6.430721E+03,2.267240E-01,5.299314E-01,3.056167E+03,6.843631E+03,1.491432E-01,5.665290E-01,4.649890E+03,5.778726E+03,2.269213E-01,4.768546E-01,3.068791E+03,3.802910E+03,1.497573E-01,3.137678E-01,2.227866E+03,5.177970E+03,1.100321E-01,4.269532E-01,1.528726E+03,6.091875E+03,7.545723E-02,5.048434E-01,2.266127E+03,4.547466E+03,1.119031E-01,3.756162E-01,1.544072E+03,3.004144E+03,7.620497E-02,2.480958E-01,3.215792E+03,6.489948E+03,1.578036E-01,5.346086E-01,2.158345E+03,6.916918E+03,1.058797E-01,5.724473E-01,3.242582E+03,5.831763E+03,1.591058E-01,4.810381E-01,2.174052E+03,3.838170E+03,1.066432E-01,3.165500E-01 
08:00:00,1.727461E+03,3.790853E+04,8.761627E-02,3.162353E+00,4.750968E+03,2.646769E+04,2.380112E-01,2.209293E+00,1.164113E+04,2.637213E+04,5.768357E-01,2.202207E+00,5.424987E+03,6.869173E+03,2.669339E-01,5.740836E-01,3.567453E+03,7.558228E+03,1.755320E-01,6.341625E-01,5.431921E+03,6.249473E+03,2.672840E-01,5.230408E-01,3.582637E+03,4.106470E+03,1.762783E-01,3.436366E-01,2.664319E+03,5.577850E+03,1.325586E-01,4.661693E-01,1.823442E+03,6.789702E+03,9.066826E-02,5.700277E-01,2.708887E+03,4.978994E+03,1.347551E-01,4.168516E-01,1.841329E+03,3.282463E+03,9.154718E-02,2.747689E-01,3.797543E+03,6.908121E+03,1.878291E-01,5.771203E-01,2.544988E+03,7.622576E+03,1.258353E-01,6.394096E-01,3.828482E+03,6.283577E+03,1.893455E-01,5.256888E-01,2.563446E+03,4.129317E+03,1.267408E-01,3.454136E-01 
08:15:00,2.082026E+03,3.816740E+04,1.059169E-01,3.228082E+00,5.679307E+03,2.674263E+04,2.859267E-01,2.263616E+00,1.338843E+04,2.676920E+04,6.670211E-01,2.266774E+00,6.174251E+03,7.004746E+03,3.056057E-01,5.933743E-01,4.058836E+03,8.022907E+03,2.008938E-01,6.813154E-01,6.183975E+03,6.455335E+03,3.060998E-01,5.476088E-01,4.076601E+03,4.232187E+03,2.017733E-01,3.589821E-01,3.086886E+03,5.691707E+03,1.543685E-01,4.821777E-01,2.108214E+03,7.244685E+03,1.053662E-01,6.154859E-01,3.137339E+03,5.164749E+03,1.568688E-01,4.382965E-01,2.128721E+03,3.395227E+03,1.063803E-01,2.880949E-01,4.359278E+03,7.016143E+03,2.168219E-01,5.941208E-01,2.917993E+03,8.072671E+03,1.450871E-01,6.853925E-01,4.394162E+03,6.463563E+03,2.185418E-01,5.481019E-01,2.939199E+03,4.238138E+03,1.461345E-01,3.593532E-01 
08:30:00,2.447021E+03,3.901963E+04,1.247558E-01,3.331768E+00,6.143914E+03,2.760865E+04,3.118352E-01,2.358183E+00,1.299342E+04,2.777912E+04,6.601981E-01,2.373608E+00,5.893716E+03,7.261326E+03,2.991604E-01,6.207718E-01,3.884011E+03,8.512247E+03,1.971300E-01,7.291458E-01,5.919274E+03,6.795383E+03,3.004543E-01,5.815737E-01,3.902730E+03,4.442374E+03,1.980816E-01,3.801671E-01,3.053934E+03,5.914430E+03,1.552973E-01,5.055378E-01,2.079489E+03,7.716549E+03,1.057354E-01,6.611345E-01,3.103946E+03,5.471925E+03,1.578338E-01,4.683312E-01,2.098837E+03,3.583921E+03,1.067187E-01,3.067152E-01,4.215755E+03,7.240459E+03,2.142408E-01,6.187843E-01,2.820598E+03,8.543591E+03,1.433199E-01,7.316953E-01,4.250862E+03,6.773194E+03,2.160183E-01,5.794860E-01,2.841356E+03,4.428509E+03,1.443743E-01,3.788578E-01 
08:45:00,2.802155E+03,3.952400E+04,1.430858E-01,3.407314E+00,7.024700E+03,2.811110E+04,3.572962E-01,2.423367E+00,1.463229E+04,2.844636E+04,7.447873E-01,2.452940E+00,6.353556E+03,7.457765E+03,3.237771E-01,6.434094E-01,4.174380E+03,8.910761E+03,2.127336E-01,7.697357E-01,6.380459E+03,7.083584E+03,3.251441E-01,6.115539E-01,4.194606E+03,4.613533E+03,2.137673E-01,3.982704E-01,3.428628E+03,6.067772E+03,1.747389E-01,5.233568E-01,2.322751E+03,8.091739E+03,1.183916E-01,6.990467E-01,3.481234E+03,5.717875E+03,1.774203E-01,4.935897E-01,2.343517E+03,3.727506E+03,1.194519E-01,3.217407E-01,4.660516E+03,7.400115E+03,2.375210E-01,6.382808E-01,3.103500E+03,8.919904E+03,1.581792E-01,7.704236E-01,4.696418E+03,7.026608E+03,2.393495E-01,6.064920E-01,3.125537E+03,4.577013E+03,1.593049E-01,3.950245E-01 
09:00:00,3.149056E+03,4.011409E+04,1.609908E-01,3.489589E+00,7.704070E+03,2.870424E+04,3.929688E-01,2.495684E+00,1.477460E+04,2.922399E+04,7.571850E-01,2.541204E+00,6.305854E+03,7.691107E+03,3.239446E-01,6.690981E-01,4.138526E+03,9.271720E+03,2.126218E-01,8.073335E-01,6.330052E+03,7.421120E+03,3.251900E-01,6.457269E-01,4.159014E+03,4.803096E+03,2.136774E-01,4.179151E-01,3.523588E+03,6.253454E+03,1.807101E-01,5.438149E-01,2.379245E+03,8.425991E+03,1.220534E-01,7.336640E-01,3.573611E+03,6.008690E+03,1.832869E-01,5.226391E-01,2.399842E+03,3.886670E+03,1.231144E-01,3.380524E-01,4.707783E+03,7.592355E+03,2.416619E-01,6.604335E-01,3.129190E+03,9.255014E+03,1.606528E-01,8.058339E-01,4.741510E+03,7.325141E+03,2.433983E-01,6.373066E-01,3.151238E+03,4.741156E+03,1.617887E-01,4.124808E-01 
09:15:00,2.706110E+03,3.928725E+04,1.398968E-01,3.437218E+00,6.883134E+03,2.789698E+04,3.552673E-01,2.440724E+00,1.356254E+04,2.862107E+04,7.000193E-01,2.504080E+00,5.943199E+03,7.596832E+03,3.067481E-01,6.646750E-01,3.900707E+03,9.331237E+03,2.013284E-01,8.163776E-01,5.965325E+03,7.450133E+03,3.078901E-01,6.518478E-01,3.921543E+03,4.778929E+03,2.024038E-01,4.181298E-01,3.310353E+03,6.131977E+03,1.708580E-01,5.365067E-01,2.236943E+03,8.466189E+03,1.154558E-01,7.406940E-01,3.358655E+03,6.013933E+03,1.733510E-01,5.261855E-01,2.257359E+03,3.846362E+03,1.165096E-01,3.365336E-01,4.440454E+03,7.452550E+03,2.291857E-01,6.520444E-01,2.952026E+03,9.284956E+03,1.523633E-01,8.123204E-01,4.471893E+03,7.310760E+03,2.308083E-01,6.396464E-01,2.974099E+03,4.688694E+03,1.535026E-01,4.102302E-01 
09:30:00,3.040333E+03,3.938845E+04,1.571474E-01,3.446164E+00,7.534622E+03,2.801262E+04,3.888933E-01,2.450877E+00,1.373335E+04,2.895218E+04,7.088359E-01,2.533085E+00,5.871144E+03,7.704139E+03,3.030294E-01,6.740752E-01,3.847952E+03,9.460120E+03,1.986057E-01,8.276928E-01,5.892015E+03,7.688900E+03,3.041066E-01,6.727478E-01,3.868917E+03,4.873766E+03,1.996878E-01,4.264336E-01,3.354919E+03,6.201532E+03,1.731583E-01,5.425984E-01,2.257449E+03,8.569469E+03,1.165143E-01,7.497586E-01,3.401180E+03,6.217628E+03,1.755459E-01,5.440124E-01,2.277526E+03,3.917900E+03,1.175505E-01,3.427958E-01,4.438982E+03,7.512055E+03,2.291099E-01,6.572622E-01,2.944342E+03,9.382045E+03,1.519669E-01,8.208545E-01,4.468944E+03,7.503837E+03,2.306564E-01,6.565487E-01,2.966346E+03,4.753723E+03,1.531026E-01,4.159260E-01 
09:45:00,2.893396E+03,3.906593E+04,1.493439E-01,3.417962E+00,7.033848E+03,2.768183E+04,3.630463E-01,2.421941E+00,1.309695E+04,2.884974E+04,6.759885E-01,2.524128E+00,5.675836E+03,7.737903E+03,2.929497E-01,6.770295E-01,3.719211E+03,9.488753E+03,1.919615E-01,8.302056E-01,5.695815E+03,7.867030E+03,2.939809E-01,6.883329E-01,3.740279E+03,4.914390E+03,1.930489E-01,4.299876E-01,3.233705E+03,6.188680E+03,1.669024E-01,5.414731E-01,2.176923E+03,8.566835E+03,1.123583E-01,7.495325E-01,3.279015E+03,6.351764E+03,1.692409E-01,5.557474E-01,2.196977E+03,3.929469E+03,1.133934E-01,3.438070E-01,4.298323E+03,7.495064E+03,2.218507E-01,6.557760E-01,2.850481E+03,9.376539E+03,1.471229E-01,8.203808E-01,4.327177E+03,7.633557E+03,2.233400E-01,6.678984E-01,2.872451E+03,4.762579E+03,1.482568E-01,4.167006E-01 
10:00:00,2.749536E+03,3.888863E+04,1.419151E-01,3.402450E+00,6.910880E+03,2.750375E+04,3.566994E-01,2.406358E+00,1.276147E+04,2.891147E+04,6.586729E-01,2.529527E+00,5.551637E+03,7.819652E+03,2.865403E-01,6.841800E-01,3.636629E+03,9.489601E+03,1.876998E-01,8.302792E-01,5.570793E+03,8.110694E+03,2.875290E-01,7.096497E-01,3.657793E+03,4.979083E+03,1.887921E-01,4.356460E-01,3.177127E+03,6.221181E+03,1.639827E-01,5.443144E-01,2.137429E+03,8.533969E+03,1.103203E-01,7.466553E-01,3.221299E+03,6.548794E+03,1.662626E-01,5.729836E-01,2.157389E+03,3.963388E+03,1.113505E-01,3.467728E-01,4.220732E+03,7.523820E+03,2.178469E-01,6.582902E-01,2.797592E+03,9.341111E+03,1.443936E-01,8.172808E-01,4.248565E+03,7.826239E+03,2.192834E-01,6.847549E-01,2.819541E+03,4.794010E+03,1.455265E-01,4.194491E-01 
10:15:00,2.715422E+03,3.875042E+04,1.401543E-01,3.390358E+00,6.792708E+03,2.736234E+04,3.506000E-01,2.393986E+00,1.247655E+04,2.901872E+04,6.439669E-01,2.538911E+00,5.450128E+03,7.916753E+03,2.813016E-01,6.926750E-01,3.569260E+03,9.448712E+03,1.842229E-01,8.267003E-01,5.468570E+03,8.391899E+03,2.822535E-01,7.342528E-01,3.590503E+03,5.050203E+03,1.853194E-01,4.418678E-01,3.131392E+03,6.266147E+03,1.616226E-01,5.482477E-01,2.105783E+03,8.457051E+03,1.086872E-01,7.399240E-01,3.174771E+03,6.780489E+03,1.638615E-01,5.932545E-01,2.125563E+03,4.001900E+03,1.097081E-01,3.501413E-01,4.158936E+03,7.565997E+03,2.146579E-01,6.619799E-01,2.755484E+03,9.262366E+03,1.422206E-01,8.103901E-01,4.185876E+03,8.054393E+03,2.160484E-01,7.047164E-01,2.777415E+03,4.830613E+03,1.433526E-01,4.226509E-01 
10:30:00,2.667085E+03,3.863328E+04,1.376594E-01,3.380111E+00,6.693290E+03,2.724154E+04,3.454687E-01,2.383419E+00,1.223178E+04,2.915271E+04,6.313331E-01,2.550635E+00,5.364624E+03,8.021584E+03,2.768888E-01,7.018471E-01,3.512621E+03,9.359123E+03,1.812998E-01,8.188609E-01,5.382426E+03,8.696119E+03,2.778076E-01,7.608705E-01,3.533933E+03,5.126310E+03,1.823998E-01,4.485265E-01,3.093575E+03,6.316899E+03,1.596709E-01,5.526880E-01,2.079590E+03,8.329778E+03,1.073354E-01,7.287877E-01,3.136151E+03,7.032897E+03,1.618685E-01,6.153385E-01,2.099281E+03,4.044173E+03,1.083518E-01,3.538396E-01,4.107478E+03,7.614436E+03,2.120023E-01,6.662181E-01,2.720480E+03,9.133862E+03,1.404142E-01,7.991461E-01,4.133637E+03,8.303960E+03,2.133525E-01,7.265523E-01,2.742382E+03,4.871274E+03,1.415446E-01,4.262083E-01 
10:45:00,2.625046E+03,3.853099E+04,1.354896E-01,3.371163E+00,6.607033E+03,2.713539E+04,3.410166E-01,2.374133E+00,1.201763E+04,2.930499E+04,6.202802E-01,2.563960E+00,5.290882E+03,8.127949E+03,2.730829E-01,7.111536E-01,3.463966E+03,9.224073E+03,1.787887E-01,8.070440E-01,5.308265E+03,9.014027E+03,2.739801E-01,7.886858E-01,3.485224E+03,5.203476E+03,1.798859E-01,4.552780E-01,3.061460E+03,6.367932E+03,1.580136E-01,5.571531E-01,2.057375E+03,8.156092E+03,1.061890E-01,7.135907E-01,3.103300E+03,7.297796E+03,1.601731E-01,6.385155E-01,2.076997E+03,4.086727E+03,1.072018E-01,3.575627E-01,4.063514E+03,7.663476E+03,2.097334E-01,6.705091E-01,2.690627E+03,8.959418E+03,1.388735E-01,7.838828E-01,4.088973E+03,8.566106E+03,2.110475E-01,7.494888E-01,2.712499E+03,4.912408E+03,1.400025E-01,4.298073E-01 
11:00:00,2.587868E+03,3.843925E+04,1.335707E-01,3.363137E+00,6.530062E+03,2.703974E+04,3.370438E-01,2.365765E+00,1.182686E+04,2.946900E+04,6.104339E-01,2.578310E+00,5.226103E+03,8.233444E+03,2.697395E-01,7.203838E-01,3.421219E+03,9.044809E+03,1.765824E-01,7.913588E-01,5.242983E+03,9.337120E+03,2.706108E-01,8.169546E-01,3.442497E+03,5.280008E+03,1.776807E-01,4.619741E-01,3.033504E+03,6.417464E+03,1.565708E-01,5.614868E-01,2.038068E+03,7.937737E+03,1.051926E-01,6.944857E-01,3.074664E+03,7.567100E+03,1.586953E-01,6.620778E-01,2.057634E+03,4.128274E+03,1.062024E-01,3.611977E-01,4.024981E+03,7.711253E+03,2.077448E-01,6.746893E-01,2.664508E+03,8.740735E+03,1.375255E-01,7.647489E-01,4.049795E+03,8.832830E+03,2.090255E-01,7.728256E-01,2.686356E+03,4.952664E+03,1.386532E-01,4.333294E-01 
11:15:00,2.554310E+03,3.835497E+04,1.318386E-01,3.355763E+00,6.459876E+03,2.695163E+04,3.334212E-01,2.358057E+00,1.165475E+04,2.963940E+04,6.015506E-01,2.593219E+00,5.168299E+03,8.335755E+03,2.667561E-01,7.293352E-01,3.383108E+03,8.823717E+03,1.746154E-01,7.720138E-01,5.184682E+03,9.656496E+03,2.676017E-01,8.448977E-01,3.404414E+03,5.354288E+03,1.757151E-01,4.684729E-01,3.008659E+03,6.463815E+03,1.552886E-01,5.655422E-01,2.020937E+03,7.677262E+03,1.043084E-01,6.716956E-01,3.049185E+03,7.832494E+03,1.573803E-01,6.852977E-01,2.040455E+03,4.167595E+03,1.053158E-01,3.646380E-01,3.990475E+03,7.755996E+03,2.059639E-01,6.786040E-01,2.641160E+03,8.480607E+03,1.363205E-01,7.419888E-01,4.014688E+03,9.095756E+03,2.072137E-01,7.958298E-01,2.662987E+03,4.990763E+03,1.374471E-01,4.366628E-01 
11:30:00,2.523604E+03,3.827590E+04,1.302538E-01,3.348846E+00,6.394965E+03,2.686888E+04,3.300709E-01,2.350817E+00,1.149826E+04,2.981178E+04,5.934734E-01,2.608301E+00,5.116119E+03,8.433470E+03,2.640629E-01,7.378844E-01,3.348727E+03,8.565798E+03,1.728409E-01,7.494470E-01,5.132016E+03,9.965159E+03,2.648835E-01,8.719032E-01,3.370066E+03,5.425314E+03,1.739423E-01,4.746870E-01,2.986225E+03,6.506113E+03,1.541308E-01,5.692428E-01,2.005491E+03,7.380373E+03,1.035113E-01,6.457197E-01,3.026157E+03,8.087545E+03,1.561918E-01,7.076123E-01,2.024967E+03,4.204031E+03,1.045165E-01,3.678257E-01,3.959070E+03,7.796797E+03,2.043430E-01,6.821737E-01,2.619944E+03,8.184398E+03,1.352255E-01,7.160721E-01,3.982720E+03,9.348410E+03,2.055637E-01,8.179349E-01,2.641753E+03,5.026021E+03,1.363512E-01,4.397476E-01 
11:45:00,2.495099E+03,3.820044E+04,1.287825E-01,3.342245E+00,6.334072E+03,2.678993E+04,3.269279E-01,2.343910E+00,1.135453E+04,2.998246E+04,5.860547E-01,2.623234E+00,5.068460E+03,8.526074E+03,2.616031E-01,7.459864E-01,3.317339E+03,8.279123E+03,1.712208E-01,7.243643E-01,5.083881E+03,1.025711E+04,2.623991E-01,8.974461E-01,3.338712E+03,5.492698E+03,1.723240E-01,4.805825E-01,2.965668E+03,6.544366E+03,1.530698E-01,5.725895E-01,1.991358E+03,7.055366E+03,1.027819E-01,6.172838E-01,3.005040E+03,8.326775E+03,1.551020E-01,7.285424E-01,2.010797E+03,4.237520E+03,1.037852E-01,3.707556E-01,3.930059E+03,7.833943E+03,2.028458E-01,6.854236E-01,2.600376E+03,7.860500E+03,1.342156E-01,6.877330E-01,3.953178E+03,9.585297E+03,2.040390E-01,8.386602E-01,2.622170E+03,5.058567E+03,1.353405E-01,4.425950E-01 
12:00:00,2.468310E+03,3.812751E+04,1.273998E-01,3.335864E+00,6.276288E+03,2.671369E+04,3.239455E-01,2.337241E+00,1.122131E+04,3.014813E+04,5.791790E-01,2.637728E+00,5.024480E+03,8.613175E+03,2.593331E-01,7.536069E-01,3.288383E+03,7.976674E+03,1.697263E-01,6.979017E-01,5.039436E+03,1.052735E+04,2.601051E-01,9.210892E-01,3.309791E+03,5.556144E+03,1.708313E-01,4.861334E-01,2.946600E+03,6.578694E+03,1.520857E-01,5.755928E-01,1.978266E+03,6.715637E+03,1.021061E-01,5.875600E-01,2.985442E+03,8.545766E+03,1.540905E-01,7.477016E-01,1.997671E+03,4.268085E+03,1.031077E-01,3.734297E-01,3.902932E+03,7.867003E+03,2.014457E-01,6.883160E-01,2.582104E+03,7.522214E+03,1.332725E-01,6.581352E-01,3.925547E+03,9.801965E+03,2.026129E-01,8.576164E-01,2.603886E+03,5.088061E+03,1.343968E-01,4.451754E-01 
12:15:00,2.442841E+03,3.805639E+04,1.260852E-01,3.329642E+00,6.220884E+03,2.663949E+04,3.210858E-01,2.330748E+00,1.109659E+04,3.030643E+04,5.727413E-01,2.651578E+00,4.983482E+03,8.694685E+03,2.572171E-01,7.607381E-01,3.261399E+03,7.676764E+03,1.683336E-01,6.716614E-01,4.997982E+03,1.077153E+04,2.579655E-01,9.424525E-01,3.282841E+03,5.615551E+03,1.694403E-01,4.913309E-01,2.928724E+03,6.609416E+03,1.511631E-01,5.782806E-01,1.966007E+03,6.379932E+03,1.014734E-01,5.581885E-01,2.967061E+03,8.740540E+03,1.531418E-01,7.647418E-01,1.985381E+03,4.295879E+03,1.024734E-01,3.758613E-01,3.877301E+03,7.896441E+03,2.001228E-01,6.908914E-01,2.564862E+03,7.188125E+03,1.323826E-01,6.289047E-01,3.899435E+03,9.994479E+03,2.012652E-01,8.744590E-01,2.586633E+03,5.114756E+03,1.335063E-01,4.475109E-01 
12:30:00,2.418467E+03,3.798685E+04,1.248272E-01,3.323558E+00,6.167462E+03,2.656702E+04,3.183285E-01,2.324408E+00,1.097921E+04,3.045588E+04,5.666830E-01,2.664653E+00,4.945022E+03,8.767493E+03,2.552320E-01,7.671081E-01,3.236090E+03,7.404619E+03,1.670273E-01,6.478507E-01,4.959077E+03,1.098791E+04,2.559574E-01,9.613830E-01,3.257566E+03,5.682780E+03,1.681357E-01,4.972128E-01,2.911845E+03,6.633771E+03,1.502919E-01,5.804112E-01,1.954444E+03,6.073911E+03,1.008766E-01,5.314142E-01,2.949700E+03,8.909691E+03,1.522458E-01,7.795401E-01,1.973790E+03,4.332868E+03,1.018752E-01,3.790974E-01,3.852915E+03,7.919506E+03,1.988642E-01,6.929093E-01,2.548477E+03,6.883669E+03,1.315370E-01,6.022671E-01,3.874592E+03,1.016143E+04,1.999830E-01,8.890652E-01,2.570239E+03,5.150699E+03,1.326602E-01,4.506555E-01 
12:45:00,2.395028E+03,3.791905E+04,1.236174E-01,3.317626E+00,6.115740E+03,2.649645E+04,3.156589E-01,2.318234E+00,1.086829E+04,3.059517E+04,5.609580E-01,2.676840E+00,4.908765E+03,8.834875E+03,2.533606E-01,7.730032E-01,3.212232E+03,7.164238E+03,1.657959E-01,6.268195E-01,4.922385E+03,1.117311E+04,2.540636E-01,9.775852E-01,3.233742E+03,5.776349E+03,1.669061E-01,5.053994E-01,2.895822E+03,6.655325E+03,1.494650E-01,5.822969E-01,1.943478E+03,5.801600E+03,1.003107E-01,5.075897E-01,2.933216E+03,9.050160E+03,1.513950E-01,7.918289E-01,1.962798E+03,4.397537E+03,1.013079E-01,3.847555E-01,3.829599E+03,7.939793E+03,1.976607E-01,6.946841E-01,2.532827E+03,6.612880E+03,1.307292E-01,5.785757E-01,3.850837E+03,1.029979E+04,1.987569E-01,9.011694E-01,2.554581E+03,5.214525E+03,1.318520E-01,4.562399E-01 
13:00:00,2.372396E+03,3.785344E+04,1.224493E-01,3.311886E+00,6.065500E+03,2.642815E+04,3.130658E-01,2.312259E+00,1.076305E+04,3.072349E+04,5.555261E-01,2.688066E+00,4.874435E+03,8.897470E+03,2.515887E-01,7.784795E-01,3.189643E+03,6.960392E+03,1.646300E-01,6.089851E-01,4.887632E+03,1.132477E+04,2.522699E-01,9.908529E-01,3.211187E+03,5.907675E+03,1.657419E-01,5.168898E-01,2.880548E+03,6.674988E+03,1.486766E-01,5.840171E-01,1.933033E+03,5.567994E+03,9.977156E-02,4.871518E-01,2.917501E+03,9.159880E+03,1.505839E-01,8.014274E-01,1.952329E+03,4.501263E+03,1.007675E-01,3.938312E-01,3.807214E+03,7.958217E+03,1.965054E-01,6.962959E-01,2.517818E+03,6.380651E+03,1.299545E-01,5.582581E-01,3.828035E+03,1.040750E+04,1.975800E-01,9.105921E-01,2.539565E+03,5.317739E+03,1.310770E-01,4.652708E-01 
13:15:00,2.350477E+03,3.779053E+04,1.213180E-01,3.306382E+00,6.016576E+03,2.636261E+04,3.105407E-01,2.306525E+00,1.066285E+04,3.084036E+04,5.503541E-01,2.698291E+00,4.841812E+03,8.955989E+03,2.499050E-01,7.835992E-01,3.168180E+03,6.796533E+03,1.635222E-01,5.946494E-01,4.854599E+03,1.144223E+04,2.505649E-01,1.001129E+00,3.189756E+03,6.084596E+03,1.646358E-01,5.323701E-01,2.865938E+03,6.693664E+03,1.479226E-01,5.856510E-01,1.923051E+03,5.376900E+03,9.925636E-02,4.704334E-01,2.902469E+03,9.238247E+03,1.498081E-01,8.082828E-01,1.942325E+03,4.651855E+03,1.002512E-01,4.070077E-01,3.785661E+03,7.975699E+03,1.953929E-01,6.978254E-01,2.503378E+03,6.190539E+03,1.292092E-01,5.416256E-01,3.806081E+03,1.048416E+04,1.964469E-01,9.172981E-01,2.525120E+03,5.468249E+03,1.303314E-01,4.784403E-01 
13:30:00,2.329108E+03,3.773084E+04,1.202150E-01,3.301160E+00,5.968671E+03,2.630030E+04,3.080681E-01,2.301073E+00,1.056674E+04,3.094556E+04,5.453935E-01,2.707494E+00,4.810630E+03,9.010482E+03,2.482955E-01,7.883667E-01,3.147667E+03,6.673662E+03,1.624634E-01,5.838999E-01,4.823017E+03,1.152452E+04,2.489348E-01,1.008327E+00,3.169275E+03,6.311273E+03,1.635787E-01,5.522038E-01,2.851898E+03,6.711576E+03,1.471979E-01,5.872180E-01,1.913466E+03,5.229152E+03,9.876165E-02,4.575076E-01,2.888023E+03,9.284760E+03,1.490625E-01,8.123513E-01,1.932719E+03,4.853702E+03,9.975539E-02,4.246690E-01,3.764811E+03,7.992457E+03,1.943168E-01,6.992914E-01,2.489423E+03,6.043632E+03,1.284890E-01,5.287732E-01,3.784848E+03,1.052897E+04,1.953510E-01,9.212177E-01,2.511160E+03,5.670285E+03,1.296109E-01,4.961182E-01 
13:45:00,2.308265E+03,3.767480E+04,1.191392E-01,3.296257E+00,5.921762E+03,2.624162E+04,3.056469E-01,2.295940E+00,1.047444E+04,3.103897E+04,5.406296E-01,2.715666E+00,4.780769E+03,9.060778E+03,2.467543E-01,7.927670E-01,3.128025E+03,6.589532E+03,1.614496E-01,5.765401E-01,4.792769E+03,1.157104E+04,2.473736E-01,1.012396E+00,3.149665E+03,6.589443E+03,1.625665E-01,5.765432E-01,2.838388E+03,6.728684E+03,1.465006E-01,5.887148E-01,1.904250E+03,5.122733E+03,9.828597E-02,4.481977E-01,2.874124E+03,9.298854E+03,1.483451E-01,8.135833E-01,1.923483E+03,5.108247E+03,9.927869E-02,4.469412E-01,3.744622E+03,8.008443E+03,1.932747E-01,7.006900E-01,2.475921E+03,5.937744E+03,1.277920E-01,5.195097E-01,3.764291E+03,1.054147E+04,1.942899E-01,9.223108E-01,2.497654E+03,5.925665E+03,1.289138E-01,5.184636E-01 
14:00:00,2.287941E+03,3.762267E+04,1.180902E-01,3.291697E+00,5.875843E+03,2.618685E+04,3.032768E-01,2.291148E+00,1.038574E+04,3.112078E+04,5.360512E-01,2.722823E+00,4.752143E+03,9.106522E+03,2.452768E-01,7.967692E-01,3.109198E+03,6.537248E+03,1.604779E-01,5.719666E-01,4.763769E+03,1.158157E+04,2.458768E-01,1.013316E+00,3.130869E+03,6.918495E+03,1.615964E-01,6.053342E-01,2.825380E+03,6.744702E+03,1.458292E-01,5.901162E-01,1.895382E+03,5.050754E+03,9.782829E-02,4.419011E-01,2.860743E+03,9.280246E+03,1.476545E-01,8.119543E-01,1.914597E+03,5.415089E+03,9.882006E-02,4.737888E-01,3.725061E+03,8.023358E+03,1.922652E-01,7.019949E-01,2.462850E+03,5.866009E+03,1.271174E-01,5.132344E-01,3.744379E+03,1.052147E+04,1.932622E-01,9.205599E-01,2.484580E+03,6.233835E+03,1.282390E-01,5.454276E-01 
14:15:00,2.268249E+03,3.757454E+04,1.170738E-01,3.287486E+00,5.831168E+03,2.613607E+04,3.009710E-01,2.286705E+00,1.030082E+04,3.119070E+04,5.316684E-01,2.728940E+00,4.724771E+03,9.142309E+03,2.438640E-01,7.999000E-01,3.091197E+03,6.501460E+03,1.595488E-01,5.688361E-01,4.736036E+03,1.155677E+04,2.444454E-01,1.011146E+00,3.112896E+03,7.300272E+03,1.606688E-01,6.387383E-01,2.812897E+03,6.754418E+03,1.451849E-01,5.909662E-01,1.886877E+03,4.997714E+03,9.738932E-02,4.372614E-01,2.847904E+03,9.229799E+03,1.469918E-01,8.075397E-01,1.906075E+03,5.776236E+03,9.838019E-02,5.053877E-01,3.706180E+03,8.031931E+03,1.912906E-01,7.027449E-01,2.450241E+03,5.813048E+03,1.264666E-01,5.086016E-01,3.725163E+03,1.046976E+04,1.922704E-01,9.160348E-01,2.471967E+03,6.596692E+03,1.275880E-01,5.771764E-01 
14:30:00,2.249128E+03,3.753016E+04,1.160869E-01,3.283603E+00,5.787604E+03,2.608905E+04,2.987224E-01,2.282591E+00,1.021930E+04,3.124820E+04,5.274610E-01,2.733971E+00,4.698544E+03,9.170504E+03,2.425103E-01,8.023666E-01,3.073950E+03,6.468124E+03,1.586586E-01,5.659202E-01,4.709462E+03,1.149615E+04,2.430738E-01,1.005841E+00,3.095678E+03,7.714194E+03,1.597801E-01,6.749546E-01,2.800900E+03,6.760254E+03,1.445657E-01,5.914767E-01,1.878707E+03,4.949514E+03,9.696764E-02,4.330450E-01,2.835564E+03,9.147067E+03,1.463549E-01,8.003004E-01,1.897888E+03,6.171385E+03,9.795766E-02,5.399614E-01,3.687925E+03,8.036561E+03,1.903484E-01,7.031499E-01,2.438057E+03,5.764832E+03,1.258378E-01,5.043838E-01,3.706587E+03,1.038592E+04,1.913117E-01,9.086983E-01,2.459781E+03,6.993760E+03,1.269590E-01,6.119182E-01 
14:45:00,2.230505E+03,3.748897E+04,1.151257E-01,3.279999E+00,5.745011E+03,2.604527E+04,2.965240E-01,2.278761E+00,1.014082E+04,3.129256E+04,5.234102E-01,2.737852E+00,4.673357E+03,9.190341E+03,2.412103E-01,8.041020E-01,3.057390E+03,6.434724E+03,1.578039E-01,5.629982E-01,4.683940E+03,1.140068E+04,2.417565E-01,9.974867E-01,3.079145E+03,8.139737E+03,1.589267E-01,7.121874E-01,2.789344E+03,6.761484E+03,1.439693E-01,5.915842E-01,1.870844E+03,4.903681E+03,9.656176E-02,4.290354E-01,2.823682E+03,9.033042E+03,1.457416E-01,7.903234E-01,1.890009E+03,6.580373E+03,9.755097E-02,5.757453E-01,3.670240E+03,8.036535E+03,1.894356E-01,7.031476E-01,2.426262E+03,5.718884E+03,1.252290E-01,5.003641E-01,3.688595E+03,1.027094E+04,1.903830E-01,8.986379E-01,2.447984E+03,7.404674E+03,1.263501E-01,6.478710E-01 
15:00:00,2.212347E+03,3.745022E+04,1.141885E-01,3.276610E+00,5.703327E+03,2.600405E+04,2.943725E-01,2.275155E+00,1.006515E+04,3.132287E+04,5.195043E-01,2.740503E+00,4.649136E+03,9.200845E+03,2.399602E-01,8.050207E-01,3.041468E+03,6.400003E+03,1.569821E-01,5.599605E-01,4.659398E+03,1.127230E+04,2.404898E-01,9.862542E-01,3.063250E+03,8.561452E+03,1.581063E-01,7.490846E-01,2.778205E+03,6.757208E+03,1.433943E-01,5.912099E-01,1.863267E+03,4.858967E+03,9.617072E-02,4.251235E-01,2.812229E+03,8.889730E+03,1.451505E-01,7.777840E-01,1.882418E+03,6.988066E+03,9.715916E-02,6.114154E-01,3.653089E+03,8.030941E+03,1.885504E-01,7.026580E-01,2.414832E+03,5.673971E+03,1.246390E-01,4.964347E-01,3.671152E+03,1.012684E+04,1.894827E-01,8.860295E-01,2.436551E+03,7.814150E+03,1.257601E-01,6.836974E-01 
15:15:00,2.194628E+03,3.741315E+04,1.132739E-01,3.273366E+00,5.662510E+03,2.596465E+04,2.922658E-01,2.271708E+00,9.992093E+03,3.133792E+04,5.157337E-01,2.741819E+00,4.625821E+03,9.200366E+03,2.387568E-01,8.049785E-01,3.026144E+03,6.362311E+03,1.561911E-01,5.566628E-01,4.635773E+03,1.111304E+04,2.392704E-01,9.723185E-01,3.047951E+03,8.966755E+03,1.573167E-01,7.845452E-01,2.767459E+03,6.745945E+03,1.428397E-01,5.902243E-01,1.855963E+03,4.813814E+03,9.579374E-02,4.211732E-01,2.801183E+03,8.719420E+03,1.445803E-01,7.628826E-01,1.875100E+03,7.382201E+03,9.678144E-02,6.458985E-01,3.636447E+03,8.018251E+03,1.876914E-01,7.015476E-01,2.403749E+03,5.628512E+03,1.240670E-01,4.924576E-01,3.654231E+03,9.955706E+03,1.886093E-01,8.710556E-01,2.425466E+03,8.209792E+03,1.251879E-01,7.183127E-01 
15:30:00,2.177329E+03,3.737699E+04,1.123810E-01,3.270203E+00,5.622525E+03,2.592636E+04,2.902020E-01,2.268359E+00,9.921495E+03,3.133670E+04,5.120898E-01,2.741712E+00,4.603356E+03,9.188054E+03,2.375973E-01,8.039010E-01,3.011382E+03,6.320598E+03,1.554292E-01,5.530132E-01,4.613012E+03,1.092670E+04,2.380956E-01,9.560148E-01,3.033215E+03,9.346064E+03,1.565561E-01,8.177310E-01,2.757088E+03,6.726932E+03,1.423044E-01,5.885607E-01,1.848918E+03,4.767226E+03,9.543011E-02,4.170971E-01,2.790523E+03,8.525709E+03,1.440302E-01,7.459339E-01,1.868041E+03,7.753197E+03,9.641713E-02,6.783566E-01,3.620291E+03,7.997691E+03,1.868576E-01,6.997485E-01,2.392996E+03,5.581504E+03,1.235120E-01,4.883448E-01,3.637807E+03,9.761425E+03,1.877617E-01,8.540568E-01,2.414712E+03,8.582148E+03,1.246328E-01,7.508901E-01 
15:45:00,2.160433E+03,3.734109E+04,1.115090E-01,3.267062E+00,5.583342E+03,2.588853E+04,2.881796E-01,2.265048E+00,9.853207E+03,3.131822E+04,5.085652E-01,2.740094E+00,4.581694E+03,9.163157E+03,2.364792E-01,8.017223E-01,2.997152E+03,6.273941E+03,1.546948E-01,5.489310E-01,4.591065E+03,1.071824E+04,2.369629E-01,9.377757E-01,3.019009E+03,9.691851E+03,1.558229E-01,8.479835E-01,2.747074E+03,6.699505E+03,1.417875E-01,5.861608E-01,1.842120E+03,4.718329E+03,9.507924E-02,4.128191E-01,2.780234E+03,8.313720E+03,1.434991E-01,7.273860E-01,1.861231E+03,8.094032E+03,9.606560E-02,7.081754E-01,3.604600E+03,7.968583E+03,1.860477E-01,6.972015E-01,2.382560E+03,5.532071E+03,1.229733E-01,4.840198E-01,3.621861E+03,9.548999E+03,1.869386E-01,8.354707E-01,2.404274E+03,8.923798E+03,1.240941E-01,7.807805E-01 
16:00:00,2.143924E+03,3.730486E+04,1.106569E-01,3.263892E+00,5.544936E+03,2.585057E+04,2.861973E-01,2.261728E+00,9.787100E+03,3.128151E+04,5.051531E-01,2.736882E+00,4.560792E+03,9.125000E+03,2.354004E-01,7.983835E-01,2.983424E+03,6.221526E+03,1.539862E-01,5.443450E-01,4.569889E+03,1.049371E+04,2.358699E-01,9.181304E-01,3.005304E+03,9.998508E+03,1.551155E-01,8.748122E-01,2.737402E+03,6.663063E+03,1.412883E-01,5.829722E-01,1.835559E+03,4.666338E+03,9.474057E-02,4.082703E-01,2.770298E+03,8.089381E+03,1.429863E-01,7.077577E-01,1.854657E+03,8.399043E+03,9.572629E-02,7.348596E-01,3.589355E+03,7.930320E+03,1.852608E-01,6.938536E-01,2.372428E+03,5.479429E+03,1.224504E-01,4.794140E-01,3.606373E+03,9.324537E+03,1.861392E-01,8.158315E-01,2.394141E+03,9.229206E+03,1.235711E-01,8.074999E-01 
16:15:00,2.127652E+03,3.726784E+04,1.098170E-01,3.260653E+00,5.506990E+03,2.581202E+04,2.842388E-01,2.258355E+00,9.722596E+03,3.122553E+04,5.018238E-01,2.731984E+00,4.540502E+03,9.077724E+03,2.343531E-01,7.942469E-01,2.970104E+03,6.165730E+03,1.532987E-01,5.394632E-01,4.549336E+03,1.025989E+04,2.348091E-01,8.976723E-01,2.992006E+03,1.025693E+04,1.544292E-01,8.974202E-01,2.728005E+03,6.621768E+03,1.408033E-01,5.793590E-01,1.829189E+03,4.613785E+03,9.441180E-02,4.036724E-01,2.760648E+03,7.860057E+03,1.424882E-01,6.876934E-01,1.848275E+03,8.659122E+03,9.539693E-02,7.576126E-01,3.574456E+03,7.887104E+03,1.844919E-01,6.900723E-01,2.362534E+03,5.426068E+03,1.219397E-01,4.747453E-01,3.591242E+03,9.094900E+03,1.853582E-01,7.957396E-01,2.384246E+03,9.489381E+03,1.230604E-01,8.302616E-01 
16:30:00,2.111644E+03,3.722977E+04,1.089908E-01,3.257323E+00,5.469579E+03,2.577261E+04,2.823078E-01,2.254907E+00,9.659741E+03,3.114975E+04,4.985796E-01,2.725354E+00,4.520817E+03,9.022933E+03,2.333371E-01,7.894527E-01,2.957186E+03,6.103868E+03,1.526320E-01,5.340506E-01,4.529399E+03,1.002804E+04,2.337801E-01,8.773866E-01,2.979110E+03,1.046593E+04,1.537635E-01,9.157045E-01,2.718884E+03,6.577268E+03,1.403326E-01,5.754654E-01,1.823011E+03,4.557868E+03,9.409295E-02,3.987801E-01,2.751285E+03,7.636989E+03,1.420049E-01,6.681766E-01,1.842087E+03,8.873075E+03,9.507751E-02,7.763299E-01,3.559912E+03,7.840608E+03,1.837412E-01,6.860040E-01,2.352883E+03,5.369276E+03,1.214416E-01,4.697764E-01,3.576475E+03,8.871396E+03,1.845960E-01,7.761846E-01,2.374595E+03,9.703221E+03,1.225622E-01,8.489693E-01 
16:45:00,2.095939E+03,3.719060E+04,1.081802E-01,3.253896E+00,5.432789E+03,2.573221E+04,2.804089E-01,2.251372E+00,9.598599E+03,3.105388E+04,4.954238E-01,2.716966E+00,4.501743E+03,8.967636E+03,2.323526E-01,7.846144E-01,2.944672E+03,6.035534E+03,1.519861E-01,5.280717E-01,4.510083E+03,9.802425E+03,2.327831E-01,8.576469E-01,2.966618E+03,1.062164E+04,1.531188E-01,9.293270E-01,2.710047E+03,6.536543E+03,1.398765E-01,5.719021E-01,1.817030E+03,4.498304E+03,9.378423E-02,3.935686E-01,2.742217E+03,7.424456E+03,1.415369E-01,6.495818E-01,1.836095E+03,9.037050E+03,9.476824E-02,7.906747E-01,3.545737E+03,7.797833E+03,1.830095E-01,6.822614E-01,2.343484E+03,5.308703E+03,1.209565E-01,4.644767E-01,3.562088E+03,8.658302E+03,1.838535E-01,7.575405E-01,2.365195E+03,9.866907E+03,1.220771E-01,8.632888E-01 
17:00:00,2.080546E+03,3.715035E+04,1.073857E-01,3.250375E+00,5.396634E+03,2.569079E+04,2.785428E-01,2.247748E+00,9.539126E+03,3.093779E+04,4.923542E-01,2.706808E+00,4.483260E+03,8.916609E+03,2.313986E-01,7.801497E-01,2.932552E+03,5.960283E+03,1.513605E-01,5.214877E-01,4.491369E+03,9.584637E+03,2.318172E-01,8.385921E-01,2.954517E+03,1.071973E+04,1.524942E-01,9.379074E-01,2.701489E+03,6.504303E+03,1.394347E-01,5.690814E-01,1.811241E+03,4.434619E+03,9.348545E-02,3.879967E-01,2.733437E+03,7.224088E+03,1.410837E-01,6.320513E-01,1.830296E+03,9.146690E+03,9.446895E-02,8.002656E-01,3.531929E+03,7.763535E+03,1.822968E-01,6.792605E-01,2.334334E+03,5.243896E+03,1.204842E-01,4.588065E-01,3.548077E+03,8.457211E+03,1.831303E-01,7.399467E-01,2.356045E+03,9.976101E+03,1.216048E-01,8.728408E-01 
17:15:00,2.065463E+03,3.710926E+04,1.066072E-01,3.246780E+00,5.361113E+03,2.564851E+04,2.767095E-01,2.244049E+00,9.481267E+03,3.080189E+04,4.893679E-01,2.694917E+00,4.465349E+03,8.867827E+03,2.304742E-01,7.758817E-01,2.920810E+03,5.877649E+03,1.507544E-01,5.142577E-01,4.473237E+03,9.372092E+03,2.308813E-01,8.199962E-01,2.942796E+03,1.074593E+04,1.518892E-01,9.401980E-01,2.693202E+03,6.478427E+03,1.390070E-01,5.668175E-01,1.805640E+03,4.366132E+03,9.319633E-02,3.820045E-01,2.724937E+03,7.033164E+03,1.406450E-01,6.153473E-01,1.824685E+03,9.187902E+03,9.417934E-02,8.038698E-01,3.518478E+03,7.735626E+03,1.816026E-01,6.768189E-01,2.325428E+03,5.174289E+03,1.200245E-01,4.527163E-01,3.534434E+03,8.265450E+03,1.824261E-01,7.231694E-01,2.347138E+03,1.001652E+04,1.211451E-01,8.763752E-01 
17:30:00,2.050687E+03,3.706785E+04,1.058445E-01,3.243156E+00,5.326220E+03,2.560583E+04,2.749085E-01,2.240315E+00,9.424970E+03,3.064680E+04,4.864621E-01,2.681348E+00,4.447990E+03,8.827207E+03,2.295782E-01,7.723279E-01,2.909434E+03,5.788317E+03,1.501673E-01,5.064417E-01,4.455666E+03,9.167750E+03,2.299744E-01,8.021180E-01,2.931439E+03,1.070445E+04,1.513030E-01,9.365669E-01,2.685178E+03,6.464744E+03,1.385929E-01,5.656206E-01,1.800220E+03,4.293563E+03,9.291658E-02,3.756553E-01,2.716710E+03,6.854611E+03,1.402204E-01,5.997257E-01,1.819256E+03,9.164867E+03,9.389912E-02,8.018529E-01,3.505378E+03,7.719962E+03,1.809264E-01,6.754486E-01,2.316759E+03,5.100552E+03,1.195771E-01,4.462648E-01,3.521149E+03,8.085913E+03,1.817405E-01,7.074615E-01,2.338469E+03,9.992298E+03,1.206976E-01,8.742548E-01 
17:45:00,2.036213E+03,3.702658E+04,1.050975E-01,3.239546E+00,5.291944E+03,2.556316E+04,2.731393E-01,2.236581E+00,9.370182E+03,3.047298E+04,4.836343E-01,2.666140E+00,4.431163E+03,8.793704E+03,2.287097E-01,7.693968E-01,2.898410E+03,5.691928E+03,1.495983E-01,4.980082E-01,4.438636E+03,8.973480E+03,2.290954E-01,7.851210E-01,2.920434E+03,1.059312E+04,1.507351E-01,9.268247E-01,2.677409E+03,6.462150E+03,1.381918E-01,5.653939E-01,1.794975E+03,4.216499E+03,9.264587E-02,3.689127E-01,2.708746E+03,6.690005E+03,1.398093E-01,5.853243E-01,1.814002E+03,9.075268E+03,9.362797E-02,7.940123E-01,3.492616E+03,7.715464E+03,1.802678E-01,6.750554E-01,2.308321E+03,5.022290E+03,1.191416E-01,4.394174E-01,3.508213E+03,7.920337E+03,1.810728E-01,6.929752E-01,2.330031E+03,9.901215E+03,1.202621E-01,8.662843E-01 
18:00:00,2.022036E+03,3.698553E+04,1.043657E-01,3.235954E+00,5.258273E+03,2.552049E+04,2.714015E-01,2.232849E+00,9.316852E+03,3.028094E+04,4.808817E-01,2.649338E+00,4.414848E+03,8.763581E+03,2.278676E-01,7.667614E-01,2.887727E+03,5.588194E+03,1.490469E-01,4.889320E-01,4.422127E+03,8.784002E+03,2.282434E-01,7.685433E-01,2.909769E+03,1.040897E+04,1.501846E-01,9.107115E-01,2.669885E+03,6.466869E+03,1.378035E-01,5.658071E-01,1.789899E+03,4.134821E+03,9.238391E-02,3.617665E-01,2.701036E+03,6.534695E+03,1.394114E-01,5.717363E-01,1.808919E+03,8.915982E+03,9.336558E-02,7.800748E-01,3.480185E+03,7.718315E+03,1.796261E-01,6.753051E-01,2.300106E+03,4.939177E+03,1.187176E-01,4.321456E-01,3.495614E+03,7.763437E+03,1.804225E-01,6.792480E-01,2.321817E+03,9.740188E+03,1.198381E-01,8.521942E-01 
18:15:00,2.008148E+03,3.694431E+04,1.036489E-01,3.232348E+00,5.225197E+03,2.547741E+04,2.696943E-01,2.229079E+00,9.264929E+03,3.007100E+04,4.782017E-01,2.630969E+00,4.441352E+03,8.730465E+03,2.292356E-01,7.638643E-01,2.905588E+03,5.484381E+03,1.499687E-01,4.798490E-01,4.448447E+03,8.594576E+03,2.296018E-01,7.519701E-01,2.927648E+03,1.014886E+04,1.511073E-01,8.879527E-01,2.685008E+03,6.472551E+03,1.385841E-01,5.663046E-01,1.799927E+03,4.055265E+03,9.290150E-02,3.548059E-01,2.715982E+03,6.383340E+03,1.401828E-01,5.584942E-01,1.818939E+03,8.683745E+03,9.388277E-02,7.597549E-01,3.503232E+03,7.722051E+03,1.808157E-01,6.756323E-01,2.315547E+03,4.858325E+03,1.195145E-01,4.250716E-01,3.518503E+03,7.610451E+03,1.816038E-01,6.658632E-01,2.337258E+03,9.505945E+03,1.206351E-01,8.316985E-01 
18:30:00,1.994850E+03,3.690208E+04,1.029625E-01,3.228653E+00,5.193149E+03,2.543290E+04,2.680401E-01,2.225185E+00,9.214950E+03,2.984333E+04,4.756221E-01,2.611050E+00,4.468457E+03,8.680324E+03,2.306346E-01,7.594773E-01,2.923842E+03,5.376039E+03,1.509109E-01,4.703699E-01,4.475375E+03,8.401027E+03,2.309917E-01,7.350361E-01,2.945920E+03,9.810841E+03,1.520504E-01,8.583772E-01,2.700430E+03,6.465118E+03,1.393801E-01,5.656544E-01,1.810157E+03,3.973551E+03,9.342950E-02,3.476566E-01,2.731235E+03,6.239507E+03,1.409700E-01,5.459102E-01,1.829161E+03,8.376250E+03,9.441038E-02,7.328505E-01,3.526687E+03,7.712439E+03,1.820263E-01,6.747915E-01,2.331261E+03,4.775174E+03,1.203256E-01,4.177964E-01,3.541808E+03,7.456797E+03,1.828067E-01,6.524198E-01,2.352973E+03,9.196293E+03,1.214462E-01,8.046052E-01 
18:45:00,1.982550E+03,3.685735E+04,1.023277E-01,3.224740E+00,5.162720E+03,2.538543E+04,2.664696E-01,2.221032E+00,9.167792E+03,2.959786E+04,4.731881E-01,2.589574E+00,4.496349E+03,8.589193E+03,2.320741E-01,7.515038E-01,2.942609E+03,5.266179E+03,1.518795E-01,4.607578E-01,4.503099E+03,8.206952E+03,2.324225E-01,7.180560E-01,2.964703E+03,9.379015E+03,1.530199E-01,8.205945E-01,2.716243E+03,6.420610E+03,1.401962E-01,5.617602E-01,1.820647E+03,3.894115E+03,9.397093E-02,3.407065E-01,2.746888E+03,6.092772E+03,1.417780E-01,5.330724E-01,1.839644E+03,7.977338E+03,9.495143E-02,6.979480E-01,3.550682E+03,7.665245E+03,1.832647E-01,6.706622E-01,2.347331E+03,4.692450E+03,1.211550E-01,4.105587E-01,3.565662E+03,7.305654E+03,1.840379E-01,6.391961E-01,2.369043E+03,8.795049E+03,1.222756E-01,7.694982E-01 
19:00:00,1.971427E+03,3.680859E+04,1.017536E-01,3.220474E+00,5.134321E+03,2.533354E+04,2.650038E-01,2.216492E+00,9.123959E+03,2.933450E+04,4.709257E-01,2.566532E+00,4.525154E+03,8.449225E+03,2.335607E-01,7.392570E-01,2.961968E+03,5.153983E+03,1.528786E-01,4.509414E-01,4.531743E+03,8.018733E+03,2.339008E-01,7.015882E-01,2.984078E+03,8.864502E+03,1.540198E-01,7.755772E-01,2.732509E+03,6.330562E+03,1.410357E-01,5.538812E-01,1.831438E+03,3.813023E+03,9.452785E-02,3.336116E-01,2.763004E+03,5.952653E+03,1.426097E-01,5.208132E-01,1.850428E+03,7.497627E+03,9.550798E-02,6.559764E-01,3.575329E+03,7.572192E+03,1.845367E-01,6.625202E-01,2.363827E+03,4.609197E+03,1.220064E-01,4.032747E-01,3.590177E+03,7.163036E+03,1.853031E-01,6.267181E-01,2.385540E+03,8.312934E+03,1.231270E-01,7.273158E-01 
19:15:00,1.961138E+03,3.675470E+04,1.012225E-01,3.215759E+00,5.107241E+03,2.527619E+04,2.636061E-01,2.211474E+00,9.082901E+03,2.905354E+04,4.688065E-01,2.541949E+00,4.554738E+03,8.269405E+03,2.350874E-01,7.235230E-01,2.981831E+03,5.045356E+03,1.539036E-01,4.414374E-01,4.561170E+03,7.842743E+03,2.354194E-01,6.861905E-01,3.003956E+03,8.303709E+03,1.550456E-01,7.265109E-01,2.749125E+03,6.204710E+03,1.418933E-01,5.428693E-01,1.842462E+03,3.736746E+03,9.509679E-02,3.269381E-01,2.779477E+03,5.826705E+03,1.434599E-01,5.097939E-01,1.861444E+03,6.972678E+03,9.607655E-02,6.100468E-01,3.600454E+03,7.442872E+03,1.858334E-01,6.512048E-01,2.380639E+03,4.531107E+03,1.228740E-01,3.964424E-01,3.615175E+03,7.035028E+03,1.865932E-01,6.155186E-01,2.402351E+03,7.785844E+03,1.239946E-01,6.811984E-01 
19:30:00,1.951435E+03,3.669508E+04,1.007217E-01,3.210543E+00,5.081131E+03,2.521268E+04,2.622584E-01,2.205917E+00,9.044326E+03,2.875591E+04,4.668155E-01,2.515909E+00,4.585030E+03,8.059421E+03,2.366506E-01,7.051499E-01,3.002152E+03,4.936948E+03,1.549523E-01,4.319525E-01,4.591306E+03,7.669795E+03,2.369746E-01,6.710590E-01,3.024291E+03,7.729825E+03,1.560950E-01,6.762994E-01,2.766026E+03,6.050364E+03,1.427655E-01,5.293642E-01,1.853676E+03,3.662192E+03,9.567552E-02,3.204152E-01,2.796240E+03,5.706005E+03,1.443250E-01,4.992339E-01,1.872651E+03,6.435931E+03,9.665492E-02,5.630853E-01,3.625966E+03,7.284861E+03,1.871500E-01,6.373790E-01,2.397707E+03,4.454648E+03,1.237548E-01,3.897529E-01,3.640563E+03,6.912244E+03,1.879034E-01,6.047762E-01,2.419419E+03,7.246829E+03,1.248754E-01,6.340380E-01 
19:45:00,1.942198E+03,3.662984E+04,1.002449E-01,3.204834E+00,5.055875E+03,2.514301E+04,2.609549E-01,2.199823E+00,9.008068E+03,2.844411E+04,4.649440E-01,2.488629E+00,4.615990E+03,7.832108E+03,2.382483E-01,6.852607E-01,3.022906E+03,4.832871E+03,1.560233E-01,4.228465E-01,4.622113E+03,7.501996E+03,2.385643E-01,6.563780E-01,3.045059E+03,7.174629E+03,1.571667E-01,6.277235E-01,2.783178E+03,5.880790E+03,1.436508E-01,5.145270E-01,1.865059E+03,3.593254E+03,9.626300E-02,3.143838E-01,2.813260E+03,5.592576E+03,1.452034E-01,4.893100E-01,1.884028E+03,5.918629E+03,9.724205E-02,5.178254E-01,3.651832E+03,7.111256E+03,1.884849E-01,6.221889E-01,2.415009E+03,4.383630E+03,1.246477E-01,3.835394E-01,3.666309E+03,6.796398E+03,1.892321E-01,5.946409E-01,2.436722E+03,6.727236E+03,1.257684E-01,5.885773E-01 
20:00:00,1.933378E+03,3.655995E+04,9.978970E-02,3.198720E+00,5.031420E+03,2.506806E+04,2.596926E-01,2.193265E+00,8.973979E+03,2.812208E+04,4.631846E-01,2.460455E+00,4.647580E+03,7.594164E+03,2.398784E-01,6.644416E-01,3.044068E+03,4.734683E+03,1.571153E-01,4.142559E-01,4.653552E+03,7.343634E+03,2.401867E-01,6.425228E-01,3.066235E+03,6.651717E+03,1.582594E-01,5.819727E-01,2.800564E+03,5.701949E+03,1.445480E-01,4.988791E-01,1.876600E+03,3.530854E+03,9.685858E-02,3.089244E-01,2.830519E+03,5.489630E+03,1.460941E-01,4.803033E-01,1.895562E+03,5.433886E+03,9.783731E-02,4.754147E-01,3.678031E+03,6.928086E+03,1.898369E-01,6.061621E-01,2.432532E+03,4.319173E+03,1.255520E-01,3.779001E-01,3.692391E+03,6.691043E+03,1.905780E-01,5.854233E-01,2.454245E+03,6.240203E+03,1.266727E-01,5.459658E-01 
20:15:00,1.924955E+03,3.648679E+04,9.935500E-02,3.192319E+00,5.007744E+03,2.498906E+04,2.584706E-01,2.186353E+00,8.941926E+03,2.779435E+04,4.615302E-01,2.431780E+00,4.637439E+03,7.355094E+03,2.393546E-01,6.435242E-01,3.037399E+03,4.636686E+03,1.567708E-01,4.056820E-01,4.643262E+03,7.197815E+03,2.396552E-01,6.297649E-01,3.059579E+03,6.174729E+03,1.579156E-01,5.402404E-01,2.795761E+03,5.522416E+03,1.443000E-01,4.831708E-01,1.873349E+03,3.469229E+03,9.669076E-02,3.035329E-01,2.825595E+03,5.399496E+03,1.458398E-01,4.724175E-01,1.892306E+03,4.994864E+03,9.766917E-02,4.370044E-01,3.669391E+03,6.744057E+03,1.893907E-01,5.900605E-01,2.426829E+03,4.255165E+03,1.252575E-01,3.723000E-01,3.683637E+03,6.598426E+03,1.901260E-01,5.773204E-01,2.448543E+03,5.798883E+03,1.263782E-01,5.073542E-01 
20:30:00,1.916606E+03,3.641196E+04,9.892406E-02,3.185772E+00,4.984377E+03,2.490760E+04,2.572646E-01,2.179226E+00,8.911192E+03,2.746538E+04,4.599439E-01,2.402999E+00,4.627732E+03,7.125947E+03,2.388533E-01,6.234753E-01,3.031014E+03,4.544758E+03,1.564410E-01,3.976391E-01,4.633408E+03,7.062983E+03,2.391462E-01,6.179684E-01,3.053207E+03,5.755638E+03,1.575865E-01,5.035738E-01,2.791100E+03,5.352459E+03,1.440593E-01,4.683006E-01,1.870198E+03,3.413596E+03,9.652801E-02,2.986656E-01,2.820816E+03,5.312148E+03,1.455931E-01,4.647757E-01,1.889149E+03,4.613269E+03,9.750613E-02,4.036189E-01,3.660961E+03,6.569546E+03,1.889554E-01,5.747919E-01,2.421268E+03,4.197056E+03,1.249703E-01,3.672161E-01,3.675095E+03,6.516522E+03,1.896849E-01,5.701547E-01,2.442982E+03,5.414857E+03,1.260910E-01,4.737557E-01 
20:45:00,1.907894E+03,3.633744E+04,9.847441E-02,3.179253E+00,4.960689E+03,2.482560E+04,2.560419E-01,2.172051E+00,8.880728E+03,2.713987E+04,4.583715E-01,2.374519E+00,4.618222E+03,6.925443E+03,2.383621E-01,6.059327E-01,3.024761E+03,4.456868E+03,1.561181E-01,3.899494E-01,4.623751E+03,6.935380E+03,2.386475E-01,6.068043E-01,3.046967E+03,5.420289E+03,1.572642E-01,4.742343E-01,2.786470E+03,5.209978E+03,1.438202E-01,4.558348E-01,1.867074E+03,3.359866E+03,9.636668E-02,2.939648E-01,2.816071E+03,5.237025E+03,1.453481E-01,4.582033E-01,1.886019E+03,4.314546E+03,9.734453E-02,3.774840E-01,3.652586E+03,6.422662E+03,1.885229E-01,5.619407E-01,2.415750E+03,4.142493E+03,1.246853E-01,3.624423E-01,3.666608E+03,6.441092E+03,1.892466E-01,5.635555E-01,2.437466E+03,5.113605E+03,1.258062E-01,4.473995E-01 
21:00:00,1.898616E+03,3.626519E+04,9.799553E-02,3.172931E+00,4.936230E+03,2.474480E+04,2.547794E-01,2.164982E+00,8.849878E+03,2.682243E+04,4.567792E-01,2.346747E+00,4.608734E+03,6.758705E+03,2.378722E-01,5.913447E-01,3.018531E+03,4.375130E+03,1.557964E-01,3.827981E-01,4.614120E+03,6.810173E+03,2.381502E-01,5.958500E-01,3.040750E+03,5.168093E+03,1.569432E-01,4.521703E-01,2.781790E+03,5.099878E+03,1.435786E-01,4.462022E-01,1.863924E+03,3.312740E+03,9.620407E-02,2.898418E-01,2.811280E+03,5.165286E+03,1.451007E-01,4.519269E-01,1.882865E+03,4.097984E+03,9.718166E-02,3.585379E-01,3.644134E+03,6.308052E+03,1.880865E-01,5.519136E-01,2.410190E+03,4.093169E+03,1.243982E-01,3.581270E-01,3.658045E+03,6.366771E+03,1.888045E-01,5.570532E-01,2.431907E+03,4.894296E+03,1.255192E-01,4.282129E-01 
21:15:00,1.889093E+03,3.619653E+04,9.750398E-02,3.166924E+00,4.911677E+03,2.466640E+04,2.535122E-01,2.158123E+00,8.819056E+03,2.651731E+04,4.551884E-01,2.320051E+00,4.599361E+03,6.622373E+03,2.373883E-01,5.794174E-01,3.012383E+03,4.296085E+03,1.554789E-01,3.758824E-01,4.604609E+03,6.687412E+03,2.376591E-01,5.851095E-01,3.034615E+03,4.984260E+03,1.566264E-01,4.360877E-01,2.777147E+03,5.017044E+03,1.433389E-01,4.389555E-01,1.860806E+03,3.267715E+03,9.604308E-02,2.859026E-01,2.806530E+03,5.094895E+03,1.448555E-01,4.457686E-01,1.879742E+03,3.948713E+03,9.702045E-02,3.454791E-01,3.635759E+03,6.220768E+03,1.876541E-01,5.442776E-01,2.404686E+03,4.045278E+03,1.241141E-01,3.539370E-01,3.649562E+03,6.292958E+03,1.883666E-01,5.505953E-01,2.426406E+03,4.741968E+03,1.252352E-01,4.148868E-01 
21:30:00,1.879555E+03,3.613199E+04,9.701172E-02,3.161278E+00,4.887352E+03,2.459093E+04,2.522567E-01,2.151520E+00,8.788427E+03,2.622717E+04,4.536075E-01,2.294667E+00,4.590135E+03,6.502973E+03,2.369120E-01,5.689715E-01,3.006337E+03,4.223410E+03,1.551669E-01,3.695240E-01,4.595251E+03,6.574597E+03,2.371761E-01,5.752391E-01,3.028582E+03,4.838393E+03,1.563150E-01,4.233268E-01,2.772592E+03,4.949564E+03,1.431038E-01,4.330523E-01,1.857752E+03,3.227609E+03,9.588541E-02,2.823938E-01,2.801875E+03,5.032272E+03,1.446151E-01,4.402897E-01,1.876684E+03,3.835473E+03,9.686257E-02,3.355729E-01,3.627533E+03,6.148600E+03,1.872295E-01,5.379642E-01,2.399286E+03,4.002127E+03,1.238354E-01,3.501618E-01,3.641234E+03,6.226533E+03,1.879366E-01,5.447838E-01,2.421009E+03,4.625796E+03,1.249565E-01,4.047240E-01 
21:45:00,1.870108E+03,3.607143E+04,9.652408E-02,3.155980E+00,4.863346E+03,2.451828E+04,2.510176E-01,2.145164E+00,8.758044E+03,2.595328E+04,4.520393E-01,2.270705E+00,4.581057E+03,6.390811E+03,2.364434E-01,5.591588E-01,3.000395E+03,4.154366E+03,1.548601E-01,3.634833E-01,4.586048E+03,6.467741E+03,2.367010E-01,5.658902E-01,3.022652E+03,4.708025E+03,1.560089E-01,4.119217E-01,2.768145E+03,4.886512E+03,1.428742E-01,4.275364E-01,1.854773E+03,3.189415E+03,9.573164E-02,2.790522E-01,2.797332E+03,4.972982E+03,1.443806E-01,4.351025E-01,1.873702E+03,3.735878E+03,9.670860E-02,3.268602E-01,3.619473E+03,6.080752E+03,1.868134E-01,5.320286E-01,2.394000E+03,3.960768E+03,1.235625E-01,3.465433E-01,3.633078E+03,6.163181E+03,1.875156E-01,5.392412E-01,2.415726E+03,4.523205E+03,1.246838E-01,3.957493E-01 
22:00:00,1.860784E+03,3.601421E+04,9.604284E-02,3.150974E+00,4.839686E+03,2.444790E+04,2.497965E-01,2.139006E+00,8.727946E+03,2.569536E+04,4.504858E-01,2.248140E+00,4.572132E+03,6.285023E+03,2.359827E-01,5.499035E-01,2.994559E+03,4.088729E+03,1.545588E-01,3.577407E-01,4.577003E+03,6.366470E+03,2.362341E-01,5.570299E-01,3.016828E+03,4.589964E+03,1.557082E-01,4.015930E-01,2.763811E+03,4.826945E+03,1.426504E-01,4.223253E-01,1.851873E+03,3.152844E+03,9.558192E-02,2.758527E-01,2.792906E+03,4.916537E+03,1.441522E-01,4.301642E-01,1.870798E+03,3.646763E+03,9.655870E-02,3.190641E-01,3.611585E+03,6.016246E+03,1.864062E-01,5.263853E-01,2.388830E+03,3.920916E+03,1.232956E-01,3.430567E-01,3.625096E+03,6.102433E+03,1.871036E-01,5.339263E-01,2.410558E+03,4.430967E+03,1.244171E-01,3.876799E-01 
22:15:00,1.624076E+03,3.249285E+04,8.382534E-02,2.826009E+00,4.224298E+03,2.136092E+04,2.180337E-01,1.868919E+00,7.623692E+03,2.236733E+04,3.934906E-01,1.956964E+00,3.996673E+03,5.451840E+03,2.062813E-01,4.770050E-01,2.617660E+03,3.548237E+03,1.351059E-01,3.104508E-01,4.000882E+03,5.525266E+03,2.064986E-01,4.834295E-01,2.637151E+03,3.978567E+03,1.361119E-01,3.478355E-01,2.416414E+03,4.196917E+03,1.247200E-01,3.672022E-01,1.619103E+03,2.742468E+03,8.356782E-02,2.399477E-01,2.441832E+03,4.276828E+03,1.260319E-01,3.741940E-01,1.635661E+03,3.150685E+03,8.442241E-02,2.756613E-01,3.156649E+03,5.235419E+03,1.629254E-01,4.580678E-01,2.087940E+03,3.413116E+03,1.077656E-01,2.986273E-01,3.168430E+03,5.312643E+03,1.635335E-01,4.648246E-01,2.106953E+03,3.848471E+03,1.087470E-01,3.364971E-01 
22:30:00,1.388569E+03,2.980465E+04,7.166985E-02,2.560318E+00,3.611969E+03,1.860906E+04,1.864288E-01,1.622722E+00,6.523293E+03,1.943289E+04,3.366944E-01,1.694240E+00,3.422378E+03,4.712041E+03,1.766401E-01,4.109581E-01,2.241523E+03,3.071267E+03,1.156922E-01,2.678103E-01,3.425941E+03,4.783663E+03,1.768240E-01,4.171156E-01,2.258235E+03,3.435353E+03,1.165548E-01,2.992148E-01,2.069593E+03,3.575315E+03,1.068193E-01,3.128163E-01,1.386720E+03,2.337097E+03,7.157367E-02,2.044805E-01,2.091346E+03,3.645656E+03,1.079420E-01,3.189593E-01,1.400911E+03,2.694904E+03,7.230611E-02,2.353391E-01,2.702752E+03,4.535014E+03,1.394982E-01,3.955760E-01,1.787731E+03,2.960374E+03,9.227084E-02,2.581773E-01,2.712815E+03,4.609146E+03,1.400176E-01,4.019549E-01,1.804030E+03,3.331630E+03,9.311204E-02,2.902067E-01 
22:45:00,1.154252E+03,2.742611E+04,5.957579E-02,2.316155E+00,3.002662E+03,1.614019E+04,1.549799E-01,1.396724E+00,5.426726E+03,1.682295E+04,2.800960E-01,1.455022E+00,2.849229E+03,4.037373E+03,1.470580E-01,3.497459E-01,1.866138E+03,2.635731E+03,9.631737E-02,2.282277E-01,2.852162E+03,4.107336E+03,1.472094E-01,3.556156E-01,1.880067E+03,2.953412E+03,9.703633E-02,2.551873E-01,1.723335E+03,2.983245E+03,8.894763E-02,2.606931E-01,1.154714E+03,1.956808E+03,5.959897E-02,1.709011E-01,1.741435E+03,3.054291E+03,8.988186E-02,2.667188E-01,1.166538E+03,2.265217E+03,6.020929E-02,1.971137E-01,2.249872E+03,3.892413E+03,1.161235E-01,3.373277E-01,1.488190E+03,2.545661E+03,7.681051E-02,2.204946E-01,2.258230E+03,3.965060E+03,1.165549E-01,3.434111E-01,1.501773E+03,2.870676E+03,7.751156E-02,2.480669E-01 
23:00:00,9.211138E+02,2.523293E+04,4.754254E-02,2.084976E+00,2.396339E+03,1.396830E+04,1.236850E-01,1.191616E+00,4.333960E+03,1.452736E+04,2.236938E-01,1.238428E+00,2.277208E+03,3.432168E+03,1.175341E-01,2.936518E-01,1.491490E+03,2.244473E+03,7.698059E-02,1.919075E-01,2.279527E+03,3.500771E+03,1.176538E-01,2.992517E-01,1.502637E+03,2.522873E+03,7.755591E-02,2.150212E-01,1.377626E+03,2.464605E+03,7.110433E-02,2.138309E-01,9.230749E+02,1.620948E+03,4.764325E-02,1.404955E-01,1.392085E+03,2.532676E+03,7.185062E-02,2.194564E-01,9.325339E+02,1.882923E+03,4.813146E-02,1.623740E-01,1.797989E+03,3.314126E+03,9.280031E-02,2.837275E-01,1.189303E+03,2.172254E+03,6.138391E-02,1.858049E-01,1.804653E+03,3.385996E+03,9.314427E-02,2.895715E-01,1.200170E+03,2.457910E+03,6.194479E-02,2.095065E-01 
23:15:00,6.891379E+02,2.314002E+04,3.556929E-02,1.860980E+00,1.792956E+03,1.182323E+04,9.254195E-02,9.885331E-01,3.244954E+03,1.226182E+04,1.674856E-01,1.024469E+00,1.706296E+03,2.844410E+03,8.806746E-02,2.390030E-01,1.117566E+03,1.863413E+03,5.768119E-02,1.564411E-01,1.708014E+03,2.909197E+03,8.815616E-02,2.441522E-01,1.125929E+03,2.109513E+03,5.811280E-02,1.762972E-01,1.032452E+03,1.989167E+03,5.328865E-02,1.701352E-01,6.917940E+02,1.310630E+03,3.570600E-02,1.119652E-01,1.043282E+03,2.050931E+03,5.384757E-02,1.751191E-01,6.988876E+02,1.529195E+03,3.607213E-02,1.298185E-01,1.347081E+03,2.752961E+03,6.952744E-02,2.314659E-01,8.910541E+02,1.807122E+03,4.599030E-02,1.517813E-01,1.352064E+03,2.819818E+03,6.978459E-02,2.367657E-01,8.992050E+02,2.059420E+03,4.641099E-02,1.721317E-01 
23:30:00,4.583064E+02,2.109885E+04,2.365511E-02,1.640743E+00,1.192469E+03,9.744575E+03,6.154831E-02,7.902741E-01,2.159659E+03,1.009277E+04,1.114691E-01,8.178013E-01,1.136471E+03,2.284058E+03,5.865695E-02,1.864899E-01,7.443531E+02,1.500572E+03,3.841845E-02,1.223876E-01,1.137603E+03,2.345841E+03,5.871541E-02,1.912387E-01,7.499294E+02,1.717665E+03,3.870627E-02,1.393014E-01,6.877997E+02,1.510020E+03,3.549985E-02,1.262941E-01,4.608610E+02,9.987811E+02,2.378671E-02,8.340012E-02,6.950091E+02,1.566925E+03,3.587196E-02,1.307343E-01,4.655897E+02,1.183394E+03,2.403077E-02,9.797864E-02,8.971281E+02,2.213189E+03,4.630382E-02,1.808393E-01,5.934303E+02,1.457287E+03,3.062893E-02,1.189166E-01,9.004394E+02,2.276854E+03,4.647473E-02,1.857180E-01,5.988647E+02,1.680085E+03,3.090941E-02,1.362713E-01 
23:45:00,2.286002E+02,1.909684E+04,1.179901E-02,1.423371E+00,5.948320E+02,7.713385E+03,3.070177E-02,5.955012E-01,1.078026E+03,7.986479E+03,5.564144E-02,6.160203E-01,5.677128E+02,1.742575E+03,2.930150E-02,1.354995E-01,3.718358E+02,1.149819E+03,1.919164E-02,8.930853E-02,5.682727E+02,1.800988E+03,2.933040E-02,1.398171E-01,3.746247E+02,1.341213E+03,1.933558E-02,1.035863E-01,3.436535E+02,1.048480E+03,1.773721E-02,8.380458E-02,2.302662E+02,6.971814E+02,1.188487E-02,5.562808E-02,3.472534E+02,1.099036E+03,1.792302E-02,8.759282E-02,2.326304E+02,8.514741E+02,1.200690E-02,6.726113E-02,4.481079E+02,1.688966E+03,2.312837E-02,1.314306E-01,2.964169E+02,1.117296E+03,1.529907E-02,8.682406E-02,4.497586E+02,1.748931E+03,2.321356E-02,1.358486E-01,2.991343E+02,1.313839E+03,1.543933E-02,1.014848E-01 
24:00:00,0.000000E+00,1.712823E+04,0.000000E+00,1.208455E+00,0.000000E+00,5.719430E+03,0.000000E+00,4.034912E-01,0.000000E+00,5.933928E+03,0.000000E+00,4.184632E-01,0.000000E+00,1.217355E+03,0.000000E+00,8.583783E-02,0.000000E+00,8.096077E+02,0.000000E+00,5.708933E-02,0.000000E+00,1.272282E+03,0.000000E+00,8.971212E-02,0.000000E+00,9.780317E+02,0.000000E+00,6.898735E-02,0.000000E+00,5.963859E+02,0.000000E+00,4.208627E-02,0.000000E+00,4.021268E+02,0.000000E+00,2.838566E-02,0.000000E+00,6.409115E+02,0.000000E+00,4.524334E-02,0.000000E+00,5.294388E+02,0.000000E+00,3.737306E-02,0.000000E+00,1.177538E+03,0.000000E+00,8.304100E-02,0.000000E+00,7.856824E+02,0.000000E+00,5.539819E-02,0.000000E+00,1.233739E+03,0.000000E+00,8.699102E-02,0.000000E+00,9.587359E+02,0.000000E+00,6.762403E-02 
Peak,3.149056E+03,4.011409E+04,1.609908E-01,3.489589E+00,7.704070E+03,2.870424E+04,3.929688E-01,2.495684E+00,1.477460E+04,3.133792E+04,7.571850E-01,2.741819E+00,6.353556E+03,9.200845E+03,3.237771E-01,8.050207E-01,4.174380E+03,9.489601E+03,2.127336E-01,8.302792E-01,6.380459E+03,1.158157E+04,3.251441E-01,1.013316E+00,4.194606E+03,1.074593E+04,2.137673E-01,9.401980E-01,3.523588E+03,6.761484E+03,1.807101E-01,5.915842E-01,2.379245E+03,8.569469E+03,1.220534E-01,7.497586E-01,3.573611E+03,9.298854E+03,1.832869E-01,8.135833E-01,2.399842E+03,9.187902E+03,1.231144E-01,8.038698E-01,4.707783E+03,8.036561E+03,2.416619E-01,7.031499E-01,3.129190E+03,9.382045E+03,1.606528E-01,8.208545E-01,4.741510E+03,1.054147E+04,2.433983E-01,9.223108E-01,3.151238E+03,1.001652E+04,1.617887E-01,8.763752E-01 

Peak Vol Flow (m3/s),,,1.337107E-01,2.898274E+00,,,3.263797E-01,2.072787E+00,,,6.288791E-01,2.277215E+00,,,2.689127E-01,6.686089E-01,,,1.766857E-01,6.895873E-01,,,2.700480E-01,8.416087E-01,,,1.775442E-01,7.808803E-01,,,1.500885E-01,4.913395E-01,,,1.013713E-01,6.227111E-01,,,1.522287E-01,6.757206E-01,,,1.022525E-01,6.676531E-01,,,2.007120E-01,5.840003E-01,,,1.334300E-01,6.817597E-01,,,2.021541E-01,7.660241E-01,,,1.343734E-01,7.278724E-01 
