Time,BASEMENT:CHICAGO ANN HTG 99.6% CONDNS DB:Des Heat Load [W],BASEMENT:CHICAGO ANN CLG .4% CONDNS DB=>MWB:Des Sens Cool Load [W],BASEMENT:CHICAGO ANN HTG 99.6% CONDNS DB:Des Heat Mass Flow [kg/s],BASEMENT:CHICAGO ANN CLG .4% CONDNS DB=>MWB:Des Cool Mass Flow [kg/s],CORE_BOTTOM:CHICAGO ANN HTG 99.6% CONDNS DB:Des Heat Load [W],CORE_BOTTOM:CHICAGO ANN CLG .4% CONDNS DB=>MWB:Des Sens Cool Load [W],CORE_BOTTOM:CHICAGO ANN HTG 99.6% CONDNS DB:Des Heat Mass Flow [kg/s],CORE_BOTTOM:CHICAGO ANN CLG .4% CONDNS DB=>MWB:Des Cool Mass Flow [kg/s],CORE_MID:CHICAGO ANN HTG 99.6% CONDNS DB:Des Heat Load [W],CORE_MID:CHICAGO ANN CLG .4% CONDNS DB=>MWB:Des Sens Cool Load [W],CORE_MID:CHICAGO ANN HTG 99.6% CONDNS DB:Des Heat Mass Flow [kg/s],CORE_MID:CHICAGO ANN CLG .4% CONDNS DB=>MWB:Des Cool Mass Flow [kg/s],CORE_TOP:CHICAGO ANN HTG 99.6% CONDNS DB:Des Heat Load [W],CORE_TOP:CHICAGO ANN CLG .4% CONDNS DB=>MWB:Des Sens Cool Load [W],CORE_TOP:CHICAGO ANN HTG 99.6% CONDNS DB:Des Heat Mass Flow [kg/s],CORE_TOP:CHICAGO ANN CLG .4% CONDNS DB=>MWB:Des Cool Mass Flow [kg/s],PERIMETER_BOT_ZN_3:CHICAGO ANN HTG 99.6% CONDNS DB:Des Heat Load [W],PERIMETER_BOT_ZN_3:CHICAGO ANN CLG .4% CONDNS DB=>MWB:Des Sens Cool Load [W],PERIMETER_BOT_ZN_3:CHICAGO ANN HTG 99.6% CONDNS DB:Des Heat Mass Flow [kg/s],PERIMETER_BOT_ZN_3:CHICAGO ANN CLG .4% CONDNS DB=>MWB:Des Cool Mass Flow [kg/s],PERIMETER_BOT_ZN_2:CHICAGO ANN HTG 99.6% CONDNS DB:Des Heat Load [W],PERIMETER_BOT_ZN_2:CHICAGO ANN CLG .4% CONDNS DB=>MWB:Des Sens Cool Load [W],PERIMETER_BOT_ZN_2:CHICAGO ANN HTG 99.6% CONDNS DB:Des Heat Mass Flow [kg/s],PERIMETER_BOT_ZN_2:CHICAGO ANN CLG .4% CONDNS DB=>MWB:Des Cool Mass Flow [kg/s],PERIMETER_BOT_ZN_1:CHICAGO ANN HTG 99.6% CONDNS DB:Des Heat Load [W],PERIMETER_BOT_ZN_1:CHICAGO ANN CLG .4% CONDNS DB=>MWB:Des Sens Cool Load [W],PERIMETER_BOT_ZN_1:CHICAGO ANN HTG 99.6% CONDNS DB:Des Heat Mass Flow [kg/s],PERIMETER_BOT_ZN_1:CHICAGO ANN CLG .4% CONDNS DB=>MWB:Des Cool Mass Flow [kg/s],PERIMETER_BOT_ZN_4:CHICAGO ANN HTG 99.6% CONDNS DB:Des Heat Load [W],PERIMETER_BOT_ZN_4:CHICAGO ANN CLG .4% CONDNS DB=>MWB:Des Sens Cool Load [W],PERIMETER_BOT_ZN_4:CHICAGO ANN HTG 99.6% CONDNS DB:Des Heat Mass Flow [kg/s],PERIMETER_BOT_ZN_4:CHICAGO ANN CLG .4% CONDNS DB=>MWB:Des Cool Mass Flow [kg/s],PERIMETER_MID_ZN_3:CHICAGO ANN HTG 99.6% CONDNS DB:Des Heat Load [W],PERIMETER_MID_ZN_3:CHICAGO ANN CLG .4% CONDNS DB=>MWB:Des Sens Cool Load [W],PERIMETER_MID_ZN_3:CHICAGO ANN HTG 99.6% CONDNS DB:Des Heat Mass Flow [kg/s],PERIMETER_MID_ZN_3:CHICAGO ANN CLG .4% CONDNS DB=>MWB:Des Cool Mass Flow [kg/s],PERIMETER_MID_ZN_2:CHICAGO ANN HTG 99.6% CONDNS DB:Des Heat Load [W],PERIMETER_MID_ZN_2:CHICAGO ANN CLG .4% CONDNS DB=>MWB:Des Sens Cool Load [W],PERIMETER_MID_ZN_2:CHICAGO ANN HTG 99.6% CONDNS DB:Des Heat Mass Flow [kg/s],PERIMETER_MID_ZN_2:CHICAGO ANN CLG .4% CONDNS DB=>MWB:Des Cool Mass Flow [kg/s],PERIMETER_MID_ZN_1:CHICAGO ANN HTG 99.6% CONDNS DB:Des Heat Load [W],PERIMETER_MID_ZN_1:CHICAGO ANN CLG .4% CONDNS DB=>MWB:Des Sens Cool Load [W],PERIMETER_MID_ZN_1:CHICAGO ANN HTG 99.6% CONDNS DB:Des Heat Mass Flow [kg/s],PERIMETER_MID_ZN_1:CHICAGO ANN CLG .4% CONDNS DB=>MWB:Des Cool Mass Flow [kg/s],PERIMETER_MID_ZN_4:CHICAGO ANN HTG 99.6% CONDNS DB:Des Heat Load [W],PERIMETER_MID_ZN_4:CHICAGO ANN CLG .4% CONDNS DB=>MWB:Des Sens Cool Load [W],PERIMETER_MID_ZN_4:CHICAGO ANN HTG 99.6% CONDNS DB:Des Heat Mass Flow [kg/s],PERIMETER_MID_ZN_4:CHICAGO ANN CLG .4% CONDNS DB=>MWB:Des Cool Mass Flow [kg/s],PERIMETER_TOP_ZN_3:CHICAGO ANN HTG 99.6% CONDNS DB:Des Heat Load [W],PERIMETER_TOP_ZN_3:CHICAGO ANN CLG .4% CONDNS DB=>MWB:Des Sens Cool Load [W],PERIMETER_TOP_ZN_3:CHICAGO ANN HTG 99.6% CONDNS DB:Des Heat Mass Flow [kg/s],PERIMETER_TOP_ZN_3:CHICAGO ANN CLG .4% CONDNS DB=>MWB:Des Cool Mass Flow [kg/s],PERIMETER_TOP_ZN_2:CHICAGO ANN HTG 99.6% CONDNS DB:Des Heat Load [W],PERIMETER_TOP_ZN_2:CHICAGO ANN CLG .4% CONDNS DB=>MWB:Des Sens Cool Load [W],PERIMETER_TOP_ZN_2:CHICAGO ANN HTG 99.6% CONDNS DB:Des Heat Mass Flow [kg/s],PERIMETER_TOP_ZN_2:CHICAGO ANN CLG .4% CONDNS DB=>MWB:Des Cool Mass Flow [kg/s],PERIMETER_TOP_ZN_1:CHICAGO ANN HTG 99.6% CONDNS DB:Des Heat Load [W],PERIMETER_TOP_ZN_1:CHICAGO ANN CLG .4% CONDNS DB=>MWB:Des Sens Cool Load [W],PERIMETER_TOP_ZN_1:CHICAGO ANN HTG 99.6% CONDNS DB:Des Heat Mass Flow [kg/s],PERIMETER_TOP_ZN_1:CHICAGO ANN CLG .4% CONDNS DB=>MWB:Des Cool Mass Flow [kg/s],PERIMETER_TOP_ZN_4:CHICAGO ANN HTG 99.6% CONDNS DB:Des Heat Load [W],PERIMETER_TOP_ZN_4:CHICAGO ANN CLG .4% CONDNS DB=>MWB:Des Sens Cool Load [W],PERIMETER_TOP_ZN_4:CHICAGO ANN HTG 99.6% CONDNS DB:Des Heat Mass Flow [kg/s],PERIMETER_TOP_ZN_4:CHICAGO ANN CLG .4% CONDNS DB=>MWB:Des Cool Mass Flow [kg/s]
00:15:00,1.000777E+04,0.000000E+00,5.165428E-01,0.000000E+00,1.295291E+04,0.000000E+00,6.685537E-01,0.000000E+00,1.481774E+05,0.000000E+00,7.648055E+00,0.000000E+00,1.099224E+05,0.000000E+00,5.671677E+00,0.000000E+00,1.575299E+04,0.000000E+00,8.129167E-01,0.000000E+00,1.065280E+04,0.000000E+00,5.497239E-01,0.000000E+00,1.598674E+04,0.000000E+00,8.249794E-01,0.000000E+00,1.063579E+04,0.000000E+00,5.488459E-01,0.000000E+00,1.779517E+05,0.000000E+00,9.183037E+00,0.000000E+00,1.178193E+05,0.000000E+00,6.079924E+00,0.000000E+00,1.792774E+05,0.000000E+00,9.251452E+00,0.000000E+00,1.195212E+05,0.000000E+00,6.167752E+00,0.000000E+00,3.032895E+04,0.000000E+00,1.564713E+00,0.000000E+00,1.977902E+04,0.000000E+00,1.020424E+00,0.000000E+00,3.041575E+04,0.000000E+00,1.569192E+00,0.000000E+00,2.001216E+04,0.000000E+00,1.032452E+00,0.000000E+00
00:30:00,1.000449E+04,0.000000E+00,5.163736E-01,0.000000E+00,1.293877E+04,0.000000E+00,6.678238E-01,0.000000E+00,1.480062E+05,0.000000E+00,7.639217E+00,0.000000E+00,1.100069E+05,0.000000E+00,5.676037E+00,0.000000E+00,1.575111E+04,0.000000E+00,8.128194E-01,0.000000E+00,1.065160E+04,0.000000E+00,5.496619E-01,0.000000E+00,1.598487E+04,0.000000E+00,8.248830E-01,0.000000E+00,1.063459E+04,0.000000E+00,5.487840E-01,0.000000E+00,1.779304E+05,0.000000E+00,9.181942E+00,0.000000E+00,1.178057E+05,0.000000E+00,6.079225E+00,0.000000E+00,1.792564E+05,0.000000E+00,9.250366E+00,0.000000E+00,1.195077E+05,0.000000E+00,6.167053E+00,0.000000E+00,3.033190E+04,0.000000E+00,1.564865E+00,0.000000E+00,1.978090E+04,0.000000E+00,1.020521E+00,0.000000E+00,3.041869E+04,0.000000E+00,1.569343E+00,0.000000E+00,2.001404E+04,0.000000E+00,1.032550E+00,0.000000E+00
00:45:00,1.000124E+04,0.000000E+00,5.162059E-01,0.000000E+00,1.292476E+04,0.000000E+00,6.671008E-01,0.000000E+00,1.478366E+05,0.000000E+00,7.630463E+00,0.000000E+00,1.100883E+05,0.000000E+00,5.680241E+00,0.000000E+00,1.574924E+04,0.000000E+00,8.127230E-01,0.000000E+00,1.065041E+04,0.000000E+00,5.496005E-01,0.000000E+00,1.598302E+04,0.000000E+00,8.247875E-01,0.000000E+00,1.063340E+04,0.000000E+00,5.487225E-01,0.000000E+00,1.779094E+05,0.000000E+00,9.180856E+00,0.000000E+00,1.177923E+05,0.000000E+00,6.078531E+00,0.000000E+00,1.792355E+05,0.000000E+00,9.249289E+00,0.000000E+00,1.194942E+05,0.000000E+00,6.166361E+00,0.000000E+00,3.033476E+04,0.000000E+00,1.565012E+00,0.000000E+00,1.978272E+04,0.000000E+00,1.020615E+00,0.000000E+00,3.042153E+04,0.000000E+00,1.569490E+00,0.000000E+00,2.001586E+04,0.000000E+00,1.032643E+00,0.000000E+00
01:00:00,9.998026E+03,0.000000E+00,5.160399E-01,0.000000E+00,1.291089E+04,0.000000E+00,6.663848E-01,0.000000E+00,1.476686E+05,0.000000E+00,7.621792E+00,0.000000E+00,1.101669E+05,0.000000E+00,5.684293E+00,0.000000E+00,1.574739E+04,0.000000E+00,8.126274E-01,0.000000E+00,1.064923E+04,0.000000E+00,5.495396E-01,0.000000E+00,1.598119E+04,0.000000E+00,8.246929E-01,0.000000E+00,1.063222E+04,0.000000E+00,5.486616E-01,0.000000E+00,1.778885E+05,0.000000E+00,9.179780E+00,0.000000E+00,1.177789E+05,0.000000E+00,6.077843E+00,0.000000E+00,1.792148E+05,0.000000E+00,9.248222E+00,0.000000E+00,1.194809E+05,0.000000E+00,6.165674E+00,0.000000E+00,3.033752E+04,0.000000E+00,1.565155E+00,0.000000E+00,1.978449E+04,0.000000E+00,1.020706E+00,0.000000E+00,3.042427E+04,0.000000E+00,1.569631E+00,0.000000E+00,2.001762E+04,0.000000E+00,1.032734E+00,0.000000E+00
01:15:00,9.998268E+03,0.000000E+00,5.160524E-01,0.000000E+00,1.291182E+04,0.000000E+00,6.664332E-01,0.000000E+00,1.476799E+05,2.833522E+03,7.622376E+00,1.741647E-01,1.102426E+05,0.000000E+00,5.688201E+00,0.000000E+00,1.574754E+04,0.000000E+00,8.126355E-01,0.000000E+00,1.064933E+04,0.000000E+00,5.495448E-01,0.000000E+00,1.598135E+04,0.000000E+00,8.247010E-01,0.000000E+00,1.063232E+04,0.000000E+00,5.486668E-01,0.000000E+00,1.778904E+05,0.000000E+00,9.179876E+00,0.000000E+00,1.177801E+05,0.000000E+00,6.077906E+00,0.000000E+00,1.792167E+05,0.000000E+00,9.248318E+00,0.000000E+00,1.194821E+05,0.000000E+00,6.165736E+00,0.000000E+00,3.034020E+04,0.000000E+00,1.565293E+00,0.000000E+00,1.978620E+04,0.000000E+00,1.020795E+00,0.000000E+00,3.042693E+04,0.000000E+00,1.569769E+00,0.000000E+00,2.001933E+04,0.000000E+00,1.032822E+00,0.000000E+00
01:30:00,9.998507E+03,0.000000E+00,5.160648E-01,0.000000E+00,1.291275E+04,0.000000E+00,6.664811E-01,0.000000E+00,1.476911E+05,9.999886E+03,7.622955E+00,6.130093E-01,1.103156E+05,0.000000E+00,5.691969E+00,0.000000E+00,1.574770E+04,0.000000E+00,8.126434E-01,0.000000E+00,1.064943E+04,0.000000E+00,5.495499E-01,0.000000E+00,1.598150E+04,0.000000E+00,8.247088E-01,0.000000E+00,1.063242E+04,0.000000E+00,5.486720E-01,0.000000E+00,1.778922E+05,0.000000E+00,9.179970E+00,0.000000E+00,1.177813E+05,0.000000E+00,6.077967E+00,0.000000E+00,1.792185E+05,0.000000E+00,9.248412E+00,0.000000E+00,1.194833E+05,0.000000E+00,6.165797E+00,0.000000E+00,3.034279E+04,0.000000E+00,1.565426E+00,0.000000E+00,1.978785E+04,0.000000E+00,1.020880E+00,0.000000E+00,3.042951E+04,0.000000E+00,1.569901E+00,0.000000E+00,2.002098E+04,0.000000E+00,1.032908E+00,0.000000E+00
01:45:00,9.998744E+03,0.000000E+00,5.160770E-01,0.000000E+00,1.291367E+04,0.000000E+00,6.665285E-01,0.000000E+00,1.477022E+05,1.878443E+04,7.623528E+00,1.150943E+00,1.103861E+05,0.000000E+00,5.695603E+00,0.000000E+00,1.574785E+04,0.000000E+00,8.126512E-01,0.000000E+00,1.064953E+04,0.000000E+00,5.495550E-01,0.000000E+00,1.598165E+04,0.000000E+00,8.247166E-01,0.000000E+00,1.063252E+04,0.000000E+00,5.486770E-01,0.000000E+00,1.778940E+05,0.000000E+00,9.180063E+00,0.000000E+00,1.177825E+05,0.000000E+00,6.078027E+00,0.000000E+00,1.792203E+05,0.000000E+00,9.248504E+00,0.000000E+00,1.194845E+05,0.000000E+00,6.165857E+00,0.000000E+00,3.034529E+04,0.000000E+00,1.565556E+00,0.000000E+00,1.978945E+04,0.000000E+00,1.020962E+00,0.000000E+00,3.043200E+04,0.000000E+00,1.570030E+00,0.000000E+00,2.002258E+04,0.000000E+00,1.032990E+00,0.000000E+00
02:00:00,9.998979E+03,0.000000E+00,5.160891E-01,0.000000E+00,1.291458E+04,0.000000E+00,6.665755E-01,0.000000E+00,1.477132E+05,3.049586E+04,7.624096E+00,1.868110E+00,1.104540E+05,0.000000E+00,5.699107E+00,0.000000E+00,1.574800E+04,0.000000E+00,8.126589E-01,0.000000E+00,1.064963E+04,0.000000E+00,5.495599E-01,0.000000E+00,1.598180E+04,0.000000E+00,8.247243E-01,0.000000E+00,1.063261E+04,0.000000E+00,5.486820E-01,0.000000E+00,1.778958E+05,0.000000E+00,9.180154E+00,0.000000E+00,1.177836E+05,0.000000E+00,6.078086E+00,0.000000E+00,1.792220E+05,0.000000E+00,9.248595E+00,0.000000E+00,1.194856E+05,0.000000E+00,6.165916E+00,0.000000E+00,3.034772E+04,0.000000E+00,1.565681E+00,0.000000E+00,1.979100E+04,0.000000E+00,1.021042E+00,0.000000E+00,3.043441E+04,0.000000E+00,1.570154E+00,0.000000E+00,2.002413E+04,0.000000E+00,1.033070E+00,0.000000E+00
02:15:00,9.999211E+03,0.000000E+00,5.161011E-01,0.000000E+00,1.291548E+04,0.000000E+00,6.666221E-01,0.000000E+00,1.477241E+05,4.167534E+04,7.624658E+00,2.552054E+00,1.105195E+05,0.000000E+00,5.702488E+00,0.000000E+00,1.574814E+04,0.000000E+00,8.126665E-01,0.000000E+00,1.064972E+04,0.000000E+00,5.495648E-01,0.000000E+00,1.598194E+04,0.000000E+00,8.247318E-01,0.000000E+00,1.063271E+04,0.000000E+00,5.486869E-01,0.000000E+00,1.778975E+05,0.000000E+00,9.180244E+00,0.000000E+00,1.177847E+05,0.000000E+00,6.078144E+00,0.000000E+00,1.792238E+05,0.000000E+00,9.248684E+00,0.000000E+00,1.194867E+05,0.000000E+00,6.165974E+00,0.000000E+00,3.035007E+04,0.000000E+00,1.565802E+00,0.000000E+00,1.979250E+04,0.000000E+00,1.021120E+00,0.000000E+00,3.043675E+04,0.000000E+00,1.570275E+00,0.000000E+00,2.002562E+04,0.000000E+00,1.033147E+00,0.000000E+00
02:30:00,9.999440E+03,0.000000E+00,5.161129E-01,0.000000E+00,1.291638E+04,0.000000E+00,6.666682E-01,0.000000E+00,1.477349E+05,5.066461E+04,7.625215E+00,3.102527E+00,1.105827E+05,0.000000E+00,5.705748E+00,0.000000E+00,1.574829E+04,0.000000E+00,8.126740E-01,0.000000E+00,1.064981E+04,0.000000E+00,5.495697E-01,0.000000E+00,1.598209E+04,0.000000E+00,8.247393E-01,0.000000E+00,1.063280E+04,0.000000E+00,5.486917E-01,0.000000E+00,1.778993E+05,0.000000E+00,9.180332E+00,0.000000E+00,1.177859E+05,0.000000E+00,6.078201E+00,0.000000E+00,1.792255E+05,0.000000E+00,9.248772E+00,0.000000E+00,1.194878E+05,0.000000E+00,6.166031E+00,0.000000E+00,3.035234E+04,0.000000E+00,1.565919E+00,0.000000E+00,1.979395E+04,0.000000E+00,1.021195E+00,0.000000E+00,3.043901E+04,0.000000E+00,1.570392E+00,0.000000E+00,2.002707E+04,0.000000E+00,1.033222E+00,0.000000E+00
02:45:00,9.999667E+03,0.000000E+00,5.161246E-01,0.000000E+00,1.291726E+04,0.000000E+00,6.667139E-01,0.000000E+00,1.477456E+05,6.003893E+04,7.625766E+00,3.676584E+00,1.106436E+05,0.000000E+00,5.708894E+00,0.000000E+00,1.574843E+04,0.000000E+00,8.126814E-01,0.000000E+00,1.064991E+04,0.000000E+00,5.495744E-01,0.000000E+00,1.598223E+04,0.000000E+00,8.247466E-01,0.000000E+00,1.063289E+04,0.000000E+00,5.486965E-01,0.000000E+00,1.779009E+05,0.000000E+00,9.180419E+00,0.000000E+00,1.177869E+05,0.000000E+00,6.078257E+00,0.000000E+00,1.792271E+05,0.000000E+00,9.248858E+00,0.000000E+00,1.194889E+05,0.000000E+00,6.166087E+00,0.000000E+00,3.035454E+04,0.000000E+00,1.566033E+00,0.000000E+00,1.979536E+04,0.000000E+00,1.021267E+00,0.000000E+00,3.044120E+04,0.000000E+00,1.570505E+00,0.000000E+00,2.002848E+04,0.000000E+00,1.033295E+00,0.000000E+00
03:00:00,9.999892E+03,0.000000E+00,5.161362E-01,0.000000E+00,1.291814E+04,0.000000E+00,6.667591E-01,0.000000E+00,1.477561E+05,6.836375E+04,7.626312E+00,4.186374E+00,1.107024E+05,0.000000E+00,5.711929E+00,0.000000E+00,1.574857E+04,0.000000E+00,8.126887E-01,0.000000E+00,1.065000E+04,0.000000E+00,5.495791E-01,0.000000E+00,1.598237E+04,0.000000E+00,8.247538E-01,0.000000E+00,1.063298E+04,0.000000E+00,5.487012E-01,0.000000E+00,1.779026E+05,0.000000E+00,9.180505E+00,0.000000E+00,1.177880E+05,0.000000E+00,6.078312E+00,0.000000E+00,1.792288E+05,0.000000E+00,9.248943E+00,0.000000E+00,1.194900E+05,4.063048E+00,6.166142E+00,2.491227E-04,3.035668E+04,0.000000E+00,1.566143E+00,0.000000E+00,1.979672E+04,0.000000E+00,1.021337E+00,0.000000E+00,3.044332E+04,0.000000E+00,1.570614E+00,0.000000E+00,2.002984E+04,0.000000E+00,1.033365E+00,0.000000E+00
03:15:00,1.000010E+04,0.000000E+00,5.161472E-01,0.000000E+00,1.291895E+04,0.000000E+00,6.668010E-01,0.000000E+00,1.477659E+05,7.614750E+04,7.626818E+00,4.663032E+00,1.107559E+05,0.000000E+00,5.714687E+00,0.000000E+00,1.574870E+04,0.000000E+00,8.126954E-01,0.000000E+00,1.065008E+04,0.000000E+00,5.495834E-01,0.000000E+00,1.598250E+04,0.000000E+00,8.247605E-01,0.000000E+00,1.063307E+04,0.000000E+00,5.487055E-01,0.000000E+00,1.779041E+05,0.000000E+00,9.180584E+00,0.000000E+00,1.177890E+05,0.000000E+00,6.078363E+00,0.000000E+00,1.792303E+05,0.000000E+00,9.249022E+00,0.000000E+00,1.194910E+05,1.200655E+02,6.166193E+00,7.352653E-03,3.035862E+04,0.000000E+00,1.566243E+00,0.000000E+00,1.979796E+04,0.000000E+00,1.021401E+00,0.000000E+00,3.044525E+04,0.000000E+00,1.570713E+00,0.000000E+00,2.003108E+04,0.000000E+00,1.033429E+00,0.000000E+00
03:30:00,1.000032E+04,0.000000E+00,5.161582E-01,0.000000E+00,1.291975E+04,0.000000E+00,6.668423E-01,0.000000E+00,1.477756E+05,8.343709E+04,7.627319E+00,5.109429E+00,1.108084E+05,0.000000E+00,5.717397E+00,0.000000E+00,1.574883E+04,0.000000E+00,8.127020E-01,0.000000E+00,1.065016E+04,0.000000E+00,5.495877E-01,0.000000E+00,1.598263E+04,0.000000E+00,8.247671E-01,0.000000E+00,1.063315E+04,0.000000E+00,5.487098E-01,0.000000E+00,1.779056E+05,0.000000E+00,9.180662E+00,0.000000E+00,1.177900E+05,0.000000E+00,6.078413E+00,0.000000E+00,1.792318E+05,0.000000E+00,9.249099E+00,0.000000E+00,1.194920E+05,2.455543E+02,6.166243E+00,1.503717E-02,3.036050E+04,0.000000E+00,1.566340E+00,0.000000E+00,1.979916E+04,0.000000E+00,1.021463E+00,0.000000E+00,3.044711E+04,0.000000E+00,1.570810E+00,0.000000E+00,2.003227E+04,0.000000E+00,1.033490E+00,0.000000E+00
03:45:00,1.000052E+04,0.000000E+00,5.161688E-01,0.000000E+00,1.292050E+04,2.885022E+02,6.668811E-01,1.767642E-02,1.477848E+05,9.026776E+04,7.627789E+00,5.527722E+00,1.108570E+05,0.000000E+00,5.719906E+00,0.000000E+00,1.574895E+04,0.000000E+00,8.127082E-01,0.000000E+00,1.065024E+04,0.000000E+00,5.495917E-01,0.000000E+00,1.598275E+04,0.000000E+00,8.247733E-01,0.000000E+00,1.063323E+04,0.000000E+00,5.487138E-01,0.000000E+00,1.779070E+05,0.000000E+00,9.180734E+00,0.000000E+00,1.177909E+05,0.000000E+00,6.078460E+00,0.000000E+00,1.792332E+05,0.000000E+00,9.249171E+00,0.000000E+00,1.194929E+05,4.239618E+02,6.166290E+00,2.596226E-02,3.036222E+04,0.000000E+00,1.566429E+00,0.000000E+00,1.980026E+04,0.000000E+00,1.021520E+00,0.000000E+00,3.044883E+04,0.000000E+00,1.570898E+00,0.000000E+00,2.003338E+04,0.000000E+00,1.033547E+00,0.000000E+00
04:00:00,1.000073E+04,0.000000E+00,5.161796E-01,0.000000E+00,1.292126E+04,6.697478E+02,6.669200E-01,4.102247E-02,1.477939E+05,9.666411E+04,7.628262E+00,5.919418E+00,1.109051E+05,0.000000E+00,5.722388E+00,0.000000E+00,1.574907E+04,0.000000E+00,8.127144E-01,0.000000E+00,1.065032E+04,0.000000E+00,5.495957E-01,0.000000E+00,1.598287E+04,0.000000E+00,8.247794E-01,0.000000E+00,1.063331E+04,0.000000E+00,5.487177E-01,0.000000E+00,1.779084E+05,0.000000E+00,9.180807E+00,0.000000E+00,1.177918E+05,0.000000E+00,6.078507E+00,0.000000E+00,1.792346E+05,0.000000E+00,9.249243E+00,0.000000E+00,1.194938E+05,6.317389E+02,6.166337E+00,3.868561E-02,3.036391E+04,0.000000E+00,1.566516E+00,0.000000E+00,1.980134E+04,0.000000E+00,1.021576E+00,0.000000E+00,3.045050E+04,0.000000E+00,1.570985E+00,0.000000E+00,2.003445E+04,0.000000E+00,1.033603E+00,0.000000E+00
04:15:00,1.000094E+04,0.000000E+00,5.161904E-01,0.000000E+00,1.292202E+04,1.203512E+03,6.669597E-01,7.370819E-02,1.478033E+05,1.026374E+05,7.628745E+00,6.285204E+00,1.109531E+05,0.000000E+00,5.724861E+00,0.000000E+00,1.574919E+04,0.000000E+00,8.127206E-01,0.000000E+00,1.065040E+04,0.000000E+00,5.495997E-01,0.000000E+00,1.598299E+04,0.000000E+00,8.247856E-01,0.000000E+00,1.063338E+04,0.000000E+00,5.487217E-01,0.000000E+00,1.779099E+05,0.000000E+00,9.180880E+00,0.000000E+00,1.177927E+05,0.000000E+00,6.078554E+00,0.000000E+00,1.792360E+05,0.000000E+00,9.249316E+00,0.000000E+00,1.194947E+05,7.693750E+02,6.166384E+00,4.711422E-02,3.036558E+04,0.000000E+00,1.566603E+00,0.000000E+00,1.980240E+04,0.000000E+00,1.021631E+00,0.000000E+00,3.045217E+04,0.000000E+00,1.571071E+00,0.000000E+00,2.003552E+04,0.000000E+00,1.033658E+00,0.000000E+00
04:30:00,1.000115E+04,0.000000E+00,5.162011E-01,0.000000E+00,1.292281E+04,1.877121E+03,6.670000E-01,1.149575E-01,1.478127E+05,1.081841E+05,7.629233E+00,6.624869E+00,1.109995E+05,0.000000E+00,5.727259E+00,0.000000E+00,1.574931E+04,0.000000E+00,8.127269E-01,0.000000E+00,1.065047E+04,0.000000E+00,5.496037E-01,0.000000E+00,1.598311E+04,0.000000E+00,8.247919E-01,0.000000E+00,1.063346E+04,0.000000E+00,5.487258E-01,0.000000E+00,1.779113E+05,0.000000E+00,9.180953E+00,0.000000E+00,1.177936E+05,0.000000E+00,6.078602E+00,0.000000E+00,1.792374E+05,0.000000E+00,9.249389E+00,0.000000E+00,1.194956E+05,9.363594E+02,6.166431E+00,5.734006E-02,3.036722E+04,0.000000E+00,1.566687E+00,0.000000E+00,1.980345E+04,0.000000E+00,1.021685E+00,0.000000E+00,3.045380E+04,0.000000E+00,1.571155E+00,0.000000E+00,2.003656E+04,0.000000E+00,1.033712E+00,0.000000E+00
04:45:00,1.000135E+04,0.000000E+00,5.162117E-01,0.000000E+00,1.292359E+04,2.388336E+03,6.670405E-01,1.462529E-01,1.478222E+05,1.133033E+05,7.629723E+00,6.938355E+00,1.110448E+05,0.000000E+00,5.729596E+00,0.000000E+00,1.574944E+04,0.000000E+00,8.127332E-01,0.000000E+00,1.065055E+04,0.000000E+00,5.496078E-01,0.000000E+00,1.598323E+04,0.000000E+00,8.247981E-01,0.000000E+00,1.063354E+04,0.000000E+00,5.487299E-01,0.000000E+00,1.779127E+05,0.000000E+00,9.181027E+00,0.000000E+00,1.177945E+05,0.000000E+00,6.078649E+00,0.000000E+00,1.792388E+05,0.000000E+00,9.249462E+00,0.000000E+00,1.194965E+05,1.086518E+03,6.166479E+00,6.653562E-02,3.036884E+04,0.000000E+00,1.566770E+00,0.000000E+00,1.980448E+04,0.000000E+00,1.021738E+00,0.000000E+00,3.045540E+04,0.000000E+00,1.571237E+00,0.000000E+00,2.003759E+04,0.000000E+00,1.033765E+00,0.000000E+00
05:00:00,1.000155E+04,0.000000E+00,5.162216E-01,0.000000E+00,1.292430E+04,2.933721E+03,6.670772E-01,1.796504E-01,1.478308E+05,1.180125E+05,7.630167E+00,7.226730E+00,1.110853E+05,0.000000E+00,5.731685E+00,0.000000E+00,1.574955E+04,0.000000E+00,8.127390E-01,0.000000E+00,1.065063E+04,0.000000E+00,5.496115E-01,0.000000E+00,1.598334E+04,0.000000E+00,8.248038E-01,0.000000E+00,1.063361E+04,0.000000E+00,5.487336E-01,0.000000E+00,1.779140E+05,0.000000E+00,9.181094E+00,0.000000E+00,1.177954E+05,0.000000E+00,6.078692E+00,0.000000E+00,1.792401E+05,0.000000E+00,9.249529E+00,0.000000E+00,1.194974E+05,1.273071E+03,6.166522E+00,7.796004E-02,3.037029E+04,0.000000E+00,1.566845E+00,0.000000E+00,1.980541E+04,0.000000E+00,1.021786E+00,0.000000E+00,3.045685E+04,0.000000E+00,1.571312E+00,0.000000E+00,2.003852E+04,0.000000E+00,1.033813E+00,0.000000E+00
05:15:00,1.000174E+04,0.000000E+00,5.162315E-01,0.000000E+00,1.292499E+04,3.467489E+03,6.671130E-01,2.123366E-01,1.478392E+05,1.224755E+05,7.630602E+00,7.500027E+00,1.111250E+05,0.000000E+00,5.733732E+00,0.000000E+00,1.574966E+04,0.000000E+00,8.127446E-01,0.000000E+00,1.065069E+04,0.000000E+00,5.496151E-01,0.000000E+00,1.598345E+04,0.000000E+00,8.248094E-01,0.000000E+00,1.063368E+04,0.000000E+00,5.487372E-01,0.000000E+00,1.779153E+05,0.000000E+00,9.181159E+00,0.000000E+00,1.177962E+05,1.204631E+03,6.078734E+00,7.378777E-02,1.792414E+05,0.000000E+00,9.249594E+00,0.000000E+00,1.194982E+05,1.614245E+03,6.166564E+00,9.885336E-02,3.037170E+04,0.000000E+00,1.566918E+00,0.000000E+00,1.980631E+04,0.000000E+00,1.021832E+00,0.000000E+00,3.045825E+04,0.000000E+00,1.571384E+00,0.000000E+00,2.003942E+04,0.000000E+00,1.033859E+00,0.000000E+00
05:30:00,1.000192E+04,0.000000E+00,5.162409E-01,0.000000E+00,1.292563E+04,4.020445E+03,6.671460E-01,2.461975E-01,1.478470E+05,1.270624E+05,7.631003E+00,7.780897E+00,1.111612E+05,0.000000E+00,5.735602E+00,0.000000E+00,1.574976E+04,0.000000E+00,8.127497E-01,0.000000E+00,1.065076E+04,1.740650E+02,5.496184E-01,1.072347E-02,1.598355E+04,0.000000E+00,8.248145E-01,0.000000E+00,1.063375E+04,0.000000E+00,5.487405E-01,0.000000E+00,1.779164E+05,2.140946E+03,9.181219E+00,1.311577E-01,1.177969E+05,4.822625E+03,6.078773E+00,2.953834E-01,1.792425E+05,0.000000E+00,9.249654E+00,0.000000E+00,1.194989E+05,2.189159E+03,6.166603E+00,1.340606E-01,3.037298E+04,0.000000E+00,1.566984E+00,0.000000E+00,1.980713E+04,6.481482E+01,1.021875E+00,4.001159E-03,3.045952E+04,0.000000E+00,1.571450E+00,0.000000E+00,2.004023E+04,0.000000E+00,1.033901E+00,0.000000E+00
05:45:00,1.000211E+04,0.000000E+00,5.162505E-01,0.000000E+00,1.292627E+04,4.618526E+03,6.671789E-01,2.828219E-01,1.478548E+05,1.318172E+05,7.631405E+00,8.072043E+00,1.111971E+05,0.000000E+00,5.737456E+00,0.000000E+00,1.574986E+04,7.759724E+01,8.127548E-01,4.817800E-03,1.065082E+04,6.523370E+02,5.496217E-01,4.007367E-02,1.598365E+04,0.000000E+00,8.248196E-01,0.000000E+00,1.063381E+04,0.000000E+00,5.487438E-01,0.000000E+00,1.779176E+05,7.143997E+03,9.181279E+00,4.375675E-01,1.177977E+05,1.246039E+04,6.078812E+00,7.632342E-01,1.792437E+05,5.633707E+02,9.249713E+00,3.452801E-02,1.194997E+05,3.035700E+03,6.166641E+00,1.859032E-01,3.037423E+04,0.000000E+00,1.567049E+00,0.000000E+00,1.980793E+04,4.584822E+02,1.021916E+00,2.819785E-02,3.046076E+04,0.000000E+00,1.571514E+00,0.000000E+00,2.004103E+04,0.000000E+00,1.033942E+00,0.000000E+00
06:00:00,1.000229E+04,0.000000E+00,5.162602E-01,0.000000E+00,1.292694E+04,5.272855E+03,6.672135E-01,3.228907E-01,1.478629E+05,1.372793E+05,7.631824E+00,8.406515E+00,1.112333E+05,0.000000E+00,5.739321E+00,0.000000E+00,1.574996E+04,3.945610E+02,8.127601E-01,2.423067E-02,1.065089E+04,1.507103E+03,5.496251E-01,9.243637E-02,1.598375E+04,0.000000E+00,8.248249E-01,0.000000E+00,1.063388E+04,0.000000E+00,5.487472E-01,0.000000E+00,1.779188E+05,1.401195E+04,9.181341E+00,8.582271E-01,1.177985E+05,2.405677E+04,6.078851E+00,1.473653E+00,1.792449E+05,1.933189E+03,9.249774E+00,1.184148E-01,1.195004E+05,4.162909E+03,6.166681E+00,2.549358E-01,3.037549E+04,2.177267E+02,1.567114E+00,1.339415E-02,1.980873E+04,1.300522E+03,1.021957E+00,7.978387E-02,3.046201E+04,0.000000E+00,1.571578E+00,0.000000E+00,2.004183E+04,0.000000E+00,1.033984E+00,0.000000E+00
06:15:00,1.000248E+04,1.606073E+04,5.162698E-01,1.317532E+00,1.292763E+04,4.231936E+04,6.672489E-01,2.835343E+00,1.478713E+05,4.562336E+05,7.632254E+00,2.976133E+01,1.029314E+05,2.860795E+04,5.310965E+00,2.025289E+00,1.511047E+04,5.754191E+03,7.797601E-01,3.956582E-01,1.022242E+04,6.945818E+03,5.275145E-01,4.903503E-01,1.534426E+04,4.519192E+03,7.918248E-01,3.153117E-01,1.020541E+04,3.061490E+03,5.266366E-01,2.106977E-01,1.715010E+05,8.093058E+04,8.850157E+00,5.644003E+00,1.134984E+05,8.291566E+04,5.856953E+00,5.826604E+00,1.728271E+05,4.589282E+04,8.918590E+00,3.047753E+00,1.152004E+05,3.729619E+04,5.944782E+00,2.545209E+00,2.869973E+04,6.109415E+03,1.480659E+00,4.280995E-01,1.871240E+04,6.988338E+03,9.653961E-01,4.975732E-01,2.878624E+04,4.416916E+03,1.485123E+00,3.145468E-01,1.894550E+04,3.171371E+03,9.774223E-01,2.244071E-01
06:30:00,1.000267E+04,2.763574E+04,5.162794E-01,2.449740E+00,1.292833E+04,6.952349E+04,6.672849E-01,5.484024E+00,1.478797E+05,7.604742E+05,7.632690E+00,6.005448E+01,9.461866E+04,5.403096E+04,4.882138E+00,4.479017E+00,1.447058E+04,1.108983E+04,7.467434E-01,9.064911E-01,9.793681E+03,1.208432E+04,5.053931E-01,9.851664E-01,1.470437E+04,8.792236E+03,7.588084E-01,7.259920E-01,9.776668E+03,6.017492E+03,5.045152E-01,4.943254E-01,1.650796E+05,1.387520E+05,8.518832E+00,1.124261E+01,1.091960E+05,1.365148E+05,5.634960E+00,1.104050E+01,1.664057E+05,9.572812E+04,8.587266E+00,7.824544E+00,1.108980E+05,7.062961E+04,5.722790E+00,5.767102E+00,2.702284E+04,1.173107E+04,1.394168E+00,9.660676E-01,1.761534E+04,1.239291E+04,9.088118E-01,1.013870E+00,2.710935E+04,8.907473E+03,1.398632E+00,7.467549E-01,1.784845E+04,6.289531E+03,9.208383E-01,5.239344E-01
06:45:00,1.000285E+04,3.976606E+04,5.162889E-01,3.638303E+00,1.292902E+04,9.466946E+04,6.673210E-01,7.999052E+00,1.478882E+05,1.038388E+06,7.633126E+00,8.856182E+01,8.630518E+04,7.793745E+04,4.453306E+00,6.822222E+00,1.383039E+04,1.574540E+04,7.137166E-01,1.365428E+00,9.364738E+03,1.670814E+04,4.832647E-01,1.455325E+00,1.406418E+04,1.273501E+04,7.257815E-01,1.112376E+00,9.347725E+03,8.716053E+03,4.823868E-01,7.587683E-01,1.586547E+05,1.871363E+05,8.187383E+00,1.616595E+01,1.048911E+05,1.837996E+05,5.412885E+00,1.594852E+01,1.599807E+05,1.406205E+05,8.255817E+00,1.224440E+01,1.065930E+05,1.004192E+05,5.500715E+00,8.729072E+00,2.534502E+04,1.676102E+04,1.307655E+00,1.458892E+00,1.651767E+04,1.727460E+04,8.522132E-01,1.506131E+00,2.543153E+04,1.306269E+04,1.312119E+00,1.153987E+00,1.675077E+04,9.144257E+03,8.642399E-01,8.036896E-01
07:00:00,1.000303E+04,4.986118E+04,5.162983E-01,4.627522E+00,1.292972E+04,1.161999E+05,6.673568E-01,1.016694E+01,1.478965E+05,1.278926E+06,7.633558E+00,1.134769E+02,7.798614E+04,9.872360E+04,4.024226E+00,8.860008E+00,1.318977E+04,1.949235E+04,6.806738E-01,1.744287E+00,8.935509E+03,2.081942E+04,4.611258E-01,1.889456E+00,1.342356E+04,1.621476E+04,6.927388E-01,1.453444E+00,8.918496E+03,1.108775E+04,4.602478E-01,9.912236E-01,1.522252E+05,2.270342E+05,7.855781E+00,2.032784E+01,1.005832E+05,2.259348E+05,5.190709E+00,2.050131E+01,1.535513E+05,1.795732E+05,7.924215E+00,1.611264E+01,1.022852E+05,1.263817E+05,5.278540E+00,1.132954E+01,2.366610E+04,2.092579E+04,1.221112E+00,1.875000E+00,1.541928E+04,2.159674E+04,7.955957E-01,1.960457E+00,2.375260E+04,1.677076E+04,1.225576E+00,1.517461E+00,1.565238E+04,1.168150E+04,8.076228E-01,1.052380E+00
07:15:00,1.000323E+04,4.376768E+04,5.163083E-01,4.286663E+00,1.293056E+04,1.001439E+05,6.674001E-01,9.750641E+00,1.479066E+05,1.192937E+06,7.634080E+00,1.161355E+02,7.200367E+04,1.031484E+05,3.715679E+00,1.007252E+01,1.318841E+04,1.788624E+04,6.806232E-01,1.740677E+00,8.934583E+03,2.040607E+04,4.610921E-01,1.983904E+00,1.342219E+04,1.505086E+04,6.926882E-01,1.466955E+00,8.917571E+03,1.030152E+04,4.602141E-01,1.003500E+00,1.522112E+05,2.036904E+05,7.855293E+00,1.981180E+01,1.005738E+05,2.203485E+05,5.190384E+00,2.141183E+01,1.535372E+05,1.744356E+05,7.923727E+00,1.698791E+01,1.022757E+05,1.190097E+05,5.278216E+00,1.158558E+01,2.366058E+04,1.912177E+04,1.220919E+00,1.860862E+00,1.541575E+04,2.116039E+04,7.954736E-01,2.057197E+00,2.374707E+04,1.594366E+04,1.225382E+00,1.554738E+00,1.564884E+04,1.095321E+04,8.075011E-01,1.067400E+00
07:30:00,1.000343E+04,4.207122E+04,5.163186E-01,4.122434E+00,1.293146E+04,9.320119E+04,6.674465E-01,9.132477E+00,1.479174E+05,1.112767E+06,7.634637E+00,1.090333E+02,6.550784E+04,1.112893E+05,3.380591E+00,1.090858E+01,1.318723E+04,1.611049E+04,6.805806E-01,1.578674E+00,8.933780E+03,2.015336E+04,4.610634E-01,1.974157E+00,1.342100E+04,1.408022E+04,6.926454E-01,1.379886E+00,8.916769E+03,9.575853E+03,4.601854E-01,9.384270E-01,1.521987E+05,1.852299E+05,7.854864E+00,1.814871E+01,1.005654E+05,2.181047E+05,5.190097E+00,2.136287E+01,1.535246E+05,1.626590E+05,7.923297E+00,1.594056E+01,1.022672E+05,1.105506E+05,5.277928E+00,1.083300E+01,2.364829E+04,1.740759E+04,1.220360E+00,1.705798E+00,1.540802E+04,2.100824E+04,7.951237E-01,2.057936E+00,2.373475E+04,1.499567E+04,1.224822E+00,1.469691E+00,1.564108E+04,1.023496E+04,8.071509E-01,1.003052E+00
07:45:00,1.000362E+04,3.973974E+04,5.163287E-01,3.894033E+00,1.293235E+04,8.771934E+04,6.674927E-01,8.595720E+00,1.479282E+05,1.051492E+06,7.635193E+00,1.030357E+02,5.885164E+04,1.207431E+05,3.037197E+00,1.183497E+01,1.318622E+04,1.486401E+04,6.805427E-01,1.456585E+00,8.933098E+03,2.009659E+04,4.610381E-01,1.969048E+00,1.341998E+04,1.344663E+04,6.926076E-01,1.317779E+00,8.916087E+03,9.092926E+03,4.601601E-01,8.910999E-01,1.521885E+05,1.724677E+05,7.854504E+00,1.689990E+01,1.005585E+05,2.181958E+05,5.189856E+00,2.137786E+01,1.535144E+05,1.551216E+05,7.922938E+00,1.520188E+01,1.022603E+05,1.050277E+05,5.277689E+00,1.029217E+01,2.362808E+04,1.622146E+04,1.219366E+00,1.589658E+00,1.539536E+04,2.106965E+04,7.945024E-01,2.064469E+00,2.371450E+04,1.439446E+04,1.223826E+00,1.410743E+00,1.562841E+04,9.766371E+03,8.065295E-01,9.571336E-01
08:00:00,1.000381E+04,3.936914E+04,5.163385E-01,3.857694E+00,1.293323E+04,8.533439E+04,6.675381E-01,8.362011E+00,1.479388E+05,1.020672E+06,7.635742E+00,1.000162E+02,5.207205E+04,1.331518E+05,2.687395E+00,1.305037E+01,1.318555E+04,1.426250E+04,6.805167E-01,1.397607E+00,8.932645E+03,2.016661E+04,4.610206E-01,1.976053E+00,1.341931E+04,1.336993E+04,6.925816E-01,1.310192E+00,8.915634E+03,8.930764E+03,4.601426E-01,8.751666E-01,1.521818E+05,1.659142E+05,7.854258E+00,1.625789E+01,1.005540E+05,2.196173E+05,5.189688E+00,2.151920E+01,1.535078E+05,1.534883E+05,7.922692E+00,1.504104E+01,1.022558E+05,1.027780E+05,5.277522E+00,1.007147E+01,2.360136E+04,1.566168E+04,1.218008E+00,1.534780E+00,1.537863E+04,2.126957E+04,7.936532E-01,2.084227E+00,2.368775E+04,1.433781E+04,1.222467E+00,1.405109E+00,1.561167E+04,9.608785E+03,8.056798E-01,9.416491E-01
08:15:00,1.000398E+04,3.905648E+04,5.163471E-01,3.827043E+00,1.293393E+04,8.373164E+04,6.675740E-01,8.204919E+00,1.479473E+05,9.973560E+05,7.636181E+00,9.773106E+01,5.192089E+04,1.461025E+05,2.679635E+00,1.431893E+01,1.318516E+04,1.396662E+04,6.805011E-01,1.368617E+00,8.932385E+03,2.017054E+04,4.610100E-01,1.976519E+00,1.341892E+04,1.359340E+04,6.925659E-01,1.332068E+00,8.915373E+03,8.866219E+03,4.601320E-01,8.688298E-01,1.521782E+05,1.623166E+05,7.854112E+00,1.590566E+01,1.005515E+05,2.204857E+05,5.189587E+00,2.160533E+01,1.535041E+05,1.549744E+05,7.922545E+00,1.518641E+01,1.022534E+05,1.015433E+05,5.277422E+00,9.950468E+00,2.357247E+04,1.539773E+04,1.216523E+00,1.508934E+00,1.536054E+04,2.141822E+04,7.927230E-01,2.098893E+00,2.365886E+04,1.458490E+04,1.220982E+00,1.429305E+00,1.559357E+04,9.550113E+03,8.047491E-01,9.358947E-01
08:30:00,1.000413E+04,3.876651E+04,5.163550E-01,3.798621E+00,1.293453E+04,8.247599E+04,6.676052E-01,8.081872E+00,1.479548E+05,9.777517E+05,7.636567E+00,9.580997E+01,5.226611E+04,1.596325E+05,2.697449E+00,1.564451E+01,1.318495E+04,1.387121E+04,6.804917E-01,1.359282E+00,8.932238E+03,2.012393E+04,4.610036E-01,1.971979E+00,1.341871E+04,1.409603E+04,6.925566E-01,1.381329E+00,8.915226E+03,8.853633E+03,4.601256E-01,8.676002E-01,1.521762E+05,1.606717E+05,7.854023E+00,1.574468E+01,1.005501E+05,2.209615E+05,5.189525E+00,2.165230E+01,1.535021E+05,1.593699E+05,7.922456E+00,1.561723E+01,1.022520E+05,1.008783E+05,5.277360E+00,9.885382E+00,2.354731E+04,1.533431E+04,1.215225E+00,1.502742E+00,1.534475E+04,2.153395E+04,7.919078E-01,2.110265E+00,2.363373E+04,1.512503E+04,1.219685E+00,1.482251E+00,1.557777E+04,9.551362E+03,8.039338E-01,9.360258E-01
08:45:00,1.000428E+04,3.849383E+04,5.163625E-01,3.771897E+00,1.293512E+04,8.145686E+04,6.676354E-01,7.982019E+00,1.479621E+05,9.609014E+05,7.636944E+00,9.415896E+01,5.270631E+04,1.736465E+05,2.720159E+00,1.701770E+01,1.318482E+04,1.386289E+04,6.804859E-01,1.358472E+00,8.932150E+03,2.006348E+04,4.609995E-01,1.966052E+00,1.341858E+04,1.484254E+04,6.925508E-01,1.454488E+00,8.915138E+03,8.866617E+03,4.601216E-01,8.688739E-01,1.521749E+05,1.598622E+05,7.853965E+00,1.566538E+01,1.005493E+05,2.213649E+05,5.189483E+00,2.169182E+01,1.535008E+05,1.663241E+05,7.922397E+00,1.629876E+01,1.022511E+05,1.005188E+05,5.277319E+00,9.850169E+00,2.352783E+04,1.536350E+04,1.214219E+00,1.505607E+00,1.533247E+04,2.165001E+04,7.912739E-01,2.121631E+00,2.361431E+04,1.592767E+04,1.218682E+00,1.560918E+00,1.556550E+04,9.588524E+03,8.033000E-01,9.396696E-01
09:00:00,1.000441E+04,3.823636E+04,5.163697E-01,3.746664E+00,1.293570E+04,8.060729E+04,6.676658E-01,7.898780E+00,1.479694E+05,9.461764E+05,7.637322E+00,9.271621E+01,5.321031E+04,1.880803E+05,2.746162E+00,1.843207E+01,1.318474E+04,1.389699E+04,6.804826E-01,1.361812E+00,8.932097E+03,1.996970E+04,4.609971E-01,1.956854E+00,1.341850E+04,1.575155E+04,6.925473E-01,1.543567E+00,8.915086E+03,8.899001E+03,4.601191E-01,8.720449E-01,1.521742E+05,1.594799E+05,7.853928E+00,1.562787E+01,1.005487E+05,2.214349E+05,5.189456E+00,2.169863E+01,1.535001E+05,1.750229E+05,7.922360E+00,1.715118E+01,1.022506E+05,1.004039E+05,5.277291E+00,9.838876E+00,2.351328E+04,1.544574E+04,1.213468E+00,1.513662E+00,1.532327E+04,2.174073E+04,7.907992E-01,2.130511E+00,2.359984E+04,1.691445E+04,1.217936E+00,1.657623E+00,1.555629E+04,9.656230E+03,8.028253E-01,9.463014E-01
09:15:00,1.000455E+04,3.799287E+04,5.163767E-01,3.722804E+00,1.293633E+04,7.987988E+04,6.676982E-01,7.827509E+00,1.479772E+05,9.331026E+05,7.637722E+00,9.143521E+01,5.041255E+04,1.800100E+05,2.601766E+00,1.764111E+01,1.318471E+04,1.396792E+04,6.804810E-01,1.368760E+00,8.932070E+03,1.979715E+04,4.609959E-01,1.939943E+00,1.341847E+04,1.672804E+04,6.925457E-01,1.639254E+00,8.915058E+03,8.951193E+03,4.601179E-01,8.771569E-01,1.521737E+05,1.595021E+05,7.853907E+00,1.563002E+01,1.005484E+05,2.206594E+05,5.189440E+00,2.162262E+01,1.534996E+05,1.845342E+05,7.922339E+00,1.808321E+01,1.022502E+05,1.005337E+05,5.277275E+00,9.851574E+00,2.350068E+04,1.556694E+04,1.212818E+00,1.525536E+00,1.531528E+04,2.174665E+04,7.903872E-01,2.131087E+00,2.358731E+04,1.798203E+04,1.217289E+00,1.762244E+00,1.554831E+04,9.747211E+03,8.024133E-01,9.552145E-01
09:30:00,1.000468E+04,3.776231E+04,5.163836E-01,3.700211E+00,1.293698E+04,7.923852E+04,6.677314E-01,7.764667E+00,1.479851E+05,9.212904E+05,7.638130E+00,9.027779E+01,4.735632E+04,1.701670E+05,2.444043E+00,1.667613E+01,1.318470E+04,1.405821E+04,6.804806E-01,1.377607E+00,8.932059E+03,1.955614E+04,4.609954E-01,1.916326E+00,1.341845E+04,1.770740E+04,6.925452E-01,1.735223E+00,8.915047E+03,9.013990E+03,4.601174E-01,8.833096E-01,1.521735E+05,1.597670E+05,7.853898E+00,1.565597E+01,1.005482E+05,2.191126E+05,5.189431E+00,2.147104E+01,1.534994E+05,1.942455E+05,7.922329E+00,1.903483E+01,1.022500E+05,1.008107E+05,5.277267E+00,9.878710E+00,2.348676E+04,1.569381E+04,1.212100E+00,1.537969E+00,1.530648E+04,2.166299E+04,7.899331E-01,2.122889E+00,2.357344E+04,1.905231E+04,1.216574E+00,1.867128E+00,1.553950E+04,9.841226E+03,8.019590E-01,9.644270E-01
09:45:00,1.000482E+04,3.754375E+04,5.163903E-01,3.678794E+00,1.293762E+04,7.865861E+04,6.677648E-01,7.707845E+00,1.479930E+05,9.104692E+05,7.638538E+00,8.921746E+01,4.424145E+04,1.599761E+05,2.283295E+00,1.567713E+01,1.318470E+04,1.415637E+04,6.804811E-01,1.387226E+00,8.932060E+03,1.925453E+04,4.609956E-01,1.886770E+00,1.341846E+04,1.864865E+04,6.925457E-01,1.827457E+00,8.915049E+03,9.080994E+03,4.601176E-01,8.898755E-01,1.521735E+05,1.601644E+05,7.853897E+00,1.569493E+01,1.005481E+05,2.168561E+05,5.189428E+00,2.124991E+01,1.534993E+05,2.037712E+05,7.922327E+00,1.996826E+01,1.022500E+05,1.011670E+05,5.277264E+00,9.913634E+00,2.347017E+04,1.581265E+04,1.211244E+00,1.549616E+00,1.529602E+04,2.149414E+04,7.893936E-01,2.106340E+00,2.355690E+04,2.008397E+04,1.215720E+00,1.968226E+00,1.552904E+04,9.929894E+03,8.014193E-01,9.731164E-01
10:00:00,1.000494E+04,3.733623E+04,5.163970E-01,3.658460E+00,1.293827E+04,7.812318E+04,6.677984E-01,7.655381E+00,1.480009E+05,9.004462E+05,7.638947E+00,8.823535E+01,4.108206E+04,1.495038E+05,2.120249E+00,1.465074E+01,1.318472E+04,1.425710E+04,6.804822E-01,1.397098E+00,8.932070E+03,1.889445E+04,4.609961E-01,1.851484E+00,1.341848E+04,1.952782E+04,6.925467E-01,1.913605E+00,8.915058E+03,9.149091E+03,4.601181E-01,8.965488E-01,1.521735E+05,1.606423E+05,7.853901E+00,1.574177E+01,1.005481E+05,2.138981E+05,5.189429E+00,2.096005E+01,1.534994E+05,2.128780E+05,7.922331E+00,2.086063E+01,1.022500E+05,1.015689E+05,5.277265E+00,9.953020E+00,2.345093E+04,1.592261E+04,1.210251E+00,1.560392E+00,1.528391E+04,2.124381E+04,7.887685E-01,2.081807E+00,2.353770E+04,2.105782E+04,1.214730E+00,2.063656E+00,1.551693E+04,1.001246E+04,8.007941E-01,9.812081E-01
10:15:00,1.000507E+04,3.713873E+04,5.164034E-01,3.639107E+00,1.293890E+04,7.762041E+04,6.678307E-01,7.606117E+00,1.480086E+05,8.910796E+05,7.639341E+00,8.731755E+01,4.160502E+04,1.464638E+05,2.147246E+00,1.435280E+01,1.318475E+04,1.434335E+04,6.804836E-01,1.405550E+00,8.932084E+03,1.850362E+04,4.609969E-01,1.813186E+00,1.341850E+04,2.033763E+04,6.925480E-01,1.992955E+00,8.915073E+03,9.208479E+03,4.601189E-01,9.023684E-01,1.521737E+05,1.610253E+05,7.853909E+00,1.577930E+01,1.005482E+05,2.105093E+05,5.189432E+00,2.062797E+01,1.534995E+05,2.214818E+05,7.922338E+00,2.170370E+01,1.022500E+05,1.019145E+05,5.277268E+00,9.986892E+00,2.343129E+04,1.601430E+04,1.209238E+00,1.569376E+00,1.527154E+04,2.094437E+04,7.881301E-01,2.052460E+00,2.351811E+04,2.197322E+04,1.213718E+00,2.153357E+00,1.550456E+04,1.008365E+04,8.001556E-01,9.881836E-01
10:30:00,1.000519E+04,3.695016E+04,5.164097E-01,3.620630E+00,1.293951E+04,7.714208E+04,6.678622E-01,7.559247E+00,1.480160E+05,8.822642E+05,7.639725E+00,8.645377E+01,4.242565E+04,1.439019E+05,2.189590E+00,1.410182E+01,1.318478E+04,1.441965E+04,6.804852E-01,1.413026E+00,8.932101E+03,1.806194E+04,4.609978E-01,1.769906E+00,1.341853E+04,2.107398E+04,6.925495E-01,2.065107E+00,8.915090E+03,9.261609E+03,4.601198E-01,9.075745E-01,1.521739E+05,1.613582E+05,7.853918E+00,1.581192E+01,1.005483E+05,2.064778E+05,5.189437E+00,2.023291E+01,1.534997E+05,2.295177E+05,7.922347E+00,2.249111E+01,1.022501E+05,1.022269E+05,5.277273E+00,1.001750E+01,2.341458E+04,1.610123E+04,1.208375E+00,1.577895E+00,1.526098E+04,2.058119E+04,7.875853E-01,2.016869E+00,2.350146E+04,2.283322E+04,1.212859E+00,2.237628E+00,1.549400E+04,1.015140E+04,7.996110E-01,9.948225E-01
10:45:00,1.000531E+04,3.676944E+04,5.164160E-01,3.602922E+00,1.294011E+04,7.668236E+04,6.678931E-01,7.514201E+00,1.480233E+05,8.739190E+05,7.640101E+00,8.563605E+01,4.331868E+04,1.413822E+05,2.235669E+00,1.385496E+01,1.318481E+04,1.448931E+04,6.804869E-01,1.419851E+00,8.932121E+03,1.754546E+04,4.609988E-01,1.719295E+00,1.341856E+04,2.173580E+04,6.925512E-01,2.129956E+00,8.915109E+03,9.310321E+03,4.601208E-01,9.123476E-01,1.521741E+05,1.616711E+05,7.853930E+00,1.584258E+01,1.005484E+05,2.015529E+05,5.189443E+00,1.975031E+01,1.534999E+05,2.369450E+05,7.922358E+00,2.321889E+01,1.022502E+05,1.025220E+05,5.277279E+00,1.004642E+01,2.340185E+04,1.618950E+04,1.207718E+00,1.586544E+00,1.525291E+04,2.013138E+04,7.871685E-01,1.972788E+00,2.348880E+04,2.363718E+04,1.212206E+00,2.316408E+00,1.548593E+04,1.021938E+04,7.991945E-01,1.001483E+00
11:00:00,1.000543E+04,3.659548E+04,5.164221E-01,3.585877E+00,1.294070E+04,7.623683E+04,6.679236E-01,7.470545E+00,1.480305E+05,8.659788E+05,7.640472E+00,8.485801E+01,4.426604E+04,1.388904E+05,2.284554E+00,1.361080E+01,1.318485E+04,1.455231E+04,6.804888E-01,1.426024E+00,8.932141E+03,1.692655E+04,4.609998E-01,1.658647E+00,1.341860E+04,2.232451E+04,6.925530E-01,2.187640E+00,8.915130E+03,9.354668E+03,4.601218E-01,9.166929E-01,1.521744E+05,1.619591E+05,7.853943E+00,1.587080E+01,1.005485E+05,1.954479E+05,5.189450E+00,1.915207E+01,1.535002E+05,2.437468E+05,7.922371E+00,2.388536E+01,1.022504E+05,1.027974E+05,5.277286E+00,1.007340E+01,2.339274E+04,1.627861E+04,1.207248E+00,1.595277E+00,1.524710E+04,1.956608E+04,7.868686E-01,1.917391E+00,2.347978E+04,2.438331E+04,1.211740E+00,2.389521E+00,1.548013E+04,1.028745E+04,7.988949E-01,1.008154E+00
11:15:00,1.000555E+04,3.642717E+04,5.164283E-01,3.569384E+00,1.294130E+04,7.580184E+04,6.679548E-01,7.427922E+00,1.480378E+05,8.583873E+05,7.640851E+00,8.411415E+01,4.154704E+04,1.409769E+05,2.144221E+00,1.381527E+01,1.318489E+04,1.460615E+04,6.804908E-01,1.431301E+00,8.932165E+03,1.616971E+04,4.610010E-01,1.584483E+00,1.341864E+04,2.283967E+04,6.925549E-01,2.238118E+00,8.915153E+03,9.393120E+03,4.601230E-01,9.204607E-01,1.521747E+05,1.621894E+05,7.853959E+00,1.589336E+01,1.005487E+05,1.877910E+05,5.189459E+00,1.840176E+01,1.535005E+05,2.498791E+05,7.922386E+00,2.448624E+01,1.022505E+05,1.030288E+05,5.277294E+00,1.009607E+01,2.338480E+04,1.636626E+04,1.206838E+00,1.603866E+00,1.524203E+04,1.884864E+04,7.866070E-01,1.847083E+00,2.347191E+04,2.506817E+04,1.211334E+00,2.456630E+00,1.547506E+04,1.035400E+04,7.986333E-01,1.014676E+00
11:30:00,1.000567E+04,3.626335E+04,5.164344E-01,3.553332E+00,1.294192E+04,7.537417E+04,6.679865E-01,7.386015E+00,1.480453E+05,8.510937E+05,7.641235E+00,8.339947E+01,3.853761E+04,1.434834E+05,1.988913E+00,1.406097E+01,1.318493E+04,1.465024E+04,6.804931E-01,1.435620E+00,8.932191E+03,1.525502E+04,4.610024E-01,1.494850E+00,1.341868E+04,2.328246E+04,6.925571E-01,2.281503E+00,8.915179E+03,9.425404E+03,4.601244E-01,9.236239E-01,1.521750E+05,1.623470E+05,7.853976E+00,1.590881E+01,1.005489E+05,1.783653E+05,5.189469E+00,1.747811E+01,1.535008E+05,2.553302E+05,7.922403E+00,2.502036E+01,1.022507E+05,1.032138E+05,5.277304E+00,1.011420E+01,2.337444E+04,1.645432E+04,1.206303E+00,1.612495E+00,1.523546E+04,1.795883E+04,7.862680E-01,1.759883E+00,2.346160E+04,2.569338E+04,1.210802E+00,2.517894E+00,1.546849E+04,1.042070E+04,7.982943E-01,1.021211E+00
11:45:00,1.000579E+04,3.610277E+04,5.164404E-01,3.537598E+00,1.294253E+04,7.495136E+04,6.680183E-01,7.344585E+00,1.480527E+05,8.440558E+05,7.641620E+00,8.270984E+01,3.545944E+04,1.461173E+05,1.830060E+00,1.431914E+01,1.318498E+04,1.468483E+04,6.804954E-01,1.439009E+00,8.932218E+03,1.421623E+04,4.610038E-01,1.393056E+00,1.341872E+04,2.365450E+04,6.925594E-01,2.317957E+00,8.915206E+03,9.451736E+03,4.601258E-01,9.262041E-01,1.521754E+05,1.624405E+05,7.853995E+00,1.591796E+01,1.005491E+05,1.675021E+05,5.189480E+00,1.641360E+01,1.535012E+05,2.600926E+05,7.922422E+00,2.548700E+01,1.022510E+05,1.033534E+05,5.277316E+00,1.012788E+01,2.336041E+04,1.654347E+04,1.205579E+00,1.621231E+00,1.522661E+04,1.692899E+04,7.858114E-01,1.658961E+00,2.344761E+04,2.625773E+04,1.210080E+00,2.573194E+00,1.545964E+04,1.048749E+04,7.978376E-01,1.027757E+00
12:00:00,1.000590E+04,3.594415E+04,5.164464E-01,3.522055E+00,1.294315E+04,7.453289E+04,6.680500E-01,7.303579E+00,1.480602E+05,8.372513E+05,7.642004E+00,8.204308E+01,3.232949E+04,1.488511E+05,1.668533E+00,1.458708E+01,1.318502E+04,1.471082E+04,6.804978E-01,1.441556E+00,8.932246E+03,1.320064E+04,4.610052E-01,1.293537E+00,1.341877E+04,2.395701E+04,6.925617E-01,2.347597E+00,8.915234E+03,9.475738E+03,4.601272E-01,9.285558E-01,1.521758E+05,1.624676E+05,7.854016E+00,1.592062E+01,1.005493E+05,1.567174E+05,5.189492E+00,1.535679E+01,1.535015E+05,2.641562E+05,7.922442E+00,2.588517E+01,1.022512E+05,1.034823E+05,5.277328E+00,1.014051E+01,2.334297E+04,1.663206E+04,1.204679E+00,1.629912E+00,1.521564E+04,1.590898E+04,7.852450E-01,1.559002E+00,2.343020E+04,2.675835E+04,1.209181E+00,2.622248E+00,1.544867E+04,1.055683E+04,7.972711E-01,1.034552E+00
12:15:00,1.000602E+04,3.578631E+04,5.164524E-01,3.506590E+00,1.294374E+04,7.412174E+04,6.680807E-01,7.263291E+00,1.480674E+05,8.306927E+05,7.642376E+00,8.140042E+01,3.323590E+04,1.551077E+05,1.715321E+00,1.520022E+01,1.318507E+04,1.473229E+04,6.805002E-01,1.443660E+00,8.932274E+03,1.236937E+04,4.610067E-01,1.212080E+00,1.341881E+04,2.419323E+04,6.925641E-01,2.370743E+00,8.915263E+03,9.607691E+03,4.601287E-01,9.414861E-01,1.521762E+05,1.624778E+05,7.854037E+00,1.592162E+01,1.005496E+05,1.476695E+05,5.189505E+00,1.447018E+01,1.535019E+05,2.675480E+05,7.922462E+00,2.621752E+01,1.022514E+05,1.047291E+05,5.277340E+00,1.026269E+01,2.332460E+04,1.672598E+04,1.203732E+00,1.639116E+00,1.520407E+04,1.506528E+04,7.846480E-01,1.476324E+00,2.341188E+04,2.719879E+04,1.208236E+00,2.665405E+00,1.543710E+04,1.074218E+04,7.966741E-01,1.052716E+00
12:30:00,1.000613E+04,3.562864E+04,5.164582E-01,3.491140E+00,1.294432E+04,7.372468E+04,6.681104E-01,7.224383E+00,1.480743E+05,8.244333E+05,7.642736E+00,8.078707E+01,3.446418E+04,1.617702E+05,1.778703E+00,1.585318E+01,1.318512E+04,1.475241E+04,6.805026E-01,1.445631E+00,8.932302E+03,1.179628E+04,4.610081E-01,1.155925E+00,1.341886E+04,2.436493E+04,6.925664E-01,2.387565E+00,8.915290E+03,9.970019E+03,4.601301E-01,9.769929E-01,1.521766E+05,1.625025E+05,7.854057E+00,1.592404E+01,1.005498E+05,1.411217E+05,5.189517E+00,1.382857E+01,1.535023E+05,2.702624E+05,7.922482E+00,2.648348E+01,1.022517E+05,1.083234E+05,5.277352E+00,1.061491E+01,2.330920E+04,1.682979E+04,1.202937E+00,1.649288E+00,1.519433E+04,1.447558E+04,7.841455E-01,1.418539E+00,2.339653E+04,2.758042E+04,1.207443E+00,2.702800E+00,1.542737E+04,1.116779E+04,7.961719E-01,1.094427E+00
12:45:00,1.000624E+04,3.547140E+04,5.164639E-01,3.475733E+00,1.294485E+04,7.334900E+04,6.681380E-01,7.187572E+00,1.480809E+05,8.185327E+05,7.643072E+00,8.020889E+01,3.577427E+04,1.686082E+05,1.846306E+00,1.652332E+01,1.318516E+04,1.477345E+04,6.805047E-01,1.447693E+00,8.932327E+03,1.148595E+04,4.610094E-01,1.125520E+00,1.341890E+04,2.447277E+04,6.925685E-01,2.398130E+00,8.915316E+03,1.061490E+04,4.601314E-01,1.040190E+00,1.521769E+05,1.625509E+05,7.854077E+00,1.592878E+01,1.005500E+05,1.371378E+05,5.189528E+00,1.343823E+01,1.535027E+05,2.722888E+05,7.922501E+00,2.668202E+01,1.022519E+05,1.147808E+05,5.277364E+00,1.124773E+01,2.329818E+04,1.694406E+04,1.202368E+00,1.660487E+00,1.518733E+04,1.414656E+04,7.837838E-01,1.386302E+00,2.338557E+04,2.790133E+04,1.206878E+00,2.734245E+00,1.542036E+04,1.188531E+04,7.958106E-01,1.164747E+00
13:00:00,1.000635E+04,3.531577E+04,5.164696E-01,3.460484E+00,1.294539E+04,7.299948E+04,6.681655E-01,7.153323E+00,1.480874E+05,8.130267E+05,7.643408E+00,7.966937E+01,3.714259E+04,1.756039E+05,1.916917E+00,1.720889E+01,1.318520E+04,1.479647E+04,6.805069E-01,1.449948E+00,8.932353E+03,1.133699E+04,4.610108E-01,1.110928E+00,1.341894E+04,2.451626E+04,6.925706E-01,2.402390E+00,8.915341E+03,1.153437E+04,4.601328E-01,1.130299E+00,1.521773E+05,1.626390E+05,7.854096E+00,1.593741E+01,1.005503E+05,1.347016E+05,5.189540E+00,1.319955E+01,1.535031E+05,2.736094E+05,7.922520E+00,2.681141E+01,1.022521E+05,1.240343E+05,5.277375E+00,1.215457E+01,2.329104E+04,1.706880E+04,1.201999E+00,1.672711E+00,1.518274E+04,1.397648E+04,7.835473E-01,1.369641E+00,2.337850E+04,2.815774E+04,1.206513E+00,2.759369E+00,1.541579E+04,1.288758E+04,7.955744E-01,1.262976E+00
13:15:00,1.000646E+04,3.516354E+04,5.164753E-01,3.445567E+00,1.294594E+04,7.267643E+04,6.681939E-01,7.121668E+00,1.480940E+05,8.079094E+05,7.643752E+00,7.916794E+01,4.004174E+04,1.731936E+05,2.066532E+00,1.697269E+01,1.318525E+04,1.481978E+04,6.805093E-01,1.452232E+00,8.932381E+03,1.124039E+04,4.610122E-01,1.101466E+00,1.341898E+04,2.449213E+04,6.925729E-01,2.400025E+00,8.915369E+03,1.259159E+04,4.601342E-01,1.233904E+00,1.521777E+05,1.627393E+05,7.854118E+00,1.594724E+01,1.005505E+05,1.327371E+05,5.189553E+00,1.300709E+01,1.535035E+05,2.741758E+05,7.922541E+00,2.686689E+01,1.022524E+05,1.347327E+05,5.277388E+00,1.320299E+01,2.328777E+04,1.719486E+04,1.201830E+00,1.685064E+00,1.518058E+04,1.385368E+04,7.834358E-01,1.357613E+00,2.337530E+04,2.833772E+04,1.206348E+00,2.777003E+00,1.541364E+04,1.403572E+04,7.954633E-01,1.375499E+00
13:30:00,1.000657E+04,3.501640E+04,5.164809E-01,3.431150E+00,1.294649E+04,7.237534E+04,6.682223E-01,7.092165E+00,1.481007E+05,8.031266E+05,7.644098E+00,7.869930E+01,4.311063E+04,1.700190E+05,2.224898E+00,1.666144E+01,1.318529E+04,1.484144E+04,6.805117E-01,1.454355E+00,8.932409E+03,1.116315E+04,4.610137E-01,1.093901E+00,1.341903E+04,2.439620E+04,6.925752E-01,2.390623E+00,8.915398E+03,1.363428E+04,4.601357E-01,1.336084E+00,1.521782E+05,1.628327E+05,7.854140E+00,1.595639E+01,1.005508E+05,1.309590E+05,5.189567E+00,1.283288E+01,1.535039E+05,2.739370E+05,7.922563E+00,2.684347E+01,1.022526E+05,1.453944E+05,5.277402E+00,1.424779E+01,2.328849E+04,1.731163E+04,1.201868E+00,1.696507E+00,1.518092E+04,1.374410E+04,7.834532E-01,1.346878E+00,2.337609E+04,2.842654E+04,1.206389E+00,2.785704E+00,1.541398E+04,1.517590E+04,7.954812E-01,1.487238E+00
13:45:00,1.000668E+04,3.487553E+04,5.164866E-01,3.417346E+00,1.294706E+04,7.209012E+04,6.682519E-01,7.064218E+00,1.481077E+05,7.986108E+05,7.644456E+00,7.825680E+01,4.624801E+04,1.666751E+05,2.386800E+00,1.633364E+01,1.318534E+04,1.485897E+04,6.805143E-01,1.456073E+00,8.932440E+03,1.109638E+04,4.610152E-01,1.087359E+00,1.341908E+04,2.422370E+04,6.925778E-01,2.373717E+00,8.915428E+03,1.458619E+04,4.601372E-01,1.429363E+00,1.521787E+05,1.628944E+05,7.854165E+00,1.596244E+01,1.005511E+05,1.293232E+05,5.189582E+00,1.267260E+01,1.535044E+05,2.728375E+05,7.922588E+00,2.673571E+01,1.022529E+05,1.553115E+05,5.277417E+00,1.521958E+01,2.329297E+04,1.741478E+04,1.202098E+00,1.706615E+00,1.518361E+04,1.364213E+04,7.835917E-01,1.336887E+00,2.338062E+04,2.841701E+04,1.206623E+00,2.784768E+00,1.541668E+04,1.623579E+04,7.956203E-01,1.591104E+00
14:00:00,1.000679E+04,3.474132E+04,5.164921E-01,3.404195E+00,1.294760E+04,7.181544E+04,6.682796E-01,7.037303E+00,1.481142E+05,7.943029E+05,7.644792E+00,7.783469E+01,4.944868E+04,1.631893E+05,2.551972E+00,1.599198E+01,1.318539E+04,1.486995E+04,6.805167E-01,1.457148E+00,8.932469E+03,1.103401E+04,4.610167E-01,1.081247E+00,1.341912E+04,2.396942E+04,6.925801E-01,2.348799E+00,8.915457E+03,1.543505E+04,4.601387E-01,1.512539E+00,1.521791E+05,1.628994E+05,7.854189E+00,1.596293E+01,1.005514E+05,1.277904E+05,5.189596E+00,1.252241E+01,1.535048E+05,2.708170E+05,7.922610E+00,2.653770E+01,1.022532E+05,1.643901E+05,5.277431E+00,1.610916E+01,2.330062E+04,1.750311E+04,1.202494E+00,1.715271E+00,1.518829E+04,1.354463E+04,7.838337E-01,1.327333E+00,2.338833E+04,2.830497E+04,1.207020E+00,2.773785E+00,1.542138E+04,1.720641E+04,7.958627E-01,1.686215E+00
14:15:00,1.000689E+04,3.461350E+04,5.164976E-01,3.391671E+00,1.294813E+04,7.154723E+04,6.683070E-01,7.011021E+00,1.481206E+05,7.901565E+05,7.645125E+00,7.742840E+01,5.160783E+04,1.592023E+05,2.663392E+00,1.560125E+01,1.318544E+04,1.487022E+04,6.805191E-01,1.457175E+00,8.932498E+03,1.097070E+04,4.610182E-01,1.075045E+00,1.341917E+04,2.362483E+04,6.925825E-01,2.315031E+00,8.915486E+03,1.619428E+04,4.601402E-01,1.586932E+00,1.521796E+05,1.628051E+05,7.854212E+00,1.595368E+01,1.005516E+05,1.263150E+05,5.189611E+00,1.237784E+01,1.535053E+05,2.677799E+05,7.922634E+00,2.624008E+01,1.022535E+05,1.727527E+05,5.277446E+00,1.692857E+01,2.331111E+04,1.757302E+04,1.203035E+00,1.722121E+00,1.519478E+04,1.344750E+04,7.841682E-01,1.317815E+00,2.339886E+04,2.808193E+04,1.207564E+00,2.751926E+00,1.542787E+04,1.810003E+04,7.961978E-01,1.773779E+00
14:30:00,1.000700E+04,3.449142E+04,5.165031E-01,3.379709E+00,1.294867E+04,7.128272E+04,6.683350E-01,6.985102E+00,1.481272E+05,7.861388E+05,7.645465E+00,7.703471E+01,5.372396E+04,1.550713E+05,2.772602E+00,1.519641E+01,1.318549E+04,1.485781E+04,6.805217E-01,1.455958E+00,8.932529E+03,1.090332E+04,4.610198E-01,1.068442E+00,1.341922E+04,2.318346E+04,6.925850E-01,2.271779E+00,8.915517E+03,1.688334E+04,4.601418E-01,1.654447E+00,1.521801E+05,1.625894E+05,7.854237E+00,1.593255E+01,1.005519E+05,1.248631E+05,5.189626E+00,1.223557E+01,1.535057E+05,2.636506E+05,7.922658E+00,2.583543E+01,1.022538E+05,1.805645E+05,5.277461E+00,1.769401E+01,2.332305E+04,1.762301E+04,1.203651E+00,1.727019E+00,1.520219E+04,1.334779E+04,7.845507E-01,1.308044E+00,2.341083E+04,2.774088E+04,1.208181E+00,2.718501E+00,1.543529E+04,1.893342E+04,7.965807E-01,1.855441E+00
14:45:00,1.000711E+04,3.437423E+04,5.165085E-01,3.368227E+00,1.294921E+04,7.102000E+04,6.683627E-01,6.959359E+00,1.481337E+05,7.822249E+05,7.645800E+00,7.665119E+01,5.585637E+04,1.508251E+05,2.882655E+00,1.478029E+01,1.318554E+04,1.483142E+04,6.805243E-01,1.453372E+00,8.932559E+03,1.082982E+04,4.610214E-01,1.061239E+00,1.341927E+04,2.263816E+04,6.925876E-01,2.218343E+00,8.915548E+03,1.751491E+04,4.601434E-01,1.716331E+00,1.521806E+05,1.622379E+05,7.854263E+00,1.589810E+01,1.005522E+05,1.234103E+05,5.189642E+00,1.209320E+01,1.535062E+05,2.583472E+05,7.922684E+00,2.531573E+01,1.022541E+05,1.879130E+05,5.277477E+00,1.841405E+01,2.333546E+04,1.765214E+04,1.204291E+00,1.729873E+00,1.520992E+04,1.324337E+04,7.849497E-01,1.297811E+00,2.342325E+04,2.727403E+04,1.208822E+00,2.672750E+00,1.544303E+04,1.971568E+04,7.969800E-01,1.932093E+00
15:00:00,1.000721E+04,3.426099E+04,5.165140E-01,3.357131E+00,1.294976E+04,7.075765E+04,6.683913E-01,6.933652E+00,1.481404E+05,7.783942E+05,7.646146E+00,7.627584E+01,5.800995E+04,1.464700E+05,2.993800E+00,1.435350E+01,1.318559E+04,1.477636E+04,6.805270E-01,1.447976E+00,8.932592E+03,1.074058E+04,4.610231E-01,1.052494E+00,1.341932E+04,2.198411E+04,6.925902E-01,2.154251E+00,8.915580E+03,1.812100E+04,4.601451E-01,1.775719E+00,1.521811E+05,1.616041E+05,7.854290E+00,1.583599E+01,1.005526E+05,1.218520E+05,5.189659E+00,1.194051E+01,1.535067E+05,2.518100E+05,7.922710E+00,2.467513E+01,1.022544E+05,1.950811E+05,5.277494E+00,1.911643E+01,2.334852E+04,1.764581E+04,1.204966E+00,1.729252E+00,1.521808E+04,1.312396E+04,7.853706E-01,1.286109E+00,2.343632E+04,2.667562E+04,1.209497E+00,2.614105E+00,1.545119E+04,2.047546E+04,7.974013E-01,2.006544E+00
15:15:00,1.000732E+04,3.415073E+04,5.165194E-01,3.346327E+00,1.295029E+04,7.049449E+04,6.684188E-01,6.907866E+00,1.481469E+05,7.746286E+05,7.646479E+00,7.590685E+01,5.981303E+04,1.462107E+05,3.086857E+00,1.432809E+01,1.318564E+04,1.469764E+04,6.805296E-01,1.440261E+00,8.932623E+03,1.063774E+04,4.610247E-01,1.042417E+00,1.341937E+04,2.121458E+04,6.925928E-01,2.078842E+00,8.915612E+03,1.868524E+04,4.601467E-01,1.831006E+00,1.521816E+05,1.607277E+05,7.854317E+00,1.575011E+01,1.005529E+05,1.202054E+05,5.189676E+00,1.177916E+01,1.535073E+05,2.439574E+05,7.922737E+00,2.390563E+01,1.022547E+05,2.018758E+05,5.277511E+00,1.978222E+01,2.336177E+04,1.761035E+04,1.205649E+00,1.725776E+00,1.522636E+04,1.299255E+04,7.857981E-01,1.273232E+00,2.344956E+04,2.593923E+04,1.210180E+00,2.541940E+00,1.545948E+04,2.119497E+04,7.978291E-01,2.077048E+00
15:30:00,1.000742E+04,3.404252E+04,5.165247E-01,3.335724E+00,1.295081E+04,7.022971E+04,6.684457E-01,6.881920E+00,1.481532E+05,7.709145E+05,7.646805E+00,7.554291E+01,6.160476E+04,1.462238E+05,3.179330E+00,1.432942E+01,1.318569E+04,1.459950E+04,6.805322E-01,1.430644E+00,8.932655E+03,1.052341E+04,4.610263E-01,1.031214E+00,1.341942E+04,2.033457E+04,6.925953E-01,1.992608E+00,8.915643E+03,1.919313E+04,4.601483E-01,1.880773E+00,1.521821E+05,1.596541E+05,7.854343E+00,1.564490E+01,1.005532E+05,1.184887E+05,5.189692E+00,1.161093E+01,1.535078E+05,2.348310E+05,7.922763E+00,2.301131E+01,1.022551E+05,2.081240E+05,5.277527E+00,2.039446E+01,2.337503E+04,1.755308E+04,1.206334E+00,1.720162E+00,1.523466E+04,1.285279E+04,7.862265E-01,1.259536E+00,2.346281E+04,2.507230E+04,1.210864E+00,2.456982E+00,1.546779E+04,2.185849E+04,7.982578E-01,2.142067E+00
15:45:00,1.000752E+04,3.393539E+04,5.165300E-01,3.325227E+00,1.295133E+04,6.996226E+04,6.684722E-01,6.855713E+00,1.481594E+05,7.672351E+05,7.647128E+00,7.518237E+01,6.340761E+04,1.462475E+05,3.272377E+00,1.433179E+01,1.318574E+04,1.448208E+04,6.805348E-01,1.419138E+00,8.932686E+03,1.039736E+04,4.610279E-01,1.018862E+00,1.341947E+04,1.936495E+04,6.925979E-01,1.897592E+00,8.915674E+03,1.963727E+04,4.601499E-01,1.924291E+00,1.521826E+05,1.583827E+05,7.854370E+00,1.552031E+01,1.005535E+05,1.166951E+05,5.189709E+00,1.143518E+01,1.535083E+05,2.246331E+05,7.922789E+00,2.201200E+01,1.022554E+05,2.137327E+05,5.277544E+00,2.094403E+01,2.338832E+04,1.747409E+04,1.207019E+00,1.712421E+00,1.524299E+04,1.270409E+04,7.866562E-01,1.244963E+00,2.347607E+04,2.409522E+04,1.211548E+00,2.361230E+00,1.547612E+04,2.245653E+04,7.986877E-01,2.200668E+00
16:00:00,1.000762E+04,3.382841E+04,5.165352E-01,3.314744E+00,1.295184E+04,6.969160E+04,6.684985E-01,6.829191E+00,1.481656E+05,7.635792E+05,7.647447E+00,7.482413E+01,6.522224E+04,1.462633E+05,3.366032E+00,1.433336E+01,1.318579E+04,1.435891E+04,6.805374E-01,1.407067E+00,8.932717E+03,1.026752E+04,4.610295E-01,1.006138E+00,1.341952E+04,1.834905E+04,6.926004E-01,1.798043E+00,8.915705E+03,1.998201E+04,4.601515E-01,1.958071E+00,1.521831E+05,1.570442E+05,7.854397E+00,1.538914E+01,1.005539E+05,1.149030E+05,5.189725E+00,1.125957E+01,1.535088E+05,2.138012E+05,7.922815E+00,2.095056E+01,1.022557E+05,2.183288E+05,5.277560E+00,2.139438E+01,2.340170E+04,1.738554E+04,1.207710E+00,1.703742E+00,1.525138E+04,1.255355E+04,7.870893E-01,1.230211E+00,2.348943E+04,2.305075E+04,1.212238E+00,2.258876E+00,1.548451E+04,2.295059E+04,7.991210E-01,2.249080E+00
16:15:00,1.000772E+04,3.372067E+04,5.165403E-01,3.304188E+00,1.295233E+04,6.941786E+04,6.685237E-01,6.802367E+00,1.481715E+05,7.599421E+05,7.647752E+00,7.446774E+01,6.519468E+04,1.496974E+05,3.364612E+00,1.466990E+01,1.318584E+04,1.422700E+04,6.805399E-01,1.394141E+00,8.932747E+03,1.013266E+04,4.610311E-01,9.929225E-01,1.341957E+04,1.737436E+04,6.926029E-01,1.702532E+00,8.915735E+03,2.023587E+04,4.601531E-01,1.982944E+00,1.521836E+05,1.556160E+05,7.854423E+00,1.524919E+01,1.005542E+05,1.130940E+05,5.189741E+00,1.108231E+01,1.535093E+05,2.032397E+05,7.922841E+00,1.991563E+01,1.022560E+05,2.219832E+05,5.277576E+00,2.175245E+01,2.341433E+04,1.728645E+04,1.208362E+00,1.694032E+00,1.525931E+04,1.240033E+04,7.874987E-01,1.215196E+00,2.350203E+04,2.203184E+04,1.212888E+00,2.159026E+00,1.549245E+04,2.334899E+04,7.995306E-01,2.288117E+00
16:30:00,1.000782E+04,3.361151E+04,5.165453E-01,3.293491E+00,1.295278E+04,6.914321E+04,6.685472E-01,6.775455E+00,1.481771E+05,7.563405E+05,7.648039E+00,7.411483E+01,6.500667E+04,1.534277E+05,3.354920E+00,1.503551E+01,1.318588E+04,1.409503E+04,6.805422E-01,1.381209E+00,8.932775E+03,9.981593E+03,4.610325E-01,9.781197E-01,1.341961E+04,1.653235E+04,6.926051E-01,1.620023E+00,8.915763E+03,2.041502E+04,4.601545E-01,2.000496E+00,1.521841E+05,1.541833E+05,7.854447E+00,1.510879E+01,1.005545E+05,1.111512E+05,5.189756E+00,1.089193E+01,1.535097E+05,1.938977E+05,7.922864E+00,1.900020E+01,1.022563E+05,2.248440E+05,5.277591E+00,2.203275E+01,2.342474E+04,1.718753E+04,1.208899E+00,1.684338E+00,1.526586E+04,1.223382E+04,7.878364E-01,1.198879E+00,2.351239E+04,2.113645E+04,1.213423E+00,2.071282E+00,1.549899E+04,2.366760E+04,7.998683E-01,2.319336E+00
16:45:00,1.000791E+04,3.350055E+04,5.165503E-01,3.282619E+00,1.295322E+04,6.887600E+04,6.685700E-01,6.749270E+00,1.481825E+05,7.528541E+05,7.648318E+00,7.377320E+01,6.477995E+04,1.572355E+05,3.343230E+00,1.540870E+01,1.318593E+04,1.404137E+04,6.805444E-01,1.375952E+00,8.932802E+03,9.819412E+03,4.610339E-01,9.622272E-01,1.341965E+04,1.587067E+04,6.926074E-01,1.555186E+00,8.915790E+03,2.045560E+04,4.601559E-01,2.004471E+00,1.521846E+05,1.535444E+05,7.854470E+00,1.504619E+01,1.005547E+05,1.091231E+05,5.189771E+00,1.069320E+01,1.535102E+05,1.862720E+05,7.922887E+00,1.825298E+01,1.022566E+05,2.262387E+05,5.277606E+00,2.216939E+01,2.343284E+04,1.716971E+04,1.209317E+00,1.682592E+00,1.527097E+04,1.205881E+04,7.881006E-01,1.181729E+00,2.352046E+04,2.041468E+04,1.213839E+00,2.000554E+00,1.550411E+04,2.383978E+04,8.001325E-01,2.336205E+00
17:00:00,1.000801E+04,3.338778E+04,5.165552E-01,3.271569E+00,1.295366E+04,6.863423E+04,6.685924E-01,6.725580E+00,1.481878E+05,7.496613E+05,7.648593E+00,7.346034E+01,6.452518E+04,1.611205E+05,3.330089E+00,1.578945E+01,1.318597E+04,1.412970E+04,6.805466E-01,1.384608E+00,8.932829E+03,9.649969E+03,4.610353E-01,9.456231E-01,1.341969E+04,1.538440E+04,6.926095E-01,1.507540E+00,8.915817E+03,2.032383E+04,4.601573E-01,1.991556E+00,1.521850E+05,1.543445E+05,7.854493E+00,1.512461E+01,1.005550E+05,1.070456E+05,5.189786E+00,1.048962E+01,1.535106E+05,1.803315E+05,7.922910E+00,1.767089E+01,1.022569E+05,2.258016E+05,5.277620E+00,2.212653E+01,2.343896E+04,1.729733E+04,1.209633E+00,1.695100E+00,1.527485E+04,1.187824E+04,7.883004E-01,1.164034E+00,2.352653E+04,1.986229E+04,1.214153E+00,1.946427E+00,1.550798E+04,2.382816E+04,8.003323E-01,2.335062E+00
17:15:00,1.000810E+04,3.327345E+04,5.165601E-01,3.260366E+00,1.295411E+04,6.843667E+04,6.686157E-01,6.706222E+00,1.481933E+05,7.469474E+05,7.648877E+00,7.319442E+01,6.425098E+04,1.677731E+05,3.315944E+00,1.644138E+01,1.318602E+04,1.438896E+04,6.805490E-01,1.410017E+00,8.932857E+03,9.474505E+03,4.610368E-01,9.284291E-01,1.341974E+04,1.502275E+04,6.926118E-01,1.472105E+00,8.915845E+03,2.003483E+04,4.601588E-01,1.963233E+00,1.521855E+05,1.568780E+05,7.854518E+00,1.537289E+01,1.005553E+05,1.049278E+05,5.189801E+00,1.028209E+01,1.535111E+05,1.755835E+05,7.922935E+00,1.720567E+01,1.022572E+05,2.236606E+05,5.277636E+00,2.191670E+01,2.344360E+04,1.760049E+04,1.209873E+00,1.724812E+00,1.527780E+04,1.169352E+04,7.884528E-01,1.145932E+00,2.353114E+04,1.942988E+04,1.214390E+00,1.904059E+00,1.551094E+04,2.364553E+04,8.004847E-01,2.317161E+00
17:30:00,1.000820E+04,3.315792E+04,5.165650E-01,3.249046E+00,1.295457E+04,6.829288E+04,6.686395E-01,6.692132E+00,1.481989E+05,7.448071E+05,7.649166E+00,7.298470E+01,6.396176E+04,1.747631E+05,3.301021E+00,1.712642E+01,1.318606E+04,1.480018E+04,6.805514E-01,1.450317E+00,8.932886E+03,9.302681E+03,4.610383E-01,9.115918E-01,1.341979E+04,1.471481E+04,6.926142E-01,1.441933E+00,8.915875E+03,1.958197E+04,4.601603E-01,1.918855E+00,1.521860E+05,1.609717E+05,7.854544E+00,1.577409E+01,1.005556E+05,1.028646E+05,5.189817E+00,1.007992E+01,1.535116E+05,1.713372E+05,7.922960E+00,1.678960E+01,1.022575E+05,2.197133E+05,5.277652E+00,2.152988E+01,2.344725E+04,1.806281E+04,1.210061E+00,1.770123E+00,1.528012E+04,1.151488E+04,7.885729E-01,1.128426E+00,2.353474E+04,1.904870E+04,1.214576E+00,1.866708E+00,1.551326E+04,2.328272E+04,8.006047E-01,2.281603E+00
17:45:00,1.000829E+04,3.304146E+04,5.165699E-01,3.237635E+00,1.295503E+04,6.819712E+04,6.686632E-01,6.682751E+00,1.482045E+05,7.431802E+05,7.649455E+00,7.282529E+01,6.365842E+04,1.818942E+05,3.285368E+00,1.782528E+01,1.318611E+04,1.525140E+04,6.805539E-01,1.494537E+00,8.932916E+03,9.129284E+03,4.610398E-01,8.946005E-01,1.341983E+04,1.441623E+04,6.926167E-01,1.412678E+00,8.915905E+03,1.901578E+04,4.601618E-01,1.863371E+00,1.521865E+05,1.654979E+05,7.854570E+00,1.621766E+01,1.005560E+05,1.008003E+05,5.189834E+00,9.877637E+00,1.535121E+05,1.671845E+05,7.922986E+00,1.638270E+01,1.022578E+05,2.144346E+05,5.277668E+00,2.101258E+01,2.345008E+04,1.856924E+04,1.210207E+00,1.819757E+00,1.528194E+04,1.133627E+04,7.886665E-01,1.110924E+00,2.353754E+04,1.867697E+04,1.214721E+00,1.830284E+00,1.551507E+04,2.278566E+04,8.006983E-01,2.232889E+00
18:00:00,1.000839E+04,3.292413E+04,5.165748E-01,3.226138E+00,1.295549E+04,6.812509E+04,6.686870E-01,6.675694E+00,1.482101E+05,7.418196E+05,7.649744E+00,7.269199E+01,6.334208E+04,1.891217E+05,3.269043E+00,1.853356E+01,1.318616E+04,1.561657E+04,6.805564E-01,1.530322E+00,8.932947E+03,8.949603E+03,4.610414E-01,8.769935E-01,1.341988E+04,1.410943E+04,6.926191E-01,1.382615E+00,8.915935E+03,1.834762E+04,4.601634E-01,1.797895E+00,1.521870E+05,1.692236E+05,7.854597E+00,1.658276E+01,1.005563E+05,9.868491E+04,5.189850E+00,9.670347E+00,1.535126E+05,1.629810E+05,7.923012E+00,1.597081E+01,1.022581E+05,2.079030E+05,5.277685E+00,2.037252E+01,2.345222E+04,1.899343E+04,1.210318E+00,1.861329E+00,1.528332E+04,1.115192E+04,7.887378E-01,1.092857E+00,2.353966E+04,1.829903E+04,1.214830E+00,1.793249E+00,1.551645E+04,2.216066E+04,8.007695E-01,2.171640E+00
18:15:00,1.000848E+04,3.280578E+04,5.165796E-01,3.214541E+00,1.295597E+04,6.804239E+04,6.687115E-01,6.667592E+00,1.482159E+05,7.403781E+05,7.650041E+00,7.255075E+01,7.395500E+04,1.710701E+05,3.816771E+00,1.676455E+01,1.382580E+04,1.577673E+04,7.135692E-01,1.546016E+00,9.361515E+03,8.758570E+03,4.831604E-01,8.582739E-01,1.405952E+04,1.378128E+04,7.256319E-01,1.350459E+00,9.344503E+03,1.752724E+04,4.822824E-01,1.717504E+00,1.586065E+05,1.709578E+05,8.185918E+00,1.675269E+01,1.048575E+05,9.646288E+04,5.411840E+00,9.452610E+00,1.599321E+05,1.586009E+05,8.254333E+00,1.554160E+01,1.065593E+05,1.995819E+05,5.499675E+00,1.955712E+01,2.513190E+04,1.919957E+04,1.297002E+00,1.881528E+00,1.638215E+04,1.094632E+04,8.454458E-01,1.072710E+00,2.521931E+04,1.788726E+04,1.301513E+00,1.752897E+00,1.661528E+04,2.134244E+04,8.574775E-01,2.091456E+00
18:30:00,1.000858E+04,3.268601E+04,5.165845E-01,3.202805E+00,1.295646E+04,6.791751E+04,6.687372E-01,6.655355E+00,1.482219E+05,7.385374E+05,7.650352E+00,7.237039E+01,8.479983E+04,1.507925E+05,4.376394E+00,1.477715E+01,1.446562E+04,1.558382E+04,7.465893E-01,1.527108E+00,9.790198E+03,8.550692E+03,5.052841E-01,8.379036E-01,1.469933E+04,1.342149E+04,7.586518E-01,1.315203E+00,9.773186E+03,1.651675E+04,5.044061E-01,1.618485E+00,1.650277E+05,1.691919E+05,8.517305E+00,1.657961E+01,1.091597E+05,9.407856E+04,5.633873E+00,9.218967E+00,1.663532E+05,1.539505E+05,8.585720E+00,1.508591E+01,1.108615E+05,1.891129E+05,5.721707E+00,1.853125E+01,2.681474E+04,1.901552E+04,1.383840E+00,1.863486E+00,1.748295E+04,1.070184E+04,9.022496E-01,1.048752E+00,2.690213E+04,1.741230E+04,1.388350E+00,1.706353E+00,1.771609E+04,2.028052E+04,9.142815E-01,1.987390E+00
18:45:00,1.000867E+04,3.256418E+04,5.165893E-01,3.190867E+00,1.295697E+04,6.772271E+04,6.687634E-01,6.636267E+00,1.482280E+05,7.360190E+05,7.650667E+00,7.212361E+01,9.570895E+04,1.297741E+05,4.939264E+00,1.271720E+01,1.510599E+04,1.497286E+04,7.796306E-01,1.467231E+00,1.021926E+04,8.318151E+03,5.274222E-01,8.151164E-01,1.533971E+04,1.302118E+04,7.916931E-01,1.275976E+00,1.020225E+04,1.522534E+04,5.265442E-01,1.491937E+00,1.714548E+05,1.632552E+05,8.848914E+00,1.599779E+01,1.134660E+05,9.145115E+04,5.856053E+00,8.961502E+00,1.727804E+05,1.489403E+05,8.917328E+00,1.459495E+01,1.151678E+05,1.755896E+05,5.943888E+00,1.720607E+01,2.850239E+04,1.836931E+04,1.470884E+00,1.800150E+00,1.858679E+04,1.040869E+04,9.591819E-01,1.020024E+00,2.858976E+04,1.686248E+04,1.475393E+00,1.652472E+00,1.881994E+04,1.888265E+04,9.712138E-01,1.850403E+00
19:00:00,1.000876E+04,3.243924E+04,5.165942E-01,3.178624E+00,1.295750E+04,6.742989E+04,6.687906E-01,6.607572E+00,1.482343E+05,7.325383E+05,7.650993E+00,7.178252E+01,1.066720E+05,1.080956E+05,5.504834E+00,1.059266E+01,1.574689E+04,1.399249E+04,8.126901E-01,1.371155E+00,1.064868E+04,8.063466E+03,5.495721E-01,7.901590E-01,1.598061E+04,1.259130E+04,8.247525E-01,1.233851E+00,1.063167E+04,1.366090E+04,5.486941E-01,1.338635E+00,1.778874E+05,1.535863E+05,9.180699E+00,1.505024E+01,1.177759E+05,8.860490E+04,6.078349E+00,8.682591E+00,1.792130E+05,1.436787E+05,9.249112E+00,1.407935E+01,1.194778E+05,1.591125E+05,6.166184E+00,1.559144E+01,3.019424E+04,1.730978E+04,1.558099E+00,1.696309E+00,1.969330E+04,1.007258E+04,1.016222E+00,9.870855E-01,3.028159E+04,1.625418E+04,1.562607E+00,1.592860E+00,1.992646E+04,1.716325E+04,1.028254E+00,1.681907E+00
19:15:00,1.000886E+04,3.230996E+04,5.165989E-01,3.165957E+00,1.295802E+04,6.703491E+04,6.688175E-01,6.568866E+00,1.482405E+05,7.280519E+05,7.651314E+00,7.134289E+01,1.071026E+05,1.020087E+05,5.526774E+00,9.996141E+00,1.574854E+04,1.287832E+04,8.127502E-01,1.261968E+00,1.064979E+04,7.810659E+03,5.496117E-01,7.653856E-01,1.598226E+04,1.217472E+04,8.248124E-01,1.193029E+00,1.063277E+04,1.208646E+04,5.487337E-01,1.184352E+00,1.779044E+05,1.425244E+05,9.181290E+00,1.396619E+01,1.177873E+05,8.578771E+04,6.078739E+00,8.406528E+00,1.792300E+05,1.386172E+05,9.249701E+00,1.358337E+01,1.194892E+05,1.423917E+05,6.166572E+00,1.395294E+01,3.021101E+04,1.609128E+04,1.558843E+00,1.576888E+00,1.970392E+04,9.728937E+03,1.016691E+00,9.534082E-01,3.029835E+04,1.564884E+04,1.563351E+00,1.533538E+00,1.993708E+04,1.540771E+04,1.028722E+00,1.509869E+00
19:30:00,1.000895E+04,3.217529E+04,5.166038E-01,3.152761E+00,1.295857E+04,6.656944E+04,6.688458E-01,6.523252E+00,1.482470E+05,7.228744E+05,7.651650E+00,7.083552E+01,1.073632E+05,9.682455E+04,5.539982E+00,9.488228E+00,1.575021E+04,1.188220E+04,8.128101E-01,1.164352E+00,1.065091E+04,7.577657E+03,5.496512E-01,7.425533E-01,1.598394E+04,1.180110E+04,8.248722E-01,1.156418E+00,1.063390E+04,1.068989E+04,5.487732E-01,1.047500E+00,1.779218E+05,1.325512E+05,9.181883E+00,1.298886E+01,1.177988E+05,8.317970E+04,6.079130E+00,8.150965E+00,1.792474E+05,1.340422E+05,9.250293E+00,1.313507E+01,1.195008E+05,1.273563E+05,6.166962E+00,1.247961E+01,3.022677E+04,1.498260E+04,1.559540E+00,1.468235E+00,1.971392E+04,9.405608E+03,1.017130E+00,9.217228E-01,3.031409E+04,1.509198E+04,1.564046E+00,1.478967E+00,1.994709E+04,1.382408E+04,1.029161E+00,1.354679E+00
19:45:00,1.000905E+04,3.203492E+04,5.166088E-01,3.139007E+00,1.295916E+04,6.608169E+04,6.688765E-01,6.475454E+00,1.482541E+05,7.174867E+05,7.652012E+00,7.030755E+01,1.075957E+05,9.170118E+04,5.551794E+00,8.986256E+00,1.575144E+04,1.114017E+04,8.128538E-01,1.091638E+00,1.065173E+04,7.379749E+03,5.496798E-01,7.231603E-01,1.598517E+04,1.149143E+04,8.249156E-01,1.126073E+00,1.063472E+04,9.647275E+03,5.488018E-01,9.453350E-01,1.779342E+05,1.250039E+05,9.182305E+00,1.224928E+01,1.178071E+05,8.092893E+04,6.079408E+00,7.930413E+00,1.792598E+05,1.301587E+05,9.250713E+00,1.275452E+01,1.195091E+05,1.158284E+05,6.167238E+00,1.135000E+01,3.023962E+04,1.412507E+04,1.560131E+00,1.384200E+00,1.972208E+04,9.120985E+03,1.017504E+00,8.938312E-01,3.032690E+04,1.460909E+04,1.564635E+00,1.431647E+00,1.995525E+04,1.259946E+04,1.029534E+00,1.234674E+00
20:00:00,1.000915E+04,3.188949E+04,5.166142E-01,3.124756E+00,1.295978E+04,6.562479E+04,6.689085E-01,6.430681E+00,1.482613E+05,7.124197E+05,7.652386E+00,6.981102E+01,1.078039E+05,8.665382E+04,5.562438E+00,8.491680E+00,1.575221E+04,1.068536E+04,8.128832E-01,1.047075E+00,1.065224E+04,7.220574E+03,5.496990E-01,7.075632E-01,1.598595E+04,1.124562E+04,8.249448E-01,1.101988E+00,1.063523E+04,9.020719E+03,5.488211E-01,8.839423E-01,1.779420E+05,1.201969E+05,9.182592E+00,1.177826E+01,1.178123E+05,7.907565E+04,6.079598E+00,7.748814E+00,1.792676E+05,1.269611E+05,9.250999E+00,1.244120E+01,1.195142E+05,1.084777E+05,6.167427E+00,1.062974E+01,3.024988E+04,1.355103E+04,1.560635E+00,1.327950E+00,1.972860E+04,8.878084E+03,1.017824E+00,8.700288E-01,3.033713E+04,1.419850E+04,1.565137E+00,1.391412E+00,1.996177E+04,1.180053E+04,1.029854E+00,1.156389E+00
20:15:00,1.000926E+04,3.174036E+04,5.166198E-01,3.110144E+00,1.296040E+04,6.523185E+04,6.689403E-01,6.392176E+00,1.482685E+05,7.080032E+05,7.652757E+00,6.937825E+01,1.079935E+05,8.472644E+04,5.572172E+00,8.302816E+00,1.575271E+04,1.038998E+04,8.129044E-01,1.018135E+00,1.065257E+04,7.087051E+03,5.497131E-01,6.944801E-01,1.598644E+04,1.103939E+04,8.249660E-01,1.081780E+00,1.063555E+04,8.624884E+03,5.488351E-01,8.451599E-01,1.779469E+05,1.168611E+05,9.182808E+00,1.145144E+01,1.178156E+05,7.748131E+04,6.079743E+00,7.592593E+00,1.792725E+05,1.241894E+05,9.251215E+00,1.216961E+01,1.195175E+05,1.034514E+05,6.167571E+00,1.013727E+01,3.025845E+04,1.312956E+04,1.561074E+00,1.286655E+00,1.973406E+04,8.662540E+03,1.018104E+00,8.489076E-01,3.034566E+04,1.383366E+04,1.565574E+00,1.355663E+00,1.996722E+04,1.123955E+04,1.030133E+00,1.101424E+00
20:30:00,1.000938E+04,3.158921E+04,5.166258E-01,3.095332E+00,1.296099E+04,6.490083E+04,6.689710E-01,6.359741E+00,1.482754E+05,7.042137E+05,7.653115E+00,6.900692E+01,1.081684E+05,8.313146E+04,5.581186E+00,8.146556E+00,1.575305E+04,1.016591E+04,8.129208E-01,9.961828E-01,1.065279E+04,6.969420E+03,5.497240E-01,6.829542E-01,1.598678E+04,1.085660E+04,8.249823E-01,1.063870E+00,1.063578E+04,8.336948E+03,5.488461E-01,8.169502E-01,1.779505E+05,1.141632E+05,9.182983E+00,1.118711E+01,1.178179E+05,7.604903E+04,6.079861E+00,7.452251E+00,1.792760E+05,1.216896E+05,9.251390E+00,1.192468E+01,1.195199E+05,9.951830E+04,6.167689E+00,9.751917E+00,3.026592E+04,1.277597E+04,1.561461E+00,1.252011E+00,1.973882E+04,8.465758E+03,1.018351E+00,8.296249E-01,3.035309E+04,1.349985E+04,1.565960E+00,1.322953E+00,1.997198E+04,1.079171E+04,1.030380E+00,1.057544E+00
20:45:00,1.000950E+04,3.143745E+04,5.166319E-01,3.080462E+00,1.296155E+04,6.461634E+04,6.690000E-01,6.331866E+00,1.482820E+05,7.008948E+05,7.653456E+00,6.868172E+01,1.083319E+05,8.166045E+04,5.589614E+00,8.002440E+00,1.575331E+04,9.982530E+03,8.129339E-01,9.782166E-01,1.065297E+04,6.863085E+03,5.497328E-01,6.725350E-01,1.598704E+04,1.069034E+04,8.249955E-01,1.047579E+00,1.063595E+04,8.111267E+03,5.488549E-01,7.948393E-01,1.779533E+05,1.118385E+05,9.183130E+00,1.095935E+01,1.178198E+05,7.474086E+04,6.079959E+00,7.324069E+00,1.792789E+05,1.193921E+05,9.251536E+00,1.169955E+01,1.195218E+05,9.624358E+04,6.167787E+00,9.431060E+00,3.027260E+04,1.246331E+04,1.561806E+00,1.221375E+00,1.974308E+04,8.283183E+03,1.018571E+00,8.117343E-01,3.035974E+04,1.318982E+04,1.566303E+00,1.292572E+00,1.997624E+04,1.041202E+04,1.030600E+00,1.020341E+00
21:00:00,1.000962E+04,3.128622E+04,5.166382E-01,3.065643E+00,1.296207E+04,6.436518E+04,6.690264E-01,6.307256E+00,1.482881E+05,6.979147E+05,7.653768E+00,6.838973E+01,1.084821E+05,8.028115E+04,5.597361E+00,7.867298E+00,1.575352E+04,9.826256E+03,8.129445E-01,9.629053E-01,1.065311E+04,6.765306E+03,5.497399E-01,6.629540E-01,1.598725E+04,1.053672E+04,8.250060E-01,1.032526E+00,1.063609E+04,7.925824E+03,5.488619E-01,7.766700E-01,1.779557E+05,1.097864E+05,9.183251E+00,1.075828E+01,1.178214E+05,7.352693E+04,6.080040E+00,7.205119E+00,1.792813E+05,1.172616E+05,9.251657E+00,1.149079E+01,1.195234E+05,9.342381E+04,6.167868E+00,9.154772E+00,3.027848E+04,1.217995E+04,1.562109E+00,1.193610E+00,1.974683E+04,8.111701E+03,1.018764E+00,7.949303E-01,3.036558E+04,1.289878E+04,1.566604E+00,1.264052E+00,1.997999E+04,1.007927E+04,1.030793E+00,9.877358E-01
21:15:00,1.000974E+04,3.113626E+04,5.166446E-01,3.050949E+00,1.296256E+04,6.413774E+04,6.690519E-01,6.284970E+00,1.482940E+05,6.951787E+05,7.654071E+00,6.812164E+01,1.086254E+05,7.746112E+04,5.604754E+00,7.590957E+00,1.575370E+04,9.686853E+03,8.129534E-01,9.492464E-01,1.065322E+04,6.672855E+03,5.497458E-01,6.538949E-01,1.598743E+04,1.039105E+04,8.250150E-01,1.018252E+00,1.063621E+04,7.765930E+03,5.488679E-01,7.610033E-01,1.779578E+05,1.079167E+05,9.183357E+00,1.057507E+01,1.178228E+05,7.237939E+04,6.080111E+00,7.092675E+00,1.792834E+05,1.152487E+05,9.251763E+00,1.129354E+01,1.195248E+05,9.091868E+04,6.167938E+00,8.909306E+00,3.028389E+04,1.191540E+04,1.562387E+00,1.167686E+00,1.975027E+04,7.947129E+03,1.018941E+00,7.788034E-01,3.037096E+04,1.261991E+04,1.566881E+00,1.236725E+00,1.998344E+04,9.778153E+03,1.030970E+00,9.582299E-01
21:30:00,1.000987E+04,3.098812E+04,5.166510E-01,3.036434E+00,1.296302E+04,6.392762E+04,6.690757E-01,6.264382E+00,1.482995E+05,6.926256E+05,7.654357E+00,6.787147E+01,1.087593E+05,7.456676E+04,5.611665E+00,7.307303E+00,1.575385E+04,9.559016E+03,8.129610E-01,9.367204E-01,1.065332E+04,6.584417E+03,5.497508E-01,6.452291E-01,1.598758E+04,1.025147E+04,8.250226E-01,1.004575E+00,1.063631E+04,7.623212E+03,5.488729E-01,7.470193E-01,1.779596E+05,1.061814E+05,9.183449E+00,1.040504E+01,1.178241E+05,7.128389E+04,6.080173E+00,6.985327E+00,1.792852E+05,1.133284E+05,9.251855E+00,1.110538E+01,1.195260E+05,8.864562E+04,6.168000E+00,8.686577E+00,3.028878E+04,1.166354E+04,1.562640E+00,1.143006E+00,1.975340E+04,7.787230E+03,1.019102E+00,7.631344E-01,3.037582E+04,1.234980E+04,1.567131E+00,1.210256E+00,1.998656E+04,9.499608E+03,1.031131E+00,9.309350E-01
21:45:00,1.000999E+04,3.084215E+04,5.166574E-01,3.022131E+00,1.296345E+04,6.373026E+04,6.690980E-01,6.245044E+00,1.483047E+05,6.902118E+05,7.654627E+00,6.763496E+01,1.088849E+05,7.167702E+04,5.618145E+00,7.024101E+00,1.575398E+04,9.439318E+03,8.129676E-01,9.249916E-01,1.065341E+04,6.499127E+03,5.497553E-01,6.368717E-01,1.598771E+04,1.011674E+04,8.250292E-01,9.913728E-01,1.063640E+04,7.492331E+03,5.488773E-01,7.341948E-01,1.779613E+05,1.045490E+05,9.183533E+00,1.024508E+01,1.178251E+05,7.023071E+04,6.080228E+00,6.882128E+00,1.792868E+05,1.114905E+05,9.251938E+00,1.092529E+01,1.195271E+05,8.654851E+04,6.168055E+00,8.481088E+00,3.029324E+04,1.142080E+04,1.562870E+00,1.119218E+00,1.975624E+04,7.630842E+03,1.019249E+00,7.478091E-01,3.038025E+04,1.208665E+04,1.567360E+00,1.184469E+00,1.998939E+04,9.238191E+03,1.031278E+00,9.053183E-01
22:00:00,1.001011E+04,3.069857E+04,5.166638E-01,3.008061E+00,1.296389E+04,6.354248E+04,6.691204E-01,6.226645E+00,1.483100E+05,6.879076E+05,7.654899E+00,6.740918E+01,1.090075E+05,6.879240E+04,5.624471E+00,6.741408E+00,1.575410E+04,9.325476E+03,8.129738E-01,9.138365E-01,1.065349E+04,6.416378E+03,5.497594E-01,6.287631E-01,1.598783E+04,9.985989E+03,8.250355E-01,9.785608E-01,1.063648E+04,7.369820E+03,5.488815E-01,7.221904E-01,1.779628E+05,1.029974E+05,9.183612E+00,1.009304E+01,1.178262E+05,6.921325E+04,6.080281E+00,6.782428E+00,1.792884E+05,1.097208E+05,9.252018E+00,1.075188E+01,1.195281E+05,8.459260E+04,6.168108E+00,8.289433E+00,3.029752E+04,1.118517E+04,1.563091E+00,1.096128E+00,1.975897E+04,7.477433E+03,1.019390E+00,7.327759E-01,3.038451E+04,1.182959E+04,1.567579E+00,1.159278E+00,1.999212E+04,8.990411E+03,1.031419E+00,8.810376E-01
22:15:00,1.001024E+04,2.297023E+04,5.166702E-01,2.250785E+00,1.296430E+04,4.758731E+04,6.691418E-01,4.663168E+00,1.483150E+05,5.150761E+05,7.655159E+00,5.047315E+01,1.091229E+05,5.103192E+04,5.630424E+00,5.000932E+00,1.575421E+04,6.951915E+03,8.129796E-01,6.812431E-01,1.065356E+04,4.781455E+03,5.497632E-01,4.685515E-01,1.598794E+04,7.440774E+03,8.250412E-01,7.291468E-01,1.063655E+04,5.482132E+03,5.488852E-01,5.372105E-01,1.779642E+05,7.667264E+04,9.183685E+00,7.513399E+00,1.178271E+05,5.153113E+04,6.080329E+00,5.049701E+00,1.792898E+05,8.163239E+04,9.252091E+00,7.999407E+00,1.195290E+05,6.272170E+04,6.168157E+00,6.146254E+00,3.030149E+04,8.300817E+03,1.563295E+00,8.134667E-01,1.976150E+04,5.550607E+03,1.019520E+00,5.439503E-01,3.038845E+04,8.775979E+03,1.567783E+00,8.600303E-01,1.999465E+04,6.650755E+03,1.031549E+00,6.517577E-01
22:30:00,1.001036E+04,1.527811E+04,5.166765E-01,1.497056E+00,1.296472E+04,3.167974E+04,6.691632E-01,3.104356E+00,1.483201E+05,3.428292E+05,7.655420E+00,3.359439E+01,1.092351E+05,3.369731E+04,5.636213E+00,3.302211E+00,1.575432E+04,4.607212E+03,8.129850E-01,4.514774E-01,1.065363E+04,3.167441E+03,5.497668E-01,3.103887E-01,1.598805E+04,4.928605E+03,8.250467E-01,4.829709E-01,1.063662E+04,3.625627E+03,5.488889E-01,3.552862E-01,1.779656E+05,5.074257E+04,9.183756E+00,4.972430E+00,1.178280E+05,3.410676E+04,6.080376E+00,3.342233E+00,1.792912E+05,5.399373E+04,9.252162E+00,5.291012E+00,1.195299E+05,4.135161E+04,6.168204E+00,4.052148E+00,3.030531E+04,5.476369E+03,1.563493E+00,5.366756E-01,1.976394E+04,3.662675E+03,1.019646E+00,3.589362E-01,3.039225E+04,5.787658E+03,1.567979E+00,5.671804E-01,1.999709E+04,4.374569E+03,1.031675E+00,4.286973E-01
22:45:00,1.001048E+04,7.621578E+03,5.166829E-01,7.468159E-01,1.296514E+04,1.581782E+04,6.691849E-01,1.550017E+00,1.483252E+05,1.711436E+05,7.655684E+00,1.677064E+01,1.093443E+05,1.669159E+04,5.641849E+00,1.635718E+00,1.575442E+04,2.290201E+03,8.129904E-01,2.244252E-01,1.065370E+04,1.573780E+03,5.497703E-01,1.542203E-01,1.598815E+04,2.448600E+03,8.250521E-01,2.399468E-01,1.063669E+04,1.798660E+03,5.488924E-01,1.762562E-01,1.779669E+05,2.518981E+04,9.183826E+00,2.468433E+00,1.178289E+05,1.693208E+04,6.080422E+00,1.659230E+00,1.792925E+05,2.678779E+04,9.252231E+00,2.625019E+00,1.195308E+05,2.045359E+04,6.168249E+00,2.004300E+00,3.030903E+04,2.710064E+03,1.563685E+00,2.655821E-01,1.976631E+04,1.812806E+03,1.019768E+00,1.776521E-01,3.039595E+04,2.862968E+03,1.568170E+00,2.805659E-01,1.999946E+04,2.158614E+03,1.031797E+00,2.115391E-01
23:00:00,1.001061E+04,0.000000E+00,5.166892E-01,0.000000E+00,1.296555E+04,0.000000E+00,6.692064E-01,0.000000E+00,1.483303E+05,0.000000E+00,7.655947E+00,0.000000E+00,1.094498E+05,0.000000E+00,5.647290E+00,0.000000E+00,1.575452E+04,0.000000E+00,8.129956E-01,0.000000E+00,1.065377E+04,0.000000E+00,5.497737E-01,0.000000E+00,1.598825E+04,0.000000E+00,8.250572E-01,0.000000E+00,1.063676E+04,0.000000E+00,5.488958E-01,0.000000E+00,1.779682E+05,0.000000E+00,9.183893E+00,0.000000E+00,1.178297E+05,0.000000E+00,6.080466E+00,0.000000E+00,1.792938E+05,0.000000E+00,9.252298E+00,0.000000E+00,1.195317E+05,0.000000E+00,6.168293E+00,0.000000E+00,3.031263E+04,0.000000E+00,1.563871E+00,0.000000E+00,1.976861E+04,0.000000E+00,1.019887E+00,0.000000E+00,3.039953E+04,0.000000E+00,1.568354E+00,0.000000E+00,2.000176E+04,0.000000E+00,1.031916E+00,0.000000E+00
23:15:00,1.001073E+04,0.000000E+00,5.166954E-01,0.000000E+00,1.296597E+04,0.000000E+00,6.692278E-01,0.000000E+00,1.483354E+05,0.000000E+00,7.656208E+00,0.000000E+00,1.095514E+05,0.000000E+00,5.652535E+00,0.000000E+00,1.575462E+04,0.000000E+00,8.130006E-01,0.000000E+00,1.065383E+04,0.000000E+00,5.497770E-01,0.000000E+00,1.598835E+04,0.000000E+00,8.250623E-01,0.000000E+00,1.063682E+04,0.000000E+00,5.488991E-01,0.000000E+00,1.779695E+05,0.000000E+00,9.183958E+00,0.000000E+00,1.178306E+05,0.000000E+00,6.080509E+00,0.000000E+00,1.792950E+05,0.000000E+00,9.252363E+00,0.000000E+00,1.195325E+05,0.000000E+00,6.168336E+00,0.000000E+00,3.031612E+04,0.000000E+00,1.564050E+00,0.000000E+00,1.977083E+04,0.000000E+00,1.020002E+00,0.000000E+00,3.040299E+04,0.000000E+00,1.568533E+00,0.000000E+00,2.000398E+04,0.000000E+00,1.032030E+00,0.000000E+00
23:30:00,1.001085E+04,0.000000E+00,5.167016E-01,0.000000E+00,1.296638E+04,0.000000E+00,6.692490E-01,0.000000E+00,1.483404E+05,0.000000E+00,7.656467E+00,0.000000E+00,1.096494E+05,0.000000E+00,5.657589E+00,0.000000E+00,1.575471E+04,0.000000E+00,8.130055E-01,0.000000E+00,1.065389E+04,0.000000E+00,5.497803E-01,0.000000E+00,1.598844E+04,0.000000E+00,8.250672E-01,0.000000E+00,1.063688E+04,0.000000E+00,5.489023E-01,0.000000E+00,1.779707E+05,0.000000E+00,9.184021E+00,0.000000E+00,1.178314E+05,0.000000E+00,6.080551E+00,0.000000E+00,1.792963E+05,0.000000E+00,9.252426E+00,0.000000E+00,1.195333E+05,0.000000E+00,6.168378E+00,0.000000E+00,3.031949E+04,0.000000E+00,1.564224E+00,0.000000E+00,1.977298E+04,0.000000E+00,1.020113E+00,0.000000E+00,3.040634E+04,0.000000E+00,1.568706E+00,0.000000E+00,2.000612E+04,0.000000E+00,1.032141E+00,0.000000E+00
23:45:00,1.001096E+04,0.000000E+00,5.167077E-01,0.000000E+00,1.296678E+04,0.000000E+00,6.692699E-01,0.000000E+00,1.483453E+05,0.000000E+00,7.656723E+00,0.000000E+00,1.097437E+05,0.000000E+00,5.662459E+00,0.000000E+00,1.575480E+04,0.000000E+00,8.130102E-01,0.000000E+00,1.065396E+04,0.000000E+00,5.497834E-01,0.000000E+00,1.598853E+04,0.000000E+00,8.250719E-01,0.000000E+00,1.063694E+04,0.000000E+00,5.489054E-01,0.000000E+00,1.779719E+05,0.000000E+00,9.184082E+00,0.000000E+00,1.178322E+05,0.000000E+00,6.080591E+00,0.000000E+00,1.792975E+05,0.000000E+00,9.252487E+00,0.000000E+00,1.195341E+05,0.000000E+00,6.168418E+00,0.000000E+00,3.032275E+04,0.000000E+00,1.564392E+00,0.000000E+00,1.977506E+04,0.000000E+00,1.020220E+00,0.000000E+00,3.040958E+04,0.000000E+00,1.568873E+00,0.000000E+00,2.000820E+04,0.000000E+00,1.032248E+00,0.000000E+00
24:00:00,1.001108E+04,0.000000E+00,5.167138E-01,0.000000E+00,1.296719E+04,0.000000E+00,6.692907E-01,0.000000E+00,1.483503E+05,0.000000E+00,7.656977E+00,0.000000E+00,1.098347E+05,0.000000E+00,5.667153E+00,0.000000E+00,1.575490E+04,0.000000E+00,8.130149E-01,0.000000E+00,1.065401E+04,0.000000E+00,5.497864E-01,0.000000E+00,1.598863E+04,0.000000E+00,8.250766E-01,0.000000E+00,1.063700E+04,0.000000E+00,5.489085E-01,0.000000E+00,1.779731E+05,0.000000E+00,9.184142E+00,0.000000E+00,1.178329E+05,0.000000E+00,6.080630E+00,0.000000E+00,1.792986E+05,0.000000E+00,9.252547E+00,0.000000E+00,1.195349E+05,0.000000E+00,6.168457E+00,0.000000E+00,3.032590E+04,0.000000E+00,1.564555E+00,0.000000E+00,1.977707E+04,0.000000E+00,1.020324E+00,0.000000E+00,3.041272E+04,0.000000E+00,1.569035E+00,0.000000E+00,2.001021E+04,0.000000E+00,1.032352E+00,0.000000E+00
Peak,1.001108E+04,4.986118E+04,5.167138E-01,4.627522E+00,1.296719E+04,1.161999E+05,6.692907E-01,1.016694E+01,1.483503E+05,1.278926E+06,7.656977E+00,1.134769E+02,1.112333E+05,1.891217E+05,5.739321E+00,1.853356E+01,1.575490E+04,1.949235E+04,8.130149E-01,1.744287E+00,1.065401E+04,2.081942E+04,5.497864E-01,1.889456E+00,1.598863E+04,2.451626E+04,8.250766E-01,2.402390E+00,1.063700E+04,2.045560E+04,5.489085E-01,2.004471E+00,1.779731E+05,2.270342E+05,9.184142E+00,2.032784E+01,1.178329E+05,2.259348E+05,6.080630E+00,2.050131E+01,1.792986E+05,2.741758E+05,9.252547E+00,2.686689E+01,1.195349E+05,2.262387E+05,6.168457E+00,2.216939E+01,3.037549E+04,2.092579E+04,1.567114E+00,1.875000E+00,1.980873E+04,2.174665E+04,1.021957E+00,2.131087E+00,3.046201E+04,2.842654E+04,1.571578E+00,2.785704E+00,2.004183E+04,2.383978E+04,1.033984E+00,2.336205E+00

Peak Vol Flow (m3/s),,,4.394256E-01,3.935353E+00,,,5.691806E-01,8.646209E+00,,,6.511673E+00,9.650339E+01,,,4.880853E+00,1.576138E+01,,,6.914070E-01,1.483383E+00,,,4.675513E-01,1.606838E+00,,,7.016645E-01,2.043049E+00,,,4.668047E-01,1.704649E+00,,,7.810411E+00,1.728728E+01,,,5.171111E+00,1.743479E+01,,,7.868584E+00,2.284824E+01,,,5.245801E+00,1.885337E+01,,,1.332710E+00,1.594544E+00,,,8.690965E-01,1.812327E+00,,,1.336507E+00,2.369028E+00,,,8.793240E-01,1.986763E+00
